ISO-10303-21;
HEADER;
/*Generated by software containing ST-Developer
 * from STEP Tools, Inc. (www.steptools.com) 
 */
/*OPTION: using custom renumber hook */
/*description */
/*implementation_level */
FILE_DESCRIPTION(('STEP AP242 Edition 2','STEP AP242 Edition 2''CAx-IF Rec.Pracs.---Representation and Presentation of Product Manufa
cturing Information (PMI)---4.0---2014-10-13','STEP AP242 Edition 2''CAx-IF Rec.Pracs.---Representation and Presentation of Product Manufa
cturing Information (PMI)---4.0---2014-10-13''CAx-IF Rec.Pracs.---3D Tessellated Geometry---0.4---2014-09-14','STEP AP242 Edition 2''CAx-IF Rec.Pracs.---Representation and Presentation of Product Manufa
cturing Information (PMI)---4.0---2014-10-13''CAx-IF Rec.Pracs.---3D Tessellated Geometry---0.4---2014-09-14''2;1','STEP AP242 Edition 2''CAx-IF Rec.Pracs.---Representation and Presentation of Product Manufa
cturing Information (PMI)---4.0---2014-10-13''CAx-IF Rec.Pracs.---3D Tessellated Geometry---0.4---2014-09-14''2;1''CAx-IF Rec.Pracs.---User Defined Attributes---1.5---2016-08-15'),'2;1');
/*name */
/*time_stamp */
/*author */
/*organization */
/*preprocessor_version */
/*originating_system */
/*authorisation */
FILE_NAME('/vol/tmp/translate-7010558260540605013/Part Studio 1 - Part 1.step','2026-03-16T20:27:16',(''),(''),'ST-DEVELOPER v20','ONSHAPE BY PTC INC, 1.212','  ');
FILE_SCHEMA(('AP242_MANAGED_MODEL_BASED_3D_ENGINEERING_MIM_LF { 1 0 10303 442 3 1 4 }'));
ENDSEC;
DATA;
#10=SHAPE_REPRESENTATION_RELATIONSHIP('','',#1944,#11);
#11=ADVANCED_BREP_SHAPE_REPRESENTATION('',(#1942),#3326);
#12=CONICAL_SURFACE('',#2156,0.003,0.463647609000805);
#13=CONICAL_SURFACE('',#2159,0.003,0.463647609000805);
#14=CONICAL_SURFACE('',#2162,0.003,0.463647609000805);
#15=CONICAL_SURFACE('',#2165,0.003,0.463647609000805);
#16=TOROIDAL_SURFACE('',#2108,0.0015,0.001);
#17=TOROIDAL_SURFACE('',#2115,0.0015,0.001);
#18=TOROIDAL_SURFACE('',#2117,0.0015,0.001);
#19=TOROIDAL_SURFACE('',#2123,0.0015,0.001);
#20=TOROIDAL_SURFACE('',#2124,0.0015,0.001);
#21=TOROIDAL_SURFACE('',#2131,0.0015,0.001);
#22=TOROIDAL_SURFACE('',#2133,0.0015,0.001);
#23=TOROIDAL_SURFACE('',#2139,0.0015,0.001);
#24=TOROIDAL_SURFACE('',#2140,0.0015,0.001);
#25=TOROIDAL_SURFACE('',#2147,0.0015,0.001);
#26=TOROIDAL_SURFACE('',#2149,0.0015,0.001);
#27=TOROIDAL_SURFACE('',#2155,0.0015,0.001);
#28=ELLIPSE('',#2101,0.00141421356237309,0.001);
#29=ELLIPSE('',#2102,0.00141421356237309,0.001);
#30=ELLIPSE('',#2104,0.00141421356237309,0.001);
#31=ELLIPSE('',#2106,0.00141421356237309,0.001);
#32=SPHERICAL_SURFACE('',#2059,0.005);
#33=SPHERICAL_SURFACE('',#2062,0.005);
#34=SPHERICAL_SURFACE('',#2079,0.005);
#35=SPHERICAL_SURFACE('',#2081,0.005);
#36=SPHERICAL_SURFACE('',#2083,0.005);
#37=SPHERICAL_SURFACE('',#2085,0.005);
#38=SPHERICAL_SURFACE('',#2095,0.005);
#39=SPHERICAL_SURFACE('',#2097,0.005);
#40=CYLINDRICAL_SURFACE('',#1976,0.0016);
#41=CYLINDRICAL_SURFACE('',#1977,0.0016);
#42=CYLINDRICAL_SURFACE('',#1978,0.0016);
#43=CYLINDRICAL_SURFACE('',#1979,0.0016);
#44=CYLINDRICAL_SURFACE('',#1980,0.0005);
#45=CYLINDRICAL_SURFACE('',#1984,0.0005);
#46=CYLINDRICAL_SURFACE('',#1988,0.0005);
#47=CYLINDRICAL_SURFACE('',#1992,0.0005);
#48=CYLINDRICAL_SURFACE('',#1995,0.0005);
#49=CYLINDRICAL_SURFACE('',#1999,0.0005);
#50=CYLINDRICAL_SURFACE('',#2003,0.0005);
#51=CYLINDRICAL_SURFACE('',#2007,0.0005);
#52=CYLINDRICAL_SURFACE('',#2010,0.0005);
#53=CYLINDRICAL_SURFACE('',#2014,0.0005);
#54=CYLINDRICAL_SURFACE('',#2018,0.0005);
#55=CYLINDRICAL_SURFACE('',#2022,0.0005);
#56=CYLINDRICAL_SURFACE('',#2056,0.005);
#57=CYLINDRICAL_SURFACE('',#2065,0.005);
#58=CYLINDRICAL_SURFACE('',#2067,0.005);
#59=CYLINDRICAL_SURFACE('',#2069,0.005);
#60=CYLINDRICAL_SURFACE('',#2072,0.005);
#61=CYLINDRICAL_SURFACE('',#2074,0.005);
#62=CYLINDRICAL_SURFACE('',#2076,0.005);
#63=CYLINDRICAL_SURFACE('',#2087,0.005);
#64=CYLINDRICAL_SURFACE('',#2089,0.005);
#65=CYLINDRICAL_SURFACE('',#2091,0.005);
#66=CYLINDRICAL_SURFACE('',#2093,0.005);
#67=CYLINDRICAL_SURFACE('',#2099,0.005);
#68=CYLINDRICAL_SURFACE('',#2100,0.001);
#69=CYLINDRICAL_SURFACE('',#2103,0.001);
#70=CYLINDRICAL_SURFACE('',#2105,0.001);
#71=CYLINDRICAL_SURFACE('',#2107,0.001);
#72=CYLINDRICAL_SURFACE('',#2111,0.001);
#73=CYLINDRICAL_SURFACE('',#2113,0.001);
#74=CYLINDRICAL_SURFACE('',#2119,0.001);
#75=CYLINDRICAL_SURFACE('',#2121,0.001);
#76=CYLINDRICAL_SURFACE('',#2127,0.001);
#77=CYLINDRICAL_SURFACE('',#2129,0.001);
#78=CYLINDRICAL_SURFACE('',#2135,0.001);
#79=CYLINDRICAL_SURFACE('',#2137,0.001);
#80=CYLINDRICAL_SURFACE('',#2143,0.001);
#81=CYLINDRICAL_SURFACE('',#2145,0.001);
#82=CYLINDRICAL_SURFACE('',#2151,0.001);
#83=CYLINDRICAL_SURFACE('',#2153,0.001);
#84=CIRCLE('',#1949,0.0016);
#85=CIRCLE('',#1950,0.0016);
#86=CIRCLE('',#1951,0.0016);
#87=CIRCLE('',#1952,0.0016);
#88=CIRCLE('',#1954,0.0016);
#89=CIRCLE('',#1955,0.0016);
#90=CIRCLE('',#1956,0.0016);
#91=CIRCLE('',#1957,0.0016);
#92=CIRCLE('',#1965,0.003);
#93=CIRCLE('',#1966,0.003);
#94=CIRCLE('',#1967,0.003);
#95=CIRCLE('',#1968,0.003);
#96=CIRCLE('',#1981,0.0005);
#97=CIRCLE('',#1982,0.0005);
#98=CIRCLE('',#1985,0.0005);
#99=CIRCLE('',#1986,0.0005);
#100=CIRCLE('',#1989,0.0005);
#101=CIRCLE('',#1990,0.0005);
#102=CIRCLE('',#1993,0.0005);
#103=CIRCLE('',#1994,0.0005);
#104=CIRCLE('',#1996,0.0005);
#105=CIRCLE('',#1997,0.0005);
#106=CIRCLE('',#2000,0.0005);
#107=CIRCLE('',#2001,0.0005);
#108=CIRCLE('',#2004,0.0005);
#109=CIRCLE('',#2005,0.0005);
#110=CIRCLE('',#2008,0.0005);
#111=CIRCLE('',#2009,0.0005);
#112=CIRCLE('',#2011,0.0005);
#113=CIRCLE('',#2012,0.0005);
#114=CIRCLE('',#2015,0.0005);
#115=CIRCLE('',#2016,0.0005);
#116=CIRCLE('',#2019,0.0005);
#117=CIRCLE('',#2020,0.0005);
#118=CIRCLE('',#2023,0.0005);
#119=CIRCLE('',#2024,0.0005);
#120=CIRCLE('',#2029,0.0015);
#121=CIRCLE('',#2030,0.0015);
#122=CIRCLE('',#2031,0.0015);
#123=CIRCLE('',#2032,0.0015);
#124=CIRCLE('',#2033,0.0015);
#125=CIRCLE('',#2034,0.0015);
#126=CIRCLE('',#2035,0.0015);
#127=CIRCLE('',#2036,0.0015);
#128=CIRCLE('',#2037,0.0015);
#129=CIRCLE('',#2038,0.0015);
#130=CIRCLE('',#2039,0.0015);
#131=CIRCLE('',#2040,0.0015);
#132=CIRCLE('',#2043,0.005);
#133=CIRCLE('',#2045,0.005);
#134=CIRCLE('',#2057,0.005);
#135=CIRCLE('',#2058,0.005);
#136=CIRCLE('',#2060,0.005);
#137=CIRCLE('',#2061,0.005);
#138=CIRCLE('',#2063,0.005);
#139=CIRCLE('',#2064,0.005);
#140=CIRCLE('',#2066,0.005);
#141=CIRCLE('',#2068,0.005);
#142=CIRCLE('',#2070,0.005);
#143=CIRCLE('',#2071,0.005);
#144=CIRCLE('',#2073,0.005);
#145=CIRCLE('',#2075,0.005);
#146=CIRCLE('',#2077,0.005);
#147=CIRCLE('',#2078,0.005);
#148=CIRCLE('',#2080,0.005);
#149=CIRCLE('',#2082,0.005);
#150=CIRCLE('',#2084,0.005);
#151=CIRCLE('',#2086,0.005);
#152=CIRCLE('',#2088,0.005);
#153=CIRCLE('',#2090,0.005);
#154=CIRCLE('',#2092,0.005);
#155=CIRCLE('',#2094,0.005);
#156=CIRCLE('',#2096,0.005);
#157=CIRCLE('',#2098,0.005);
#158=CIRCLE('',#2109,0.001);
#159=CIRCLE('',#2110,0.001);
#160=CIRCLE('',#2112,0.001);
#161=CIRCLE('',#2114,0.001);
#162=CIRCLE('',#2116,0.001);
#163=CIRCLE('',#2118,0.001);
#164=CIRCLE('',#2120,0.001);
#165=CIRCLE('',#2122,0.001);
#166=CIRCLE('',#2125,0.001);
#167=CIRCLE('',#2126,0.001);
#168=CIRCLE('',#2128,0.001);
#169=CIRCLE('',#2130,0.001);
#170=CIRCLE('',#2132,0.001);
#171=CIRCLE('',#2134,0.001);
#172=CIRCLE('',#2136,0.001);
#173=CIRCLE('',#2138,0.001);
#174=CIRCLE('',#2141,0.001);
#175=CIRCLE('',#2142,0.001);
#176=CIRCLE('',#2144,0.001);
#177=CIRCLE('',#2146,0.001);
#178=CIRCLE('',#2148,0.001);
#179=CIRCLE('',#2150,0.001);
#180=CIRCLE('',#2152,0.001);
#181=CIRCLE('',#2154,0.001);
#182=CIRCLE('',#2157,0.002);
#183=CIRCLE('',#2160,0.002);
#184=CIRCLE('',#2163,0.002);
#185=CIRCLE('',#2166,0.002);
#186=ORIENTED_EDGE('',*,*,#720,.F.);
#187=ORIENTED_EDGE('',*,*,#721,.F.);
#188=ORIENTED_EDGE('',*,*,#722,.T.);
#189=ORIENTED_EDGE('',*,*,#723,.T.);
#190=ORIENTED_EDGE('',*,*,#724,.T.);
#191=ORIENTED_EDGE('',*,*,#725,.T.);
#192=ORIENTED_EDGE('',*,*,#726,.T.);
#193=ORIENTED_EDGE('',*,*,#727,.T.);
#194=ORIENTED_EDGE('',*,*,#728,.F.);
#195=ORIENTED_EDGE('',*,*,#729,.T.);
#196=ORIENTED_EDGE('',*,*,#730,.T.);
#197=ORIENTED_EDGE('',*,*,#731,.T.);
#198=ORIENTED_EDGE('',*,*,#732,.F.);
#199=ORIENTED_EDGE('',*,*,#733,.T.);
#200=ORIENTED_EDGE('',*,*,#734,.T.);
#201=ORIENTED_EDGE('',*,*,#735,.F.);
#202=ORIENTED_EDGE('',*,*,#736,.T.);
#203=ORIENTED_EDGE('',*,*,#737,.T.);
#204=ORIENTED_EDGE('',*,*,#738,.T.);
#205=ORIENTED_EDGE('',*,*,#739,.T.);
#206=ORIENTED_EDGE('',*,*,#740,.F.);
#207=ORIENTED_EDGE('',*,*,#741,.F.);
#208=ORIENTED_EDGE('',*,*,#742,.T.);
#209=ORIENTED_EDGE('',*,*,#743,.F.);
#210=ORIENTED_EDGE('',*,*,#744,.T.);
#211=ORIENTED_EDGE('',*,*,#745,.T.);
#212=ORIENTED_EDGE('',*,*,#746,.T.);
#213=ORIENTED_EDGE('',*,*,#747,.T.);
#214=ORIENTED_EDGE('',*,*,#748,.T.);
#215=ORIENTED_EDGE('',*,*,#749,.T.);
#216=ORIENTED_EDGE('',*,*,#750,.T.);
#217=ORIENTED_EDGE('',*,*,#751,.T.);
#218=ORIENTED_EDGE('',*,*,#752,.T.);
#219=ORIENTED_EDGE('',*,*,#753,.F.);
#220=ORIENTED_EDGE('',*,*,#754,.F.);
#221=ORIENTED_EDGE('',*,*,#755,.F.);
#222=ORIENTED_EDGE('',*,*,#756,.T.);
#223=ORIENTED_EDGE('',*,*,#757,.T.);
#224=ORIENTED_EDGE('',*,*,#758,.T.);
#225=ORIENTED_EDGE('',*,*,#759,.T.);
#226=ORIENTED_EDGE('',*,*,#760,.F.);
#227=ORIENTED_EDGE('',*,*,#761,.F.);
#228=ORIENTED_EDGE('',*,*,#762,.F.);
#229=ORIENTED_EDGE('',*,*,#763,.T.);
#230=ORIENTED_EDGE('',*,*,#764,.F.);
#231=ORIENTED_EDGE('',*,*,#765,.F.);
#232=ORIENTED_EDGE('',*,*,#766,.T.);
#233=ORIENTED_EDGE('',*,*,#767,.T.);
#234=ORIENTED_EDGE('',*,*,#768,.T.);
#235=ORIENTED_EDGE('',*,*,#735,.T.);
#236=ORIENTED_EDGE('',*,*,#769,.F.);
#237=ORIENTED_EDGE('',*,*,#721,.T.);
#238=ORIENTED_EDGE('',*,*,#734,.F.);
#239=ORIENTED_EDGE('',*,*,#770,.F.);
#240=ORIENTED_EDGE('',*,*,#722,.F.);
#241=ORIENTED_EDGE('',*,*,#769,.T.);
#242=ORIENTED_EDGE('',*,*,#733,.F.);
#243=ORIENTED_EDGE('',*,*,#771,.F.);
#244=ORIENTED_EDGE('',*,*,#723,.F.);
#245=ORIENTED_EDGE('',*,*,#770,.T.);
#246=ORIENTED_EDGE('',*,*,#771,.T.);
#247=ORIENTED_EDGE('',*,*,#732,.T.);
#248=ORIENTED_EDGE('',*,*,#768,.F.);
#249=ORIENTED_EDGE('',*,*,#720,.T.);
#250=ORIENTED_EDGE('',*,*,#772,.T.);
#251=ORIENTED_EDGE('',*,*,#773,.T.);
#252=ORIENTED_EDGE('',*,*,#774,.T.);
#253=ORIENTED_EDGE('',*,*,#775,.T.);
#254=ORIENTED_EDGE('',*,*,#776,.T.);
#255=ORIENTED_EDGE('',*,*,#777,.T.);
#256=ORIENTED_EDGE('',*,*,#778,.T.);
#257=ORIENTED_EDGE('',*,*,#779,.T.);
#258=ORIENTED_EDGE('',*,*,#780,.F.);
#259=ORIENTED_EDGE('',*,*,#781,.F.);
#260=ORIENTED_EDGE('',*,*,#782,.F.);
#261=ORIENTED_EDGE('',*,*,#783,.F.);
#262=ORIENTED_EDGE('',*,*,#784,.T.);
#263=ORIENTED_EDGE('',*,*,#785,.T.);
#264=ORIENTED_EDGE('',*,*,#786,.T.);
#265=ORIENTED_EDGE('',*,*,#787,.T.);
#266=ORIENTED_EDGE('',*,*,#788,.F.);
#267=ORIENTED_EDGE('',*,*,#789,.T.);
#268=ORIENTED_EDGE('',*,*,#790,.T.);
#269=ORIENTED_EDGE('',*,*,#751,.F.);
#270=ORIENTED_EDGE('',*,*,#791,.F.);
#271=ORIENTED_EDGE('',*,*,#792,.T.);
#272=ORIENTED_EDGE('',*,*,#788,.T.);
#273=ORIENTED_EDGE('',*,*,#754,.T.);
#274=ORIENTED_EDGE('',*,*,#793,.F.);
#275=ORIENTED_EDGE('',*,*,#794,.T.);
#276=ORIENTED_EDGE('',*,*,#791,.T.);
#277=ORIENTED_EDGE('',*,*,#753,.T.);
#278=ORIENTED_EDGE('',*,*,#790,.F.);
#279=ORIENTED_EDGE('',*,*,#795,.T.);
#280=ORIENTED_EDGE('',*,*,#793,.T.);
#281=ORIENTED_EDGE('',*,*,#752,.F.);
#282=ORIENTED_EDGE('',*,*,#796,.F.);
#283=ORIENTED_EDGE('',*,*,#766,.F.);
#284=ORIENTED_EDGE('',*,*,#797,.T.);
#285=ORIENTED_EDGE('',*,*,#741,.T.);
#286=ORIENTED_EDGE('',*,*,#798,.T.);
#287=ORIENTED_EDGE('',*,*,#739,.F.);
#288=ORIENTED_EDGE('',*,*,#799,.F.);
#289=ORIENTED_EDGE('',*,*,#764,.T.);
#290=ORIENTED_EDGE('',*,*,#800,.T.);
#291=ORIENTED_EDGE('',*,*,#801,.T.);
#292=ORIENTED_EDGE('',*,*,#802,.T.);
#293=ORIENTED_EDGE('',*,*,#803,.F.);
#294=ORIENTED_EDGE('',*,*,#804,.F.);
#295=ORIENTED_EDGE('',*,*,#805,.T.);
#296=ORIENTED_EDGE('',*,*,#806,.F.);
#297=ORIENTED_EDGE('',*,*,#807,.F.);
#298=ORIENTED_EDGE('',*,*,#808,.T.);
#299=ORIENTED_EDGE('',*,*,#809,.T.);
#300=ORIENTED_EDGE('',*,*,#810,.F.);
#301=ORIENTED_EDGE('',*,*,#742,.F.);
#302=ORIENTED_EDGE('',*,*,#797,.F.);
#303=ORIENTED_EDGE('',*,*,#765,.T.);
#304=ORIENTED_EDGE('',*,*,#799,.T.);
#305=ORIENTED_EDGE('',*,*,#738,.F.);
#306=ORIENTED_EDGE('',*,*,#762,.T.);
#307=ORIENTED_EDGE('',*,*,#750,.F.);
#308=ORIENTED_EDGE('',*,*,#761,.T.);
#309=ORIENTED_EDGE('',*,*,#749,.F.);
#310=ORIENTED_EDGE('',*,*,#767,.F.);
#311=ORIENTED_EDGE('',*,*,#755,.T.);
#312=ORIENTED_EDGE('',*,*,#760,.T.);
#313=ORIENTED_EDGE('',*,*,#748,.F.);
#314=ORIENTED_EDGE('',*,*,#811,.F.);
#315=ORIENTED_EDGE('',*,*,#812,.T.);
#316=ORIENTED_EDGE('',*,*,#813,.T.);
#317=ORIENTED_EDGE('',*,*,#814,.F.);
#318=ORIENTED_EDGE('',*,*,#815,.F.);
#319=ORIENTED_EDGE('',*,*,#816,.T.);
#320=ORIENTED_EDGE('',*,*,#811,.T.);
#321=ORIENTED_EDGE('',*,*,#817,.T.);
#322=ORIENTED_EDGE('',*,*,#818,.F.);
#323=ORIENTED_EDGE('',*,*,#819,.T.);
#324=ORIENTED_EDGE('',*,*,#815,.T.);
#325=ORIENTED_EDGE('',*,*,#820,.F.);
#326=ORIENTED_EDGE('',*,*,#821,.F.);
#327=ORIENTED_EDGE('',*,*,#822,.T.);
#328=ORIENTED_EDGE('',*,*,#818,.T.);
#329=ORIENTED_EDGE('',*,*,#823,.T.);
#330=ORIENTED_EDGE('',*,*,#824,.F.);
#331=ORIENTED_EDGE('',*,*,#825,.T.);
#332=ORIENTED_EDGE('',*,*,#821,.T.);
#333=ORIENTED_EDGE('',*,*,#826,.F.);
#334=ORIENTED_EDGE('',*,*,#827,.F.);
#335=ORIENTED_EDGE('',*,*,#828,.T.);
#336=ORIENTED_EDGE('',*,*,#824,.T.);
#337=ORIENTED_EDGE('',*,*,#829,.F.);
#338=ORIENTED_EDGE('',*,*,#830,.F.);
#339=ORIENTED_EDGE('',*,*,#831,.T.);
#340=ORIENTED_EDGE('',*,*,#827,.T.);
#341=ORIENTED_EDGE('',*,*,#832,.F.);
#342=ORIENTED_EDGE('',*,*,#833,.F.);
#343=ORIENTED_EDGE('',*,*,#834,.T.);
#344=ORIENTED_EDGE('',*,*,#835,.T.);
#345=ORIENTED_EDGE('',*,*,#836,.F.);
#346=ORIENTED_EDGE('',*,*,#837,.F.);
#347=ORIENTED_EDGE('',*,*,#838,.T.);
#348=ORIENTED_EDGE('',*,*,#833,.T.);
#349=ORIENTED_EDGE('',*,*,#839,.T.);
#350=ORIENTED_EDGE('',*,*,#840,.F.);
#351=ORIENTED_EDGE('',*,*,#841,.T.);
#352=ORIENTED_EDGE('',*,*,#837,.T.);
#353=ORIENTED_EDGE('',*,*,#842,.F.);
#354=ORIENTED_EDGE('',*,*,#843,.F.);
#355=ORIENTED_EDGE('',*,*,#844,.T.);
#356=ORIENTED_EDGE('',*,*,#840,.T.);
#357=ORIENTED_EDGE('',*,*,#845,.T.);
#358=ORIENTED_EDGE('',*,*,#846,.F.);
#359=ORIENTED_EDGE('',*,*,#847,.T.);
#360=ORIENTED_EDGE('',*,*,#843,.T.);
#361=ORIENTED_EDGE('',*,*,#848,.F.);
#362=ORIENTED_EDGE('',*,*,#849,.F.);
#363=ORIENTED_EDGE('',*,*,#850,.T.);
#364=ORIENTED_EDGE('',*,*,#846,.T.);
#365=ORIENTED_EDGE('',*,*,#851,.F.);
#366=ORIENTED_EDGE('',*,*,#852,.F.);
#367=ORIENTED_EDGE('',*,*,#853,.T.);
#368=ORIENTED_EDGE('',*,*,#849,.T.);
#369=ORIENTED_EDGE('',*,*,#854,.F.);
#370=ORIENTED_EDGE('',*,*,#855,.F.);
#371=ORIENTED_EDGE('',*,*,#856,.T.);
#372=ORIENTED_EDGE('',*,*,#857,.T.);
#373=ORIENTED_EDGE('',*,*,#858,.F.);
#374=ORIENTED_EDGE('',*,*,#859,.F.);
#375=ORIENTED_EDGE('',*,*,#860,.T.);
#376=ORIENTED_EDGE('',*,*,#855,.T.);
#377=ORIENTED_EDGE('',*,*,#861,.T.);
#378=ORIENTED_EDGE('',*,*,#862,.F.);
#379=ORIENTED_EDGE('',*,*,#863,.T.);
#380=ORIENTED_EDGE('',*,*,#859,.T.);
#381=ORIENTED_EDGE('',*,*,#864,.F.);
#382=ORIENTED_EDGE('',*,*,#865,.F.);
#383=ORIENTED_EDGE('',*,*,#866,.T.);
#384=ORIENTED_EDGE('',*,*,#862,.T.);
#385=ORIENTED_EDGE('',*,*,#867,.T.);
#386=ORIENTED_EDGE('',*,*,#868,.F.);
#387=ORIENTED_EDGE('',*,*,#869,.T.);
#388=ORIENTED_EDGE('',*,*,#865,.T.);
#389=ORIENTED_EDGE('',*,*,#870,.F.);
#390=ORIENTED_EDGE('',*,*,#871,.F.);
#391=ORIENTED_EDGE('',*,*,#872,.T.);
#392=ORIENTED_EDGE('',*,*,#868,.T.);
#393=ORIENTED_EDGE('',*,*,#873,.F.);
#394=ORIENTED_EDGE('',*,*,#874,.F.);
#395=ORIENTED_EDGE('',*,*,#875,.T.);
#396=ORIENTED_EDGE('',*,*,#871,.T.);
#397=ORIENTED_EDGE('',*,*,#876,.F.);
#398=ORIENTED_EDGE('',*,*,#813,.F.);
#399=ORIENTED_EDGE('',*,*,#877,.T.);
#400=ORIENTED_EDGE('',*,*,#830,.T.);
#401=ORIENTED_EDGE('',*,*,#878,.F.);
#402=ORIENTED_EDGE('',*,*,#835,.F.);
#403=ORIENTED_EDGE('',*,*,#879,.T.);
#404=ORIENTED_EDGE('',*,*,#852,.T.);
#405=ORIENTED_EDGE('',*,*,#880,.F.);
#406=ORIENTED_EDGE('',*,*,#857,.F.);
#407=ORIENTED_EDGE('',*,*,#881,.T.);
#408=ORIENTED_EDGE('',*,*,#874,.T.);
#409=ORIENTED_EDGE('',*,*,#882,.F.);
#410=ORIENTED_EDGE('',*,*,#883,.T.);
#411=ORIENTED_EDGE('',*,*,#884,.T.);
#412=ORIENTED_EDGE('',*,*,#885,.T.);
#413=ORIENTED_EDGE('',*,*,#886,.T.);
#414=ORIENTED_EDGE('',*,*,#887,.T.);
#415=ORIENTED_EDGE('',*,*,#888,.T.);
#416=ORIENTED_EDGE('',*,*,#889,.T.);
#417=ORIENTED_EDGE('',*,*,#890,.T.);
#418=ORIENTED_EDGE('',*,*,#891,.T.);
#419=ORIENTED_EDGE('',*,*,#892,.T.);
#420=ORIENTED_EDGE('',*,*,#893,.T.);
#421=ORIENTED_EDGE('',*,*,#894,.T.);
#422=ORIENTED_EDGE('',*,*,#895,.T.);
#423=ORIENTED_EDGE('',*,*,#896,.T.);
#424=ORIENTED_EDGE('',*,*,#897,.T.);
#425=ORIENTED_EDGE('',*,*,#898,.T.);
#426=ORIENTED_EDGE('',*,*,#899,.T.);
#427=ORIENTED_EDGE('',*,*,#900,.T.);
#428=ORIENTED_EDGE('',*,*,#901,.T.);
#429=ORIENTED_EDGE('',*,*,#902,.T.);
#430=ORIENTED_EDGE('',*,*,#903,.T.);
#431=ORIENTED_EDGE('',*,*,#904,.T.);
#432=ORIENTED_EDGE('',*,*,#905,.T.);
#433=ORIENTED_EDGE('',*,*,#906,.T.);
#434=ORIENTED_EDGE('',*,*,#907,.T.);
#435=ORIENTED_EDGE('',*,*,#908,.T.);
#436=ORIENTED_EDGE('',*,*,#909,.T.);
#437=ORIENTED_EDGE('',*,*,#910,.T.);
#438=ORIENTED_EDGE('',*,*,#763,.F.);
#439=ORIENTED_EDGE('',*,*,#796,.T.);
#440=ORIENTED_EDGE('',*,*,#740,.T.);
#441=ORIENTED_EDGE('',*,*,#798,.F.);
#442=ORIENTED_EDGE('',*,*,#858,.T.);
#443=ORIENTED_EDGE('',*,*,#882,.T.);
#444=ORIENTED_EDGE('',*,*,#876,.T.);
#445=ORIENTED_EDGE('',*,*,#873,.T.);
#446=ORIENTED_EDGE('',*,*,#870,.T.);
#447=ORIENTED_EDGE('',*,*,#867,.F.);
#448=ORIENTED_EDGE('',*,*,#864,.T.);
#449=ORIENTED_EDGE('',*,*,#861,.F.);
#450=ORIENTED_EDGE('',*,*,#836,.T.);
#451=ORIENTED_EDGE('',*,*,#880,.T.);
#452=ORIENTED_EDGE('',*,*,#854,.T.);
#453=ORIENTED_EDGE('',*,*,#851,.T.);
#454=ORIENTED_EDGE('',*,*,#848,.T.);
#455=ORIENTED_EDGE('',*,*,#845,.F.);
#456=ORIENTED_EDGE('',*,*,#842,.T.);
#457=ORIENTED_EDGE('',*,*,#839,.F.);
#458=ORIENTED_EDGE('',*,*,#814,.T.);
#459=ORIENTED_EDGE('',*,*,#878,.T.);
#460=ORIENTED_EDGE('',*,*,#832,.T.);
#461=ORIENTED_EDGE('',*,*,#829,.T.);
#462=ORIENTED_EDGE('',*,*,#826,.T.);
#463=ORIENTED_EDGE('',*,*,#823,.F.);
#464=ORIENTED_EDGE('',*,*,#820,.T.);
#465=ORIENTED_EDGE('',*,*,#817,.F.);
#466=ORIENTED_EDGE('',*,*,#726,.F.);
#467=ORIENTED_EDGE('',*,*,#911,.T.);
#468=ORIENTED_EDGE('',*,*,#808,.F.);
#469=ORIENTED_EDGE('',*,*,#737,.F.);
#470=ORIENTED_EDGE('',*,*,#912,.T.);
#471=ORIENTED_EDGE('',*,*,#810,.T.);
#472=ORIENTED_EDGE('',*,*,#913,.T.);
#473=ORIENTED_EDGE('',*,*,#728,.T.);
#474=ORIENTED_EDGE('',*,*,#914,.F.);
#475=ORIENTED_EDGE('',*,*,#743,.T.);
#476=ORIENTED_EDGE('',*,*,#914,.T.);
#477=ORIENTED_EDGE('',*,*,#727,.F.);
#478=ORIENTED_EDGE('',*,*,#912,.F.);
#479=ORIENTED_EDGE('',*,*,#736,.F.);
#480=ORIENTED_EDGE('',*,*,#800,.F.);
#481=ORIENTED_EDGE('',*,*,#915,.F.);
#482=ORIENTED_EDGE('',*,*,#916,.T.);
#483=ORIENTED_EDGE('',*,*,#917,.T.);
#484=ORIENTED_EDGE('',*,*,#807,.T.);
#485=ORIENTED_EDGE('',*,*,#918,.F.);
#486=ORIENTED_EDGE('',*,*,#919,.F.);
#487=ORIENTED_EDGE('',*,*,#915,.T.);
#488=ORIENTED_EDGE('',*,*,#806,.T.);
#489=ORIENTED_EDGE('',*,*,#920,.F.);
#490=ORIENTED_EDGE('',*,*,#921,.F.);
#491=ORIENTED_EDGE('',*,*,#918,.T.);
#492=ORIENTED_EDGE('',*,*,#805,.F.);
#493=ORIENTED_EDGE('',*,*,#922,.F.);
#494=ORIENTED_EDGE('',*,*,#923,.T.);
#495=ORIENTED_EDGE('',*,*,#920,.T.);
#496=ORIENTED_EDGE('',*,*,#804,.T.);
#497=ORIENTED_EDGE('',*,*,#924,.F.);
#498=ORIENTED_EDGE('',*,*,#925,.F.);
#499=ORIENTED_EDGE('',*,*,#922,.T.);
#500=ORIENTED_EDGE('',*,*,#803,.T.);
#501=ORIENTED_EDGE('',*,*,#926,.F.);
#502=ORIENTED_EDGE('',*,*,#927,.F.);
#503=ORIENTED_EDGE('',*,*,#924,.T.);
#504=ORIENTED_EDGE('',*,*,#802,.F.);
#505=ORIENTED_EDGE('',*,*,#928,.F.);
#506=ORIENTED_EDGE('',*,*,#929,.T.);
#507=ORIENTED_EDGE('',*,*,#926,.T.);
#508=ORIENTED_EDGE('',*,*,#801,.F.);
#509=ORIENTED_EDGE('',*,*,#917,.F.);
#510=ORIENTED_EDGE('',*,*,#930,.T.);
#511=ORIENTED_EDGE('',*,*,#928,.T.);
#512=ORIENTED_EDGE('',*,*,#916,.F.);
#513=ORIENTED_EDGE('',*,*,#919,.T.);
#514=ORIENTED_EDGE('',*,*,#921,.T.);
#515=ORIENTED_EDGE('',*,*,#923,.F.);
#516=ORIENTED_EDGE('',*,*,#925,.T.);
#517=ORIENTED_EDGE('',*,*,#927,.T.);
#518=ORIENTED_EDGE('',*,*,#929,.F.);
#519=ORIENTED_EDGE('',*,*,#930,.F.);
#520=ORIENTED_EDGE('',*,*,#931,.F.);
#521=ORIENTED_EDGE('',*,*,#778,.F.);
#522=ORIENTED_EDGE('',*,*,#932,.F.);
#523=ORIENTED_EDGE('',*,*,#724,.F.);
#524=ORIENTED_EDGE('',*,*,#933,.F.);
#525=ORIENTED_EDGE('',*,*,#931,.T.);
#526=ORIENTED_EDGE('',*,*,#934,.F.);
#527=ORIENTED_EDGE('',*,*,#935,.F.);
#528=ORIENTED_EDGE('',*,*,#932,.T.);
#529=ORIENTED_EDGE('',*,*,#936,.F.);
#530=ORIENTED_EDGE('',*,*,#934,.T.);
#531=ORIENTED_EDGE('',*,*,#731,.F.);
#532=ORIENTED_EDGE('',*,*,#937,.F.);
#533=ORIENTED_EDGE('',*,*,#908,.F.);
#534=ORIENTED_EDGE('',*,*,#933,.T.);
#535=ORIENTED_EDGE('',*,*,#907,.F.);
#536=ORIENTED_EDGE('',*,*,#938,.F.);
#537=ORIENTED_EDGE('',*,*,#779,.F.);
#538=ORIENTED_EDGE('',*,*,#939,.F.);
#539=ORIENTED_EDGE('',*,*,#776,.F.);
#540=ORIENTED_EDGE('',*,*,#940,.F.);
#541=ORIENTED_EDGE('',*,*,#746,.F.);
#542=ORIENTED_EDGE('',*,*,#936,.T.);
#543=ORIENTED_EDGE('',*,*,#777,.F.);
#544=ORIENTED_EDGE('',*,*,#941,.F.);
#545=ORIENTED_EDGE('',*,*,#786,.F.);
#546=ORIENTED_EDGE('',*,*,#935,.T.);
#547=ORIENTED_EDGE('',*,*,#785,.F.);
#548=ORIENTED_EDGE('',*,*,#942,.F.);
#549=ORIENTED_EDGE('',*,*,#729,.F.);
#550=ORIENTED_EDGE('',*,*,#913,.F.);
#551=ORIENTED_EDGE('',*,*,#809,.F.);
#552=ORIENTED_EDGE('',*,*,#911,.F.);
#553=ORIENTED_EDGE('',*,*,#725,.F.);
#554=ORIENTED_EDGE('',*,*,#943,.F.);
#555=ORIENTED_EDGE('',*,*,#730,.F.);
#556=ORIENTED_EDGE('',*,*,#944,.F.);
#557=ORIENTED_EDGE('',*,*,#772,.F.);
#558=ORIENTED_EDGE('',*,*,#937,.T.);
#559=ORIENTED_EDGE('',*,*,#943,.T.);
#560=ORIENTED_EDGE('',*,*,#945,.F.);
#561=ORIENTED_EDGE('',*,*,#940,.T.);
#562=ORIENTED_EDGE('',*,*,#938,.T.);
#563=ORIENTED_EDGE('',*,*,#946,.F.);
#564=ORIENTED_EDGE('',*,*,#941,.T.);
#565=ORIENTED_EDGE('',*,*,#939,.T.);
#566=ORIENTED_EDGE('',*,*,#947,.F.);
#567=ORIENTED_EDGE('',*,*,#944,.T.);
#568=ORIENTED_EDGE('',*,*,#942,.T.);
#569=ORIENTED_EDGE('',*,*,#948,.F.);
#570=ORIENTED_EDGE('',*,*,#945,.T.);
#571=ORIENTED_EDGE('',*,*,#775,.F.);
#572=ORIENTED_EDGE('',*,*,#949,.F.);
#573=ORIENTED_EDGE('',*,*,#909,.F.);
#574=ORIENTED_EDGE('',*,*,#946,.T.);
#575=ORIENTED_EDGE('',*,*,#910,.F.);
#576=ORIENTED_EDGE('',*,*,#950,.F.);
#577=ORIENTED_EDGE('',*,*,#747,.F.);
#578=ORIENTED_EDGE('',*,*,#947,.T.);
#579=ORIENTED_EDGE('',*,*,#745,.F.);
#580=ORIENTED_EDGE('',*,*,#951,.F.);
#581=ORIENTED_EDGE('',*,*,#787,.F.);
#582=ORIENTED_EDGE('',*,*,#948,.T.);
#583=ORIENTED_EDGE('',*,*,#784,.F.);
#584=ORIENTED_EDGE('',*,*,#952,.F.);
#585=ORIENTED_EDGE('',*,*,#773,.F.);
#586=ORIENTED_EDGE('',*,*,#950,.T.);
#587=ORIENTED_EDGE('',*,*,#949,.T.);
#588=ORIENTED_EDGE('',*,*,#953,.F.);
#589=ORIENTED_EDGE('',*,*,#952,.T.);
#590=ORIENTED_EDGE('',*,*,#951,.T.);
#591=ORIENTED_EDGE('',*,*,#954,.F.);
#592=ORIENTED_EDGE('',*,*,#953,.T.);
#593=ORIENTED_EDGE('',*,*,#774,.F.);
#594=ORIENTED_EDGE('',*,*,#954,.T.);
#595=ORIENTED_EDGE('',*,*,#744,.F.);
#596=ORIENTED_EDGE('',*,*,#955,.F.);
#597=ORIENTED_EDGE('',*,*,#759,.F.);
#598=ORIENTED_EDGE('',*,*,#956,.F.);
#599=ORIENTED_EDGE('',*,*,#795,.F.);
#600=ORIENTED_EDGE('',*,*,#956,.T.);
#601=ORIENTED_EDGE('',*,*,#758,.F.);
#602=ORIENTED_EDGE('',*,*,#957,.F.);
#603=ORIENTED_EDGE('',*,*,#794,.F.);
#604=ORIENTED_EDGE('',*,*,#955,.T.);
#605=ORIENTED_EDGE('',*,*,#789,.F.);
#606=ORIENTED_EDGE('',*,*,#958,.F.);
#607=ORIENTED_EDGE('',*,*,#756,.F.);
#608=ORIENTED_EDGE('',*,*,#957,.T.);
#609=ORIENTED_EDGE('',*,*,#757,.F.);
#610=ORIENTED_EDGE('',*,*,#958,.T.);
#611=ORIENTED_EDGE('',*,*,#792,.F.);
#612=ORIENTED_EDGE('',*,*,#959,.F.);
#613=ORIENTED_EDGE('',*,*,#888,.F.);
#614=ORIENTED_EDGE('',*,*,#960,.F.);
#615=ORIENTED_EDGE('',*,*,#831,.F.);
#616=ORIENTED_EDGE('',*,*,#960,.T.);
#617=ORIENTED_EDGE('',*,*,#887,.F.);
#618=ORIENTED_EDGE('',*,*,#961,.F.);
#619=ORIENTED_EDGE('',*,*,#828,.F.);
#620=ORIENTED_EDGE('',*,*,#959,.T.);
#621=ORIENTED_EDGE('',*,*,#877,.F.);
#622=ORIENTED_EDGE('',*,*,#962,.F.);
#623=ORIENTED_EDGE('',*,*,#889,.F.);
#624=ORIENTED_EDGE('',*,*,#961,.T.);
#625=ORIENTED_EDGE('',*,*,#886,.F.);
#626=ORIENTED_EDGE('',*,*,#963,.F.);
#627=ORIENTED_EDGE('',*,*,#825,.F.);
#628=ORIENTED_EDGE('',*,*,#962,.T.);
#629=ORIENTED_EDGE('',*,*,#812,.F.);
#630=ORIENTED_EDGE('',*,*,#964,.F.);
#631=ORIENTED_EDGE('',*,*,#890,.F.);
#632=ORIENTED_EDGE('',*,*,#963,.T.);
#633=ORIENTED_EDGE('',*,*,#885,.F.);
#634=ORIENTED_EDGE('',*,*,#965,.F.);
#635=ORIENTED_EDGE('',*,*,#822,.F.);
#636=ORIENTED_EDGE('',*,*,#964,.T.);
#637=ORIENTED_EDGE('',*,*,#816,.F.);
#638=ORIENTED_EDGE('',*,*,#966,.F.);
#639=ORIENTED_EDGE('',*,*,#883,.F.);
#640=ORIENTED_EDGE('',*,*,#965,.T.);
#641=ORIENTED_EDGE('',*,*,#884,.F.);
#642=ORIENTED_EDGE('',*,*,#966,.T.);
#643=ORIENTED_EDGE('',*,*,#819,.F.);
#644=ORIENTED_EDGE('',*,*,#967,.F.);
#645=ORIENTED_EDGE('',*,*,#896,.F.);
#646=ORIENTED_EDGE('',*,*,#968,.F.);
#647=ORIENTED_EDGE('',*,*,#853,.F.);
#648=ORIENTED_EDGE('',*,*,#968,.T.);
#649=ORIENTED_EDGE('',*,*,#895,.F.);
#650=ORIENTED_EDGE('',*,*,#969,.F.);
#651=ORIENTED_EDGE('',*,*,#850,.F.);
#652=ORIENTED_EDGE('',*,*,#967,.T.);
#653=ORIENTED_EDGE('',*,*,#879,.F.);
#654=ORIENTED_EDGE('',*,*,#970,.F.);
#655=ORIENTED_EDGE('',*,*,#897,.F.);
#656=ORIENTED_EDGE('',*,*,#969,.T.);
#657=ORIENTED_EDGE('',*,*,#894,.F.);
#658=ORIENTED_EDGE('',*,*,#971,.F.);
#659=ORIENTED_EDGE('',*,*,#847,.F.);
#660=ORIENTED_EDGE('',*,*,#970,.T.);
#661=ORIENTED_EDGE('',*,*,#834,.F.);
#662=ORIENTED_EDGE('',*,*,#972,.F.);
#663=ORIENTED_EDGE('',*,*,#898,.F.);
#664=ORIENTED_EDGE('',*,*,#971,.T.);
#665=ORIENTED_EDGE('',*,*,#893,.F.);
#666=ORIENTED_EDGE('',*,*,#973,.F.);
#667=ORIENTED_EDGE('',*,*,#844,.F.);
#668=ORIENTED_EDGE('',*,*,#972,.T.);
#669=ORIENTED_EDGE('',*,*,#838,.F.);
#670=ORIENTED_EDGE('',*,*,#974,.F.);
#671=ORIENTED_EDGE('',*,*,#891,.F.);
#672=ORIENTED_EDGE('',*,*,#973,.T.);
#673=ORIENTED_EDGE('',*,*,#892,.F.);
#674=ORIENTED_EDGE('',*,*,#974,.T.);
#675=ORIENTED_EDGE('',*,*,#841,.F.);
#676=ORIENTED_EDGE('',*,*,#975,.F.);
#677=ORIENTED_EDGE('',*,*,#904,.F.);
#678=ORIENTED_EDGE('',*,*,#976,.F.);
#679=ORIENTED_EDGE('',*,*,#875,.F.);
#680=ORIENTED_EDGE('',*,*,#976,.T.);
#681=ORIENTED_EDGE('',*,*,#903,.F.);
#682=ORIENTED_EDGE('',*,*,#977,.F.);
#683=ORIENTED_EDGE('',*,*,#872,.F.);
#684=ORIENTED_EDGE('',*,*,#975,.T.);
#685=ORIENTED_EDGE('',*,*,#881,.F.);
#686=ORIENTED_EDGE('',*,*,#978,.F.);
#687=ORIENTED_EDGE('',*,*,#905,.F.);
#688=ORIENTED_EDGE('',*,*,#977,.T.);
#689=ORIENTED_EDGE('',*,*,#902,.F.);
#690=ORIENTED_EDGE('',*,*,#979,.F.);
#691=ORIENTED_EDGE('',*,*,#869,.F.);
#692=ORIENTED_EDGE('',*,*,#978,.T.);
#693=ORIENTED_EDGE('',*,*,#856,.F.);
#694=ORIENTED_EDGE('',*,*,#980,.F.);
#695=ORIENTED_EDGE('',*,*,#906,.F.);
#696=ORIENTED_EDGE('',*,*,#979,.T.);
#697=ORIENTED_EDGE('',*,*,#901,.F.);
#698=ORIENTED_EDGE('',*,*,#981,.F.);
#699=ORIENTED_EDGE('',*,*,#866,.F.);
#700=ORIENTED_EDGE('',*,*,#980,.T.);
#701=ORIENTED_EDGE('',*,*,#860,.F.);
#702=ORIENTED_EDGE('',*,*,#982,.F.);
#703=ORIENTED_EDGE('',*,*,#899,.F.);
#704=ORIENTED_EDGE('',*,*,#981,.T.);
#705=ORIENTED_EDGE('',*,*,#900,.F.);
#706=ORIENTED_EDGE('',*,*,#982,.T.);
#707=ORIENTED_EDGE('',*,*,#863,.F.);
#708=ORIENTED_EDGE('',*,*,#983,.F.);
#709=ORIENTED_EDGE('',*,*,#783,.T.);
#710=ORIENTED_EDGE('',*,*,#983,.T.);
#711=ORIENTED_EDGE('',*,*,#984,.F.);
#712=ORIENTED_EDGE('',*,*,#782,.T.);
#713=ORIENTED_EDGE('',*,*,#984,.T.);
#714=ORIENTED_EDGE('',*,*,#985,.F.);
#715=ORIENTED_EDGE('',*,*,#781,.T.);
#716=ORIENTED_EDGE('',*,*,#985,.T.);
#717=ORIENTED_EDGE('',*,*,#986,.F.);
#718=ORIENTED_EDGE('',*,*,#780,.T.);
#719=ORIENTED_EDGE('',*,*,#986,.T.);
#720=EDGE_CURVE('',#987,#988,#1153,.T.);
#721=EDGE_CURVE('',#989,#987,#1154,.T.);
#722=EDGE_CURVE('',#989,#990,#1155,.T.);
#723=EDGE_CURVE('',#990,#988,#1156,.T.);
#724=EDGE_CURVE('',#991,#992,#1157,.T.);
#725=EDGE_CURVE('',#992,#993,#1158,.F.);
#726=EDGE_CURVE('',#993,#994,#1159,.T.);
#727=EDGE_CURVE('',#994,#995,#1160,.T.);
#728=EDGE_CURVE('',#996,#995,#1161,.T.);
#729=EDGE_CURVE('',#996,#997,#1162,.F.);
#730=EDGE_CURVE('',#997,#998,#1163,.F.);
#731=EDGE_CURVE('',#998,#991,#1164,.T.);
#732=EDGE_CURVE('',#999,#1000,#1165,.T.);
#733=EDGE_CURVE('',#999,#1001,#1166,.T.);
#734=EDGE_CURVE('',#1001,#1002,#1167,.T.);
#735=EDGE_CURVE('',#1000,#1002,#1168,.T.);
#736=EDGE_CURVE('',#1003,#1004,#1169,.T.);
#737=EDGE_CURVE('',#1004,#1005,#1170,.T.);
#738=EDGE_CURVE('',#1005,#1006,#1171,.T.);
#739=EDGE_CURVE('',#1006,#1007,#1172,.T.);
#740=EDGE_CURVE('',#1008,#1007,#1173,.T.);
#741=EDGE_CURVE('',#1009,#1008,#1174,.T.);
#742=EDGE_CURVE('',#1009,#1010,#1175,.T.);
#743=EDGE_CURVE('',#1003,#1010,#1176,.T.);
#744=EDGE_CURVE('',#1011,#1012,#1177,.T.);
#745=EDGE_CURVE('',#1012,#1013,#1178,.T.);
#746=EDGE_CURVE('',#1013,#1014,#1179,.F.);
#747=EDGE_CURVE('',#1014,#1011,#1180,.F.);
#748=EDGE_CURVE('',#1015,#1015,#84,.T.);
#749=EDGE_CURVE('',#1016,#1016,#85,.T.);
#750=EDGE_CURVE('',#1017,#1017,#86,.T.);
#751=EDGE_CURVE('',#1018,#1019,#1181,.T.);
#752=EDGE_CURVE('',#1019,#1020,#1182,.T.);
#753=EDGE_CURVE('',#1021,#1020,#1183,.T.);
#754=EDGE_CURVE('',#1018,#1021,#1184,.T.);
#755=EDGE_CURVE('',#1022,#1022,#87,.F.);
#756=EDGE_CURVE('',#1023,#1024,#1185,.T.);
#757=EDGE_CURVE('',#1024,#1025,#1186,.F.);
#758=EDGE_CURVE('',#1025,#1026,#1187,.F.);
#759=EDGE_CURVE('',#1026,#1023,#1188,.T.);
#760=EDGE_CURVE('',#1027,#1027,#88,.T.);
#761=EDGE_CURVE('',#1028,#1028,#89,.T.);
#762=EDGE_CURVE('',#1029,#1029,#90,.T.);
#763=EDGE_CURVE('',#1030,#1031,#1189,.T.);
#764=EDGE_CURVE('',#1032,#1031,#1190,.T.);
#765=EDGE_CURVE('',#1033,#1032,#1191,.T.);
#766=EDGE_CURVE('',#1033,#1030,#1192,.T.);
#767=EDGE_CURVE('',#1034,#1034,#91,.T.);
#768=EDGE_CURVE('',#987,#1000,#1193,.T.);
#769=EDGE_CURVE('',#989,#1002,#1194,.T.);
#770=EDGE_CURVE('',#990,#1001,#1195,.T.);
#771=EDGE_CURVE('',#988,#999,#1196,.T.);
#772=EDGE_CURVE('',#1035,#1036,#1197,.T.);
#773=EDGE_CURVE('',#1036,#1037,#1198,.F.);
#774=EDGE_CURVE('',#1037,#1038,#1199,.F.);
#775=EDGE_CURVE('',#1038,#1035,#1200,.T.);
#776=EDGE_CURVE('',#1039,#1040,#1201,.T.);
#777=EDGE_CURVE('',#1040,#1041,#1202,.T.);
#778=EDGE_CURVE('',#1041,#1042,#1203,.F.);
#779=EDGE_CURVE('',#1042,#1039,#1204,.F.);
#780=EDGE_CURVE('',#1043,#1043,#92,.F.);
#781=EDGE_CURVE('',#1044,#1044,#93,.T.);
#782=EDGE_CURVE('',#1045,#1045,#94,.T.);
#783=EDGE_CURVE('',#1046,#1046,#95,.F.);
#784=EDGE_CURVE('',#1047,#1048,#1205,.T.);
#785=EDGE_CURVE('',#1048,#1049,#1206,.T.);
#786=EDGE_CURVE('',#1049,#1050,#1207,.F.);
#787=EDGE_CURVE('',#1050,#1047,#1208,.F.);
#788=EDGE_CURVE('',#1051,#1018,#1209,.T.);
#789=EDGE_CURVE('',#1051,#1052,#1210,.F.);
#790=EDGE_CURVE('',#1052,#1019,#1211,.T.);
#791=EDGE_CURVE('',#1053,#1021,#1212,.T.);
#792=EDGE_CURVE('',#1053,#1051,#1213,.T.);
#793=EDGE_CURVE('',#1054,#1020,#1214,.T.);
#794=EDGE_CURVE('',#1054,#1053,#1215,.T.);
#795=EDGE_CURVE('',#1052,#1054,#1216,.F.);
#796=EDGE_CURVE('',#1030,#1008,#1217,.T.);
#797=EDGE_CURVE('',#1033,#1009,#1218,.T.);
#798=EDGE_CURVE('',#1031,#1007,#1219,.T.);
#799=EDGE_CURVE('',#1032,#1006,#1220,.T.);
#800=EDGE_CURVE('',#1055,#1056,#1221,.T.);
#801=EDGE_CURVE('',#1056,#1057,#1222,.T.);
#802=EDGE_CURVE('',#1057,#1058,#1223,.T.);
#803=EDGE_CURVE('',#1059,#1058,#1224,.T.);
#804=EDGE_CURVE('',#1060,#1059,#1225,.T.);
#805=EDGE_CURVE('',#1060,#1061,#1226,.T.);
#806=EDGE_CURVE('',#1062,#1061,#1227,.T.);
#807=EDGE_CURVE('',#1055,#1062,#1228,.T.);
#808=EDGE_CURVE('',#1005,#1063,#1229,.T.);
#809=EDGE_CURVE('',#1063,#1064,#1230,.T.);
#810=EDGE_CURVE('',#1010,#1064,#1231,.T.);
#811=EDGE_CURVE('',#1065,#1066,#1232,.T.);
#812=EDGE_CURVE('',#1065,#1067,#96,.T.);
#813=EDGE_CURVE('',#1067,#1068,#1233,.T.);
#814=EDGE_CURVE('',#1066,#1068,#97,.T.);
#815=EDGE_CURVE('',#1069,#1070,#1234,.T.);
#816=EDGE_CURVE('',#1069,#1065,#1235,.F.);
#817=EDGE_CURVE('',#1066,#1070,#1236,.T.);
#818=EDGE_CURVE('',#1071,#1072,#1237,.T.);
#819=EDGE_CURVE('',#1071,#1069,#98,.T.);
#820=EDGE_CURVE('',#1072,#1070,#99,.T.);
#821=EDGE_CURVE('',#1073,#1074,#1238,.T.);
#822=EDGE_CURVE('',#1073,#1071,#1239,.F.);
#823=EDGE_CURVE('',#1072,#1074,#1240,.T.);
#824=EDGE_CURVE('',#1075,#1076,#1241,.T.);
#825=EDGE_CURVE('',#1075,#1073,#100,.T.);
#826=EDGE_CURVE('',#1076,#1074,#101,.T.);
#827=EDGE_CURVE('',#1077,#1078,#1242,.T.);
#828=EDGE_CURVE('',#1077,#1075,#1243,.T.);
#829=EDGE_CURVE('',#1078,#1076,#1244,.T.);
#830=EDGE_CURVE('',#1079,#1080,#1245,.T.);
#831=EDGE_CURVE('',#1079,#1077,#102,.T.);
#832=EDGE_CURVE('',#1080,#1078,#103,.T.);
#833=EDGE_CURVE('',#1081,#1082,#1246,.T.);
#834=EDGE_CURVE('',#1081,#1083,#104,.T.);
#835=EDGE_CURVE('',#1083,#1084,#1247,.T.);
#836=EDGE_CURVE('',#1082,#1084,#105,.T.);
#837=EDGE_CURVE('',#1085,#1086,#1248,.T.);
#838=EDGE_CURVE('',#1085,#1081,#1249,.F.);
#839=EDGE_CURVE('',#1082,#1086,#1250,.T.);
#840=EDGE_CURVE('',#1087,#1088,#1251,.T.);
#841=EDGE_CURVE('',#1087,#1085,#106,.T.);
#842=EDGE_CURVE('',#1088,#1086,#107,.T.);
#843=EDGE_CURVE('',#1089,#1090,#1252,.T.);
#844=EDGE_CURVE('',#1089,#1087,#1253,.F.);
#845=EDGE_CURVE('',#1088,#1090,#1254,.T.);
#846=EDGE_CURVE('',#1091,#1092,#1255,.T.);
#847=EDGE_CURVE('',#1091,#1089,#108,.T.);
#848=EDGE_CURVE('',#1092,#1090,#109,.T.);
#849=EDGE_CURVE('',#1093,#1094,#1256,.T.);
#850=EDGE_CURVE('',#1093,#1091,#1257,.T.);
#851=EDGE_CURVE('',#1094,#1092,#1258,.T.);
#852=EDGE_CURVE('',#1095,#1096,#1259,.T.);
#853=EDGE_CURVE('',#1095,#1093,#110,.T.);
#854=EDGE_CURVE('',#1096,#1094,#111,.T.);
#855=EDGE_CURVE('',#1097,#1098,#1260,.T.);
#856=EDGE_CURVE('',#1097,#1099,#112,.T.);
#857=EDGE_CURVE('',#1099,#1100,#1261,.T.);
#858=EDGE_CURVE('',#1098,#1100,#113,.T.);
#859=EDGE_CURVE('',#1101,#1102,#1262,.T.);
#860=EDGE_CURVE('',#1101,#1097,#1263,.F.);
#861=EDGE_CURVE('',#1098,#1102,#1264,.T.);
#862=EDGE_CURVE('',#1103,#1104,#1265,.T.);
#863=EDGE_CURVE('',#1103,#1101,#114,.T.);
#864=EDGE_CURVE('',#1104,#1102,#115,.T.);
#865=EDGE_CURVE('',#1105,#1106,#1266,.T.);
#866=EDGE_CURVE('',#1105,#1103,#1267,.F.);
#867=EDGE_CURVE('',#1104,#1106,#1268,.T.);
#868=EDGE_CURVE('',#1107,#1108,#1269,.T.);
#869=EDGE_CURVE('',#1107,#1105,#116,.T.);
#870=EDGE_CURVE('',#1108,#1106,#117,.T.);
#871=EDGE_CURVE('',#1109,#1110,#1270,.T.);
#872=EDGE_CURVE('',#1109,#1107,#1271,.T.);
#873=EDGE_CURVE('',#1110,#1108,#1272,.T.);
#874=EDGE_CURVE('',#1111,#1112,#1273,.T.);
#875=EDGE_CURVE('',#1111,#1109,#118,.T.);
#876=EDGE_CURVE('',#1112,#1110,#119,.T.);
#877=EDGE_CURVE('',#1067,#1079,#1274,.T.);
#878=EDGE_CURVE('',#1068,#1080,#1275,.T.);
#879=EDGE_CURVE('',#1083,#1095,#1276,.T.);
#880=EDGE_CURVE('',#1084,#1096,#1277,.T.);
#881=EDGE_CURVE('',#1099,#1111,#1278,.T.);
#882=EDGE_CURVE('',#1100,#1112,#1279,.T.);
#883=EDGE_CURVE('',#1113,#1114,#1280,.T.);
#884=EDGE_CURVE('',#1114,#1115,#120,.F.);
#885=EDGE_CURVE('',#1115,#1116,#1281,.T.);
#886=EDGE_CURVE('',#1116,#1117,#121,.F.);
#887=EDGE_CURVE('',#1117,#1118,#1282,.F.);
#888=EDGE_CURVE('',#1118,#1119,#122,.F.);
#889=EDGE_CURVE('',#1119,#1120,#1283,.F.);
#890=EDGE_CURVE('',#1120,#1113,#123,.F.);
#891=EDGE_CURVE('',#1121,#1122,#1284,.T.);
#892=EDGE_CURVE('',#1122,#1123,#124,.F.);
#893=EDGE_CURVE('',#1123,#1124,#1285,.T.);
#894=EDGE_CURVE('',#1124,#1125,#125,.F.);
#895=EDGE_CURVE('',#1125,#1126,#1286,.F.);
#896=EDGE_CURVE('',#1126,#1127,#126,.F.);
#897=EDGE_CURVE('',#1127,#1128,#1287,.F.);
#898=EDGE_CURVE('',#1128,#1121,#127,.F.);
#899=EDGE_CURVE('',#1129,#1130,#1288,.T.);
#900=EDGE_CURVE('',#1130,#1131,#128,.F.);
#901=EDGE_CURVE('',#1131,#1132,#1289,.T.);
#902=EDGE_CURVE('',#1132,#1133,#129,.F.);
#903=EDGE_CURVE('',#1133,#1134,#1290,.F.);
#904=EDGE_CURVE('',#1134,#1135,#130,.F.);
#905=EDGE_CURVE('',#1135,#1136,#1291,.F.);
#906=EDGE_CURVE('',#1136,#1129,#131,.F.);
#907=EDGE_CURVE('',#1137,#1138,#1292,.T.);
#908=EDGE_CURVE('',#1138,#1139,#1293,.F.);
#909=EDGE_CURVE('',#1139,#1140,#1294,.F.);
#910=EDGE_CURVE('',#1140,#1137,#1295,.T.);
#911=EDGE_CURVE('',#993,#1063,#132,.T.);
#912=EDGE_CURVE('',#1004,#994,#1296,.T.);
#913=EDGE_CURVE('',#1064,#996,#133,.F.);
#914=EDGE_CURVE('',#1003,#995,#1297,.T.);
#915=EDGE_CURVE('',#1141,#1055,#1298,.T.);
#916=EDGE_CURVE('',#1141,#1142,#1299,.T.);
#917=EDGE_CURVE('',#1142,#1056,#1300,.T.);
#918=EDGE_CURVE('',#1143,#1062,#1301,.T.);
#919=EDGE_CURVE('',#1141,#1143,#1302,.T.);
#920=EDGE_CURVE('',#1144,#1061,#1303,.T.);
#921=EDGE_CURVE('',#1143,#1144,#1304,.T.);
#922=EDGE_CURVE('',#1145,#1060,#1305,.T.);
#923=EDGE_CURVE('',#1145,#1144,#1306,.T.);
#924=EDGE_CURVE('',#1146,#1059,#1307,.T.);
#925=EDGE_CURVE('',#1145,#1146,#1308,.T.);
#926=EDGE_CURVE('',#1147,#1058,#1309,.T.);
#927=EDGE_CURVE('',#1146,#1147,#1310,.T.);
#928=EDGE_CURVE('',#1148,#1057,#1311,.T.);
#929=EDGE_CURVE('',#1148,#1147,#1312,.T.);
#930=EDGE_CURVE('',#1142,#1148,#1313,.T.);
#931=EDGE_CURVE('',#1042,#991,#134,.T.);
#932=EDGE_CURVE('',#992,#1041,#135,.T.);
#933=EDGE_CURVE('',#1042,#1138,#136,.F.);
#934=EDGE_CURVE('',#1138,#991,#137,.F.);
#935=EDGE_CURVE('',#992,#1049,#138,.F.);
#936=EDGE_CURVE('',#1049,#1041,#139,.F.);
#937=EDGE_CURVE('',#1139,#998,#140,.T.);
#938=EDGE_CURVE('',#1039,#1137,#141,.T.);
#939=EDGE_CURVE('',#1040,#1013,#142,.T.);
#940=EDGE_CURVE('',#1014,#1039,#143,.T.);
#941=EDGE_CURVE('',#1050,#1040,#144,.T.);
#942=EDGE_CURVE('',#997,#1048,#145,.T.);
#943=EDGE_CURVE('',#998,#1035,#146,.T.);
#944=EDGE_CURVE('',#1036,#997,#147,.T.);
#945=EDGE_CURVE('',#1139,#1035,#148,.F.);
#946=EDGE_CURVE('',#1014,#1137,#149,.F.);
#947=EDGE_CURVE('',#1050,#1013,#150,.F.);
#948=EDGE_CURVE('',#1036,#1048,#151,.F.);
#949=EDGE_CURVE('',#1140,#1038,#152,.T.);
#950=EDGE_CURVE('',#1011,#1140,#153,.T.);
#951=EDGE_CURVE('',#1047,#1012,#154,.T.);
#952=EDGE_CURVE('',#1037,#1047,#155,.T.);
#953=EDGE_CURVE('',#1011,#1038,#156,.F.);
#954=EDGE_CURVE('',#1037,#1012,#157,.F.);
#955=EDGE_CURVE('',#1023,#1052,#28,.F.);
#956=EDGE_CURVE('',#1054,#1026,#29,.T.);
#957=EDGE_CURVE('',#1053,#1025,#30,.T.);
#958=EDGE_CURVE('',#1024,#1051,#31,.F.);
#959=EDGE_CURVE('',#1119,#1079,#158,.T.);
#960=EDGE_CURVE('',#1077,#1118,#159,.T.);
#961=EDGE_CURVE('',#1075,#1117,#160,.T.);
#962=EDGE_CURVE('',#1120,#1067,#161,.T.);
#963=EDGE_CURVE('',#1073,#1116,#162,.T.);
#964=EDGE_CURVE('',#1113,#1065,#163,.T.);
#965=EDGE_CURVE('',#1071,#1115,#164,.T.);
#966=EDGE_CURVE('',#1114,#1069,#165,.T.);
#967=EDGE_CURVE('',#1127,#1095,#166,.T.);
#968=EDGE_CURVE('',#1093,#1126,#167,.T.);
#969=EDGE_CURVE('',#1091,#1125,#168,.T.);
#970=EDGE_CURVE('',#1128,#1083,#169,.T.);
#971=EDGE_CURVE('',#1089,#1124,#170,.T.);
#972=EDGE_CURVE('',#1121,#1081,#171,.T.);
#973=EDGE_CURVE('',#1087,#1123,#172,.T.);
#974=EDGE_CURVE('',#1122,#1085,#173,.T.);
#975=EDGE_CURVE('',#1135,#1111,#174,.T.);
#976=EDGE_CURVE('',#1109,#1134,#175,.T.);
#977=EDGE_CURVE('',#1107,#1133,#176,.T.);
#978=EDGE_CURVE('',#1136,#1099,#177,.T.);
#979=EDGE_CURVE('',#1105,#1132,#178,.T.);
#980=EDGE_CURVE('',#1129,#1097,#179,.T.);
#981=EDGE_CURVE('',#1103,#1131,#180,.T.);
#982=EDGE_CURVE('',#1130,#1101,#181,.T.);
#983=EDGE_CURVE('',#1149,#1149,#182,.T.);
#984=EDGE_CURVE('',#1150,#1150,#183,.T.);
#985=EDGE_CURVE('',#1151,#1151,#184,.T.);
#986=EDGE_CURVE('',#1152,#1152,#185,.T.);
#987=VERTEX_POINT('',#2778);
#988=VERTEX_POINT('',#2779);
#989=VERTEX_POINT('',#2781);
#990=VERTEX_POINT('',#2783);
#991=VERTEX_POINT('',#2786);
#992=VERTEX_POINT('',#2787);
#993=VERTEX_POINT('',#2789);
#994=VERTEX_POINT('',#2791);
#995=VERTEX_POINT('',#2793);
#996=VERTEX_POINT('',#2795);
#997=VERTEX_POINT('',#2797);
#998=VERTEX_POINT('',#2799);
#999=VERTEX_POINT('',#2803);
#1000=VERTEX_POINT('',#2804);
#1001=VERTEX_POINT('',#2806);
#1002=VERTEX_POINT('',#2808);
#1003=VERTEX_POINT('',#2811);
#1004=VERTEX_POINT('',#2812);
#1005=VERTEX_POINT('',#2814);
#1006=VERTEX_POINT('',#2816);
#1007=VERTEX_POINT('',#2818);
#1008=VERTEX_POINT('',#2820);
#1009=VERTEX_POINT('',#2822);
#1010=VERTEX_POINT('',#2824);
#1011=VERTEX_POINT('',#2828);
#1012=VERTEX_POINT('',#2829);
#1013=VERTEX_POINT('',#2831);
#1014=VERTEX_POINT('',#2833);
#1015=VERTEX_POINT('',#2836);
#1016=VERTEX_POINT('',#2838);
#1017=VERTEX_POINT('',#2840);
#1018=VERTEX_POINT('',#2842);
#1019=VERTEX_POINT('',#2843);
#1020=VERTEX_POINT('',#2845);
#1021=VERTEX_POINT('',#2847);
#1022=VERTEX_POINT('',#2850);
#1023=VERTEX_POINT('',#2853);
#1024=VERTEX_POINT('',#2854);
#1025=VERTEX_POINT('',#2856);
#1026=VERTEX_POINT('',#2858);
#1027=VERTEX_POINT('',#2861);
#1028=VERTEX_POINT('',#2863);
#1029=VERTEX_POINT('',#2865);
#1030=VERTEX_POINT('',#2867);
#1031=VERTEX_POINT('',#2868);
#1032=VERTEX_POINT('',#2870);
#1033=VERTEX_POINT('',#2872);
#1034=VERTEX_POINT('',#2875);
#1035=VERTEX_POINT('',#2886);
#1036=VERTEX_POINT('',#2887);
#1037=VERTEX_POINT('',#2889);
#1038=VERTEX_POINT('',#2891);
#1039=VERTEX_POINT('',#2895);
#1040=VERTEX_POINT('',#2896);
#1041=VERTEX_POINT('',#2898);
#1042=VERTEX_POINT('',#2900);
#1043=VERTEX_POINT('',#2904);
#1044=VERTEX_POINT('',#2906);
#1045=VERTEX_POINT('',#2908);
#1046=VERTEX_POINT('',#2910);
#1047=VERTEX_POINT('',#2912);
#1048=VERTEX_POINT('',#2913);
#1049=VERTEX_POINT('',#2915);
#1050=VERTEX_POINT('',#2917);
#1051=VERTEX_POINT('',#2921);
#1052=VERTEX_POINT('',#2923);
#1053=VERTEX_POINT('',#2927);
#1054=VERTEX_POINT('',#2931);
#1055=VERTEX_POINT('',#2943);
#1056=VERTEX_POINT('',#2944);
#1057=VERTEX_POINT('',#2946);
#1058=VERTEX_POINT('',#2948);
#1059=VERTEX_POINT('',#2950);
#1060=VERTEX_POINT('',#2952);
#1061=VERTEX_POINT('',#2954);
#1062=VERTEX_POINT('',#2956);
#1063=VERTEX_POINT('',#2959);
#1064=VERTEX_POINT('',#2961);
#1065=VERTEX_POINT('',#2969);
#1066=VERTEX_POINT('',#2970);
#1067=VERTEX_POINT('',#2972);
#1068=VERTEX_POINT('',#2974);
#1069=VERTEX_POINT('',#2978);
#1070=VERTEX_POINT('',#2979);
#1071=VERTEX_POINT('',#2984);
#1072=VERTEX_POINT('',#2985);
#1073=VERTEX_POINT('',#2990);
#1074=VERTEX_POINT('',#2991);
#1075=VERTEX_POINT('',#2996);
#1076=VERTEX_POINT('',#2997);
#1077=VERTEX_POINT('',#3002);
#1078=VERTEX_POINT('',#3003);
#1079=VERTEX_POINT('',#3008);
#1080=VERTEX_POINT('',#3009);
#1081=VERTEX_POINT('',#3014);
#1082=VERTEX_POINT('',#3015);
#1083=VERTEX_POINT('',#3017);
#1084=VERTEX_POINT('',#3019);
#1085=VERTEX_POINT('',#3023);
#1086=VERTEX_POINT('',#3024);
#1087=VERTEX_POINT('',#3029);
#1088=VERTEX_POINT('',#3030);
#1089=VERTEX_POINT('',#3035);
#1090=VERTEX_POINT('',#3036);
#1091=VERTEX_POINT('',#3041);
#1092=VERTEX_POINT('',#3042);
#1093=VERTEX_POINT('',#3047);
#1094=VERTEX_POINT('',#3048);
#1095=VERTEX_POINT('',#3053);
#1096=VERTEX_POINT('',#3054);
#1097=VERTEX_POINT('',#3059);
#1098=VERTEX_POINT('',#3060);
#1099=VERTEX_POINT('',#3062);
#1100=VERTEX_POINT('',#3064);
#1101=VERTEX_POINT('',#3068);
#1102=VERTEX_POINT('',#3069);
#1103=VERTEX_POINT('',#3074);
#1104=VERTEX_POINT('',#3075);
#1105=VERTEX_POINT('',#3080);
#1106=VERTEX_POINT('',#3081);
#1107=VERTEX_POINT('',#3086);
#1108=VERTEX_POINT('',#3087);
#1109=VERTEX_POINT('',#3092);
#1110=VERTEX_POINT('',#3093);
#1111=VERTEX_POINT('',#3098);
#1112=VERTEX_POINT('',#3099);
#1113=VERTEX_POINT('',#3113);
#1114=VERTEX_POINT('',#3114);
#1115=VERTEX_POINT('',#3116);
#1116=VERTEX_POINT('',#3118);
#1117=VERTEX_POINT('',#3120);
#1118=VERTEX_POINT('',#3122);
#1119=VERTEX_POINT('',#3124);
#1120=VERTEX_POINT('',#3126);
#1121=VERTEX_POINT('',#3129);
#1122=VERTEX_POINT('',#3130);
#1123=VERTEX_POINT('',#3132);
#1124=VERTEX_POINT('',#3134);
#1125=VERTEX_POINT('',#3136);
#1126=VERTEX_POINT('',#3138);
#1127=VERTEX_POINT('',#3140);
#1128=VERTEX_POINT('',#3142);
#1129=VERTEX_POINT('',#3145);
#1130=VERTEX_POINT('',#3146);
#1131=VERTEX_POINT('',#3148);
#1132=VERTEX_POINT('',#3150);
#1133=VERTEX_POINT('',#3152);
#1134=VERTEX_POINT('',#3154);
#1135=VERTEX_POINT('',#3156);
#1136=VERTEX_POINT('',#3158);
#1137=VERTEX_POINT('',#3161);
#1138=VERTEX_POINT('',#3162);
#1139=VERTEX_POINT('',#3164);
#1140=VERTEX_POINT('',#3166);
#1141=VERTEX_POINT('',#3178);
#1142=VERTEX_POINT('',#3180);
#1143=VERTEX_POINT('',#3184);
#1144=VERTEX_POINT('',#3188);
#1145=VERTEX_POINT('',#3192);
#1146=VERTEX_POINT('',#3196);
#1147=VERTEX_POINT('',#3200);
#1148=VERTEX_POINT('',#3204);
#1149=VERTEX_POINT('',#3311);
#1150=VERTEX_POINT('',#3315);
#1151=VERTEX_POINT('',#3319);
#1152=VERTEX_POINT('',#3323);
#1153=LINE('',#2777,#1314);
#1154=LINE('',#2780,#1315);
#1155=LINE('',#2782,#1316);
#1156=LINE('',#2784,#1317);
#1157=LINE('',#2785,#1318);
#1158=LINE('',#2788,#1319);
#1159=LINE('',#2790,#1320);
#1160=LINE('',#2792,#1321);
#1161=LINE('',#2794,#1322);
#1162=LINE('',#2796,#1323);
#1163=LINE('',#2798,#1324);
#1164=LINE('',#2800,#1325);
#1165=LINE('',#2802,#1326);
#1166=LINE('',#2805,#1327);
#1167=LINE('',#2807,#1328);
#1168=LINE('',#2809,#1329);
#1169=LINE('',#2810,#1330);
#1170=LINE('',#2813,#1331);
#1171=LINE('',#2815,#1332);
#1172=LINE('',#2817,#1333);
#1173=LINE('',#2819,#1334);
#1174=LINE('',#2821,#1335);
#1175=LINE('',#2823,#1336);
#1176=LINE('',#2825,#1337);
#1177=LINE('',#2827,#1338);
#1178=LINE('',#2830,#1339);
#1179=LINE('',#2832,#1340);
#1180=LINE('',#2834,#1341);
#1181=LINE('',#2841,#1342);
#1182=LINE('',#2844,#1343);
#1183=LINE('',#2846,#1344);
#1184=LINE('',#2848,#1345);
#1185=LINE('',#2852,#1346);
#1186=LINE('',#2855,#1347);
#1187=LINE('',#2857,#1348);
#1188=LINE('',#2859,#1349);
#1189=LINE('',#2866,#1350);
#1190=LINE('',#2869,#1351);
#1191=LINE('',#2871,#1352);
#1192=LINE('',#2873,#1353);
#1193=LINE('',#2877,#1354);
#1194=LINE('',#2878,#1355);
#1195=LINE('',#2880,#1356);
#1196=LINE('',#2882,#1357);
#1197=LINE('',#2885,#1358);
#1198=LINE('',#2888,#1359);
#1199=LINE('',#2890,#1360);
#1200=LINE('',#2892,#1361);
#1201=LINE('',#2894,#1362);
#1202=LINE('',#2897,#1363);
#1203=LINE('',#2899,#1364);
#1204=LINE('',#2901,#1365);
#1205=LINE('',#2911,#1366);
#1206=LINE('',#2914,#1367);
#1207=LINE('',#2916,#1368);
#1208=LINE('',#2918,#1369);
#1209=LINE('',#2920,#1370);
#1210=LINE('',#2922,#1371);
#1211=LINE('',#2924,#1372);
#1212=LINE('',#2926,#1373);
#1213=LINE('',#2928,#1374);
#1214=LINE('',#2930,#1375);
#1215=LINE('',#2932,#1376);
#1216=LINE('',#2934,#1377);
#1217=LINE('',#2936,#1378);
#1218=LINE('',#2937,#1379);
#1219=LINE('',#2939,#1380);
#1220=LINE('',#2940,#1381);
#1221=LINE('',#2942,#1382);
#1222=LINE('',#2945,#1383);
#1223=LINE('',#2947,#1384);
#1224=LINE('',#2949,#1385);
#1225=LINE('',#2951,#1386);
#1226=LINE('',#2953,#1387);
#1227=LINE('',#2955,#1388);
#1228=LINE('',#2957,#1389);
#1229=LINE('',#2958,#1390);
#1230=LINE('',#2960,#1391);
#1231=LINE('',#2962,#1392);
#1232=LINE('',#2968,#1393);
#1233=LINE('',#2973,#1394);
#1234=LINE('',#2977,#1395);
#1235=LINE('',#2980,#1396);
#1236=LINE('',#2981,#1397);
#1237=LINE('',#2983,#1398);
#1238=LINE('',#2989,#1399);
#1239=LINE('',#2992,#1400);
#1240=LINE('',#2993,#1401);
#1241=LINE('',#2995,#1402);
#1242=LINE('',#3001,#1403);
#1243=LINE('',#3004,#1404);
#1244=LINE('',#3005,#1405);
#1245=LINE('',#3007,#1406);
#1246=LINE('',#3013,#1407);
#1247=LINE('',#3018,#1408);
#1248=LINE('',#3022,#1409);
#1249=LINE('',#3025,#1410);
#1250=LINE('',#3026,#1411);
#1251=LINE('',#3028,#1412);
#1252=LINE('',#3034,#1413);
#1253=LINE('',#3037,#1414);
#1254=LINE('',#3038,#1415);
#1255=LINE('',#3040,#1416);
#1256=LINE('',#3046,#1417);
#1257=LINE('',#3049,#1418);
#1258=LINE('',#3050,#1419);
#1259=LINE('',#3052,#1420);
#1260=LINE('',#3058,#1421);
#1261=LINE('',#3063,#1422);
#1262=LINE('',#3067,#1423);
#1263=LINE('',#3070,#1424);
#1264=LINE('',#3071,#1425);
#1265=LINE('',#3073,#1426);
#1266=LINE('',#3079,#1427);
#1267=LINE('',#3082,#1428);
#1268=LINE('',#3083,#1429);
#1269=LINE('',#3085,#1430);
#1270=LINE('',#3091,#1431);
#1271=LINE('',#3094,#1432);
#1272=LINE('',#3095,#1433);
#1273=LINE('',#3097,#1434);
#1274=LINE('',#3103,#1435);
#1275=LINE('',#3104,#1436);
#1276=LINE('',#3106,#1437);
#1277=LINE('',#3107,#1438);
#1278=LINE('',#3109,#1439);
#1279=LINE('',#3110,#1440);
#1280=LINE('',#3112,#1441);
#1281=LINE('',#3117,#1442);
#1282=LINE('',#3121,#1443);
#1283=LINE('',#3125,#1444);
#1284=LINE('',#3128,#1445);
#1285=LINE('',#3133,#1446);
#1286=LINE('',#3137,#1447);
#1287=LINE('',#3141,#1448);
#1288=LINE('',#3144,#1449);
#1289=LINE('',#3149,#1450);
#1290=LINE('',#3153,#1451);
#1291=LINE('',#3157,#1452);
#1292=LINE('',#3160,#1453);
#1293=LINE('',#3163,#1454);
#1294=LINE('',#3165,#1455);
#1295=LINE('',#3167,#1456);
#1296=LINE('',#3171,#1457);
#1297=LINE('',#3174,#1458);
#1298=LINE('',#3177,#1459);
#1299=LINE('',#3179,#1460);
#1300=LINE('',#3181,#1461);
#1301=LINE('',#3183,#1462);
#1302=LINE('',#3185,#1463);
#1303=LINE('',#3187,#1464);
#1304=LINE('',#3189,#1465);
#1305=LINE('',#3191,#1466);
#1306=LINE('',#3193,#1467);
#1307=LINE('',#3195,#1468);
#1308=LINE('',#3197,#1469);
#1309=LINE('',#3199,#1470);
#1310=LINE('',#3201,#1471);
#1311=LINE('',#3203,#1472);
#1312=LINE('',#3205,#1473);
#1313=LINE('',#3207,#1474);
#1314=VECTOR('',#2172,1.);
#1315=VECTOR('',#2173,1.);
#1316=VECTOR('',#2174,1.);
#1317=VECTOR('',#2175,1.);
#1318=VECTOR('',#2176,1.);
#1319=VECTOR('',#2177,1.);
#1320=VECTOR('',#2178,1.);
#1321=VECTOR('',#2179,1.);
#1322=VECTOR('',#2180,1.);
#1323=VECTOR('',#2181,1.);
#1324=VECTOR('',#2182,1.);
#1325=VECTOR('',#2183,1.);
#1326=VECTOR('',#2186,1.);
#1327=VECTOR('',#2187,1.);
#1328=VECTOR('',#2188,1.);
#1329=VECTOR('',#2189,1.);
#1330=VECTOR('',#2190,1.);
#1331=VECTOR('',#2191,1.);
#1332=VECTOR('',#2192,1.);
#1333=VECTOR('',#2193,1.);
#1334=VECTOR('',#2194,1.);
#1335=VECTOR('',#2195,1.);
#1336=VECTOR('',#2196,1.);
#1337=VECTOR('',#2197,1.);
#1338=VECTOR('',#2200,1.);
#1339=VECTOR('',#2201,1.);
#1340=VECTOR('',#2202,1.);
#1341=VECTOR('',#2203,1.);
#1342=VECTOR('',#2210,1.);
#1343=VECTOR('',#2211,1.);
#1344=VECTOR('',#2212,1.);
#1345=VECTOR('',#2213,1.);
#1346=VECTOR('',#2218,1.);
#1347=VECTOR('',#2219,1.);
#1348=VECTOR('',#2220,1.);
#1349=VECTOR('',#2221,1.);
#1350=VECTOR('',#2228,1.);
#1351=VECTOR('',#2229,1.);
#1352=VECTOR('',#2230,1.);
#1353=VECTOR('',#2231,1.);
#1354=VECTOR('',#2236,1.);
#1355=VECTOR('',#2237,1.);
#1356=VECTOR('',#2240,1.);
#1357=VECTOR('',#2243,1.);
#1358=VECTOR('',#2248,1.);
#1359=VECTOR('',#2249,1.);
#1360=VECTOR('',#2250,1.);
#1361=VECTOR('',#2251,1.);
#1362=VECTOR('',#2254,1.);
#1363=VECTOR('',#2255,1.);
#1364=VECTOR('',#2256,1.);
#1365=VECTOR('',#2257,1.);
#1366=VECTOR('',#2268,1.);
#1367=VECTOR('',#2269,1.);
#1368=VECTOR('',#2270,1.);
#1369=VECTOR('',#2271,1.);
#1370=VECTOR('',#2274,1.);
#1371=VECTOR('',#2275,1.);
#1372=VECTOR('',#2276,1.);
#1373=VECTOR('',#2279,1.);
#1374=VECTOR('',#2280,1.);
#1375=VECTOR('',#2283,1.);
#1376=VECTOR('',#2284,1.);
#1377=VECTOR('',#2287,1.);
#1378=VECTOR('',#2290,1.);
#1379=VECTOR('',#2291,1.);
#1380=VECTOR('',#2294,1.);
#1381=VECTOR('',#2295,1.);
#1382=VECTOR('',#2298,1.);
#1383=VECTOR('',#2299,1.);
#1384=VECTOR('',#2300,1.);
#1385=VECTOR('',#2301,1.);
#1386=VECTOR('',#2302,1.);
#1387=VECTOR('',#2303,1.);
#1388=VECTOR('',#2304,1.);
#1389=VECTOR('',#2305,1.);
#1390=VECTOR('',#2306,1.);
#1391=VECTOR('',#2307,1.);
#1392=VECTOR('',#2308,1.);
#1393=VECTOR('',#2319,1.);
#1394=VECTOR('',#2322,1.);
#1395=VECTOR('',#2327,1.);
#1396=VECTOR('',#2328,1.);
#1397=VECTOR('',#2329,1.);
#1398=VECTOR('',#2332,1.);
#1399=VECTOR('',#2339,1.);
#1400=VECTOR('',#2340,1.);
#1401=VECTOR('',#2341,1.);
#1402=VECTOR('',#2344,1.);
#1403=VECTOR('',#2351,1.);
#1404=VECTOR('',#2352,1.);
#1405=VECTOR('',#2353,1.);
#1406=VECTOR('',#2356,1.);
#1407=VECTOR('',#2363,1.);
#1408=VECTOR('',#2366,1.);
#1409=VECTOR('',#2371,1.);
#1410=VECTOR('',#2372,1.);
#1411=VECTOR('',#2373,1.);
#1412=VECTOR('',#2376,1.);
#1413=VECTOR('',#2383,1.);
#1414=VECTOR('',#2384,1.);
#1415=VECTOR('',#2385,1.);
#1416=VECTOR('',#2388,1.);
#1417=VECTOR('',#2395,1.);
#1418=VECTOR('',#2396,1.);
#1419=VECTOR('',#2397,1.);
#1420=VECTOR('',#2400,1.);
#1421=VECTOR('',#2407,1.);
#1422=VECTOR('',#2410,1.);
#1423=VECTOR('',#2415,1.);
#1424=VECTOR('',#2416,1.);
#1425=VECTOR('',#2417,1.);
#1426=VECTOR('',#2420,1.);
#1427=VECTOR('',#2427,1.);
#1428=VECTOR('',#2428,1.);
#1429=VECTOR('',#2429,1.);
#1430=VECTOR('',#2432,1.);
#1431=VECTOR('',#2439,1.);
#1432=VECTOR('',#2440,1.);
#1433=VECTOR('',#2441,1.);
#1434=VECTOR('',#2444,1.);
#1435=VECTOR('',#2451,1.);
#1436=VECTOR('',#2452,1.);
#1437=VECTOR('',#2455,1.);
#1438=VECTOR('',#2456,1.);
#1439=VECTOR('',#2459,1.);
#1440=VECTOR('',#2460,1.);
#1441=VECTOR('',#2463,1.);
#1442=VECTOR('',#2466,1.);
#1443=VECTOR('',#2469,1.);
#1444=VECTOR('',#2472,1.);
#1445=VECTOR('',#2475,1.);
#1446=VECTOR('',#2478,1.);
#1447=VECTOR('',#2481,1.);
#1448=VECTOR('',#2484,1.);
#1449=VECTOR('',#2487,1.);
#1450=VECTOR('',#2490,1.);
#1451=VECTOR('',#2493,1.);
#1452=VECTOR('',#2496,1.);
#1453=VECTOR('',#2499,1.);
#1454=VECTOR('',#2500,1.);
#1455=VECTOR('',#2501,1.);
#1456=VECTOR('',#2502,1.);
#1457=VECTOR('',#2509,1.);
#1458=VECTOR('',#2514,1.);
#1459=VECTOR('',#2519,1.);
#1460=VECTOR('',#2520,1.);
#1461=VECTOR('',#2521,1.);
#1462=VECTOR('',#2524,1.);
#1463=VECTOR('',#2525,1.);
#1464=VECTOR('',#2528,1.);
#1465=VECTOR('',#2529,1.);
#1466=VECTOR('',#2532,1.);
#1467=VECTOR('',#2533,1.);
#1468=VECTOR('',#2536,1.);
#1469=VECTOR('',#2537,1.);
#1470=VECTOR('',#2540,1.);
#1471=VECTOR('',#2541,1.);
#1472=VECTOR('',#2544,1.);
#1473=VECTOR('',#2545,1.);
#1474=VECTOR('',#2548,1.);
#1475=EDGE_LOOP('',(#186,#187,#188,#189));
#1476=EDGE_LOOP('',(#190,#191,#192,#193,#194,#195,#196,#197));
#1477=EDGE_LOOP('',(#198,#199,#200,#201));
#1478=EDGE_LOOP('',(#202,#203,#204,#205,#206,#207,#208,#209));
#1479=EDGE_LOOP('',(#210,#211,#212,#213));
#1480=EDGE_LOOP('',(#214));
#1481=EDGE_LOOP('',(#215));
#1482=EDGE_LOOP('',(#216));
#1483=EDGE_LOOP('',(#217,#218,#219,#220));
#1484=EDGE_LOOP('',(#221));
#1485=EDGE_LOOP('',(#222,#223,#224,#225));
#1486=EDGE_LOOP('',(#226));
#1487=EDGE_LOOP('',(#227));
#1488=EDGE_LOOP('',(#228));
#1489=EDGE_LOOP('',(#229,#230,#231,#232));
#1490=EDGE_LOOP('',(#233));
#1491=EDGE_LOOP('',(#234,#235,#236,#237));
#1492=EDGE_LOOP('',(#238,#239,#240,#241));
#1493=EDGE_LOOP('',(#242,#243,#244,#245));
#1494=EDGE_LOOP('',(#246,#247,#248,#249));
#1495=EDGE_LOOP('',(#250,#251,#252,#253));
#1496=EDGE_LOOP('',(#254,#255,#256,#257));
#1497=EDGE_LOOP('',(#258));
#1498=EDGE_LOOP('',(#259));
#1499=EDGE_LOOP('',(#260));
#1500=EDGE_LOOP('',(#261));
#1501=EDGE_LOOP('',(#262,#263,#264,#265));
#1502=EDGE_LOOP('',(#266,#267,#268,#269));
#1503=EDGE_LOOP('',(#270,#271,#272,#273));
#1504=EDGE_LOOP('',(#274,#275,#276,#277));
#1505=EDGE_LOOP('',(#278,#279,#280,#281));
#1506=EDGE_LOOP('',(#282,#283,#284,#285));
#1507=EDGE_LOOP('',(#286,#287,#288,#289));
#1508=EDGE_LOOP('',(#290,#291,#292,#293,#294,#295,#296,#297));
#1509=EDGE_LOOP('',(#298,#299,#300,#301,#302,#303,#304,#305));
#1510=EDGE_LOOP('',(#306));
#1511=EDGE_LOOP('',(#307));
#1512=EDGE_LOOP('',(#308));
#1513=EDGE_LOOP('',(#309));
#1514=EDGE_LOOP('',(#310));
#1515=EDGE_LOOP('',(#311));
#1516=EDGE_LOOP('',(#312));
#1517=EDGE_LOOP('',(#313));
#1518=EDGE_LOOP('',(#314,#315,#316,#317));
#1519=EDGE_LOOP('',(#318,#319,#320,#321));
#1520=EDGE_LOOP('',(#322,#323,#324,#325));
#1521=EDGE_LOOP('',(#326,#327,#328,#329));
#1522=EDGE_LOOP('',(#330,#331,#332,#333));
#1523=EDGE_LOOP('',(#334,#335,#336,#337));
#1524=EDGE_LOOP('',(#338,#339,#340,#341));
#1525=EDGE_LOOP('',(#342,#343,#344,#345));
#1526=EDGE_LOOP('',(#346,#347,#348,#349));
#1527=EDGE_LOOP('',(#350,#351,#352,#353));
#1528=EDGE_LOOP('',(#354,#355,#356,#357));
#1529=EDGE_LOOP('',(#358,#359,#360,#361));
#1530=EDGE_LOOP('',(#362,#363,#364,#365));
#1531=EDGE_LOOP('',(#366,#367,#368,#369));
#1532=EDGE_LOOP('',(#370,#371,#372,#373));
#1533=EDGE_LOOP('',(#374,#375,#376,#377));
#1534=EDGE_LOOP('',(#378,#379,#380,#381));
#1535=EDGE_LOOP('',(#382,#383,#384,#385));
#1536=EDGE_LOOP('',(#386,#387,#388,#389));
#1537=EDGE_LOOP('',(#390,#391,#392,#393));
#1538=EDGE_LOOP('',(#394,#395,#396,#397));
#1539=EDGE_LOOP('',(#398,#399,#400,#401));
#1540=EDGE_LOOP('',(#402,#403,#404,#405));
#1541=EDGE_LOOP('',(#406,#407,#408,#409));
#1542=EDGE_LOOP('',(#410,#411,#412,#413,#414,#415,#416,#417));
#1543=EDGE_LOOP('',(#418,#419,#420,#421,#422,#423,#424,#425));
#1544=EDGE_LOOP('',(#426,#427,#428,#429,#430,#431,#432,#433));
#1545=EDGE_LOOP('',(#434,#435,#436,#437));
#1546=EDGE_LOOP('',(#438,#439,#440,#441));
#1547=EDGE_LOOP('',(#442,#443,#444,#445,#446,#447,#448,#449));
#1548=EDGE_LOOP('',(#450,#451,#452,#453,#454,#455,#456,#457));
#1549=EDGE_LOOP('',(#458,#459,#460,#461,#462,#463,#464,#465));
#1550=EDGE_LOOP('',(#466,#467,#468,#469,#470));
#1551=EDGE_LOOP('',(#471,#472,#473,#474,#475));
#1552=EDGE_LOOP('',(#476,#477,#478,#479));
#1553=EDGE_LOOP('',(#480,#481,#482,#483));
#1554=EDGE_LOOP('',(#484,#485,#486,#487));
#1555=EDGE_LOOP('',(#488,#489,#490,#491));
#1556=EDGE_LOOP('',(#492,#493,#494,#495));
#1557=EDGE_LOOP('',(#496,#497,#498,#499));
#1558=EDGE_LOOP('',(#500,#501,#502,#503));
#1559=EDGE_LOOP('',(#504,#505,#506,#507));
#1560=EDGE_LOOP('',(#508,#509,#510,#511));
#1561=EDGE_LOOP('',(#512,#513,#514,#515,#516,#517,#518,#519));
#1562=EDGE_LOOP('',(#520,#521,#522,#523));
#1563=EDGE_LOOP('',(#524,#525,#526));
#1564=EDGE_LOOP('',(#527,#528,#529));
#1565=EDGE_LOOP('',(#530,#531,#532,#533));
#1566=EDGE_LOOP('',(#534,#535,#536,#537));
#1567=EDGE_LOOP('',(#538,#539,#540,#541));
#1568=EDGE_LOOP('',(#542,#543,#544,#545));
#1569=EDGE_LOOP('',(#546,#547,#548,#549,#550,#551,#552,#553));
#1570=EDGE_LOOP('',(#554,#555,#556,#557));
#1571=EDGE_LOOP('',(#558,#559,#560));
#1572=EDGE_LOOP('',(#561,#562,#563));
#1573=EDGE_LOOP('',(#564,#565,#566));
#1574=EDGE_LOOP('',(#567,#568,#569));
#1575=EDGE_LOOP('',(#570,#571,#572,#573));
#1576=EDGE_LOOP('',(#574,#575,#576,#577));
#1577=EDGE_LOOP('',(#578,#579,#580,#581));
#1578=EDGE_LOOP('',(#582,#583,#584,#585));
#1579=EDGE_LOOP('',(#586,#587,#588));
#1580=EDGE_LOOP('',(#589,#590,#591));
#1581=EDGE_LOOP('',(#592,#593,#594,#595));
#1582=EDGE_LOOP('',(#596,#597,#598,#599));
#1583=EDGE_LOOP('',(#600,#601,#602,#603));
#1584=EDGE_LOOP('',(#604,#605,#606,#607));
#1585=EDGE_LOOP('',(#608,#609,#610,#611));
#1586=EDGE_LOOP('',(#612,#613,#614,#615));
#1587=EDGE_LOOP('',(#616,#617,#618,#619));
#1588=EDGE_LOOP('',(#620,#621,#622,#623));
#1589=EDGE_LOOP('',(#624,#625,#626,#627));
#1590=EDGE_LOOP('',(#628,#629,#630,#631));
#1591=EDGE_LOOP('',(#632,#633,#634,#635));
#1592=EDGE_LOOP('',(#636,#637,#638,#639));
#1593=EDGE_LOOP('',(#640,#641,#642,#643));
#1594=EDGE_LOOP('',(#644,#645,#646,#647));
#1595=EDGE_LOOP('',(#648,#649,#650,#651));
#1596=EDGE_LOOP('',(#652,#653,#654,#655));
#1597=EDGE_LOOP('',(#656,#657,#658,#659));
#1598=EDGE_LOOP('',(#660,#661,#662,#663));
#1599=EDGE_LOOP('',(#664,#665,#666,#667));
#1600=EDGE_LOOP('',(#668,#669,#670,#671));
#1601=EDGE_LOOP('',(#672,#673,#674,#675));
#1602=EDGE_LOOP('',(#676,#677,#678,#679));
#1603=EDGE_LOOP('',(#680,#681,#682,#683));
#1604=EDGE_LOOP('',(#684,#685,#686,#687));
#1605=EDGE_LOOP('',(#688,#689,#690,#691));
#1606=EDGE_LOOP('',(#692,#693,#694,#695));
#1607=EDGE_LOOP('',(#696,#697,#698,#699));
#1608=EDGE_LOOP('',(#700,#701,#702,#703));
#1609=EDGE_LOOP('',(#704,#705,#706,#707));
#1610=EDGE_LOOP('',(#708));
#1611=EDGE_LOOP('',(#709));
#1612=EDGE_LOOP('',(#710));
#1613=EDGE_LOOP('',(#711));
#1614=EDGE_LOOP('',(#712));
#1615=EDGE_LOOP('',(#713));
#1616=EDGE_LOOP('',(#714));
#1617=EDGE_LOOP('',(#715));
#1618=EDGE_LOOP('',(#716));
#1619=EDGE_LOOP('',(#717));
#1620=EDGE_LOOP('',(#718));
#1621=EDGE_LOOP('',(#719));
#1622=FACE_BOUND('',#1475,.T.);
#1623=FACE_BOUND('',#1476,.T.);
#1624=FACE_BOUND('',#1477,.T.);
#1625=FACE_BOUND('',#1478,.T.);
#1626=FACE_BOUND('',#1479,.T.);
#1627=FACE_BOUND('',#1480,.T.);
#1628=FACE_BOUND('',#1481,.T.);
#1629=FACE_BOUND('',#1482,.T.);
#1630=FACE_BOUND('',#1483,.T.);
#1631=FACE_BOUND('',#1484,.T.);
#1632=FACE_BOUND('',#1485,.T.);
#1633=FACE_BOUND('',#1486,.T.);
#1634=FACE_BOUND('',#1487,.T.);
#1635=FACE_BOUND('',#1488,.T.);
#1636=FACE_BOUND('',#1489,.T.);
#1637=FACE_BOUND('',#1490,.T.);
#1638=FACE_BOUND('',#1491,.T.);
#1639=FACE_BOUND('',#1492,.T.);
#1640=FACE_BOUND('',#1493,.T.);
#1641=FACE_BOUND('',#1494,.T.);
#1642=FACE_BOUND('',#1495,.T.);
#1643=FACE_BOUND('',#1496,.T.);
#1644=FACE_BOUND('',#1497,.T.);
#1645=FACE_BOUND('',#1498,.T.);
#1646=FACE_BOUND('',#1499,.T.);
#1647=FACE_BOUND('',#1500,.T.);
#1648=FACE_BOUND('',#1501,.T.);
#1649=FACE_BOUND('',#1502,.T.);
#1650=FACE_BOUND('',#1503,.T.);
#1651=FACE_BOUND('',#1504,.T.);
#1652=FACE_BOUND('',#1505,.T.);
#1653=FACE_BOUND('',#1506,.T.);
#1654=FACE_BOUND('',#1507,.T.);
#1655=FACE_BOUND('',#1508,.T.);
#1656=FACE_BOUND('',#1509,.T.);
#1657=FACE_BOUND('',#1510,.T.);
#1658=FACE_BOUND('',#1511,.T.);
#1659=FACE_BOUND('',#1512,.T.);
#1660=FACE_BOUND('',#1513,.T.);
#1661=FACE_BOUND('',#1514,.T.);
#1662=FACE_BOUND('',#1515,.T.);
#1663=FACE_BOUND('',#1516,.T.);
#1664=FACE_BOUND('',#1517,.T.);
#1665=FACE_BOUND('',#1518,.T.);
#1666=FACE_BOUND('',#1519,.T.);
#1667=FACE_BOUND('',#1520,.T.);
#1668=FACE_BOUND('',#1521,.T.);
#1669=FACE_BOUND('',#1522,.T.);
#1670=FACE_BOUND('',#1523,.T.);
#1671=FACE_BOUND('',#1524,.T.);
#1672=FACE_BOUND('',#1525,.T.);
#1673=FACE_BOUND('',#1526,.T.);
#1674=FACE_BOUND('',#1527,.T.);
#1675=FACE_BOUND('',#1528,.T.);
#1676=FACE_BOUND('',#1529,.T.);
#1677=FACE_BOUND('',#1530,.T.);
#1678=FACE_BOUND('',#1531,.T.);
#1679=FACE_BOUND('',#1532,.T.);
#1680=FACE_BOUND('',#1533,.T.);
#1681=FACE_BOUND('',#1534,.T.);
#1682=FACE_BOUND('',#1535,.T.);
#1683=FACE_BOUND('',#1536,.T.);
#1684=FACE_BOUND('',#1537,.T.);
#1685=FACE_BOUND('',#1538,.T.);
#1686=FACE_BOUND('',#1539,.T.);
#1687=FACE_BOUND('',#1540,.T.);
#1688=FACE_BOUND('',#1541,.T.);
#1689=FACE_BOUND('',#1542,.T.);
#1690=FACE_BOUND('',#1543,.T.);
#1691=FACE_BOUND('',#1544,.T.);
#1692=FACE_BOUND('',#1545,.T.);
#1693=FACE_BOUND('',#1546,.T.);
#1694=FACE_BOUND('',#1547,.T.);
#1695=FACE_BOUND('',#1548,.T.);
#1696=FACE_BOUND('',#1549,.T.);
#1697=FACE_BOUND('',#1550,.T.);
#1698=FACE_BOUND('',#1551,.T.);
#1699=FACE_BOUND('',#1552,.T.);
#1700=FACE_BOUND('',#1553,.T.);
#1701=FACE_BOUND('',#1554,.T.);
#1702=FACE_BOUND('',#1555,.T.);
#1703=FACE_BOUND('',#1556,.T.);
#1704=FACE_BOUND('',#1557,.T.);
#1705=FACE_BOUND('',#1558,.T.);
#1706=FACE_BOUND('',#1559,.T.);
#1707=FACE_BOUND('',#1560,.T.);
#1708=FACE_BOUND('',#1561,.T.);
#1709=FACE_BOUND('',#1562,.T.);
#1710=FACE_BOUND('',#1563,.T.);
#1711=FACE_BOUND('',#1564,.T.);
#1712=FACE_BOUND('',#1565,.T.);
#1713=FACE_BOUND('',#1566,.T.);
#1714=FACE_BOUND('',#1567,.T.);
#1715=FACE_BOUND('',#1568,.T.);
#1716=FACE_BOUND('',#1569,.T.);
#1717=FACE_BOUND('',#1570,.T.);
#1718=FACE_BOUND('',#1571,.T.);
#1719=FACE_BOUND('',#1572,.T.);
#1720=FACE_BOUND('',#1573,.T.);
#1721=FACE_BOUND('',#1574,.T.);
#1722=FACE_BOUND('',#1575,.T.);
#1723=FACE_BOUND('',#1576,.T.);
#1724=FACE_BOUND('',#1577,.T.);
#1725=FACE_BOUND('',#1578,.T.);
#1726=FACE_BOUND('',#1579,.T.);
#1727=FACE_BOUND('',#1580,.T.);
#1728=FACE_BOUND('',#1581,.T.);
#1729=FACE_BOUND('',#1582,.T.);
#1730=FACE_BOUND('',#1583,.T.);
#1731=FACE_BOUND('',#1584,.T.);
#1732=FACE_BOUND('',#1585,.T.);
#1733=FACE_BOUND('',#1586,.T.);
#1734=FACE_BOUND('',#1587,.T.);
#1735=FACE_BOUND('',#1588,.T.);
#1736=FACE_BOUND('',#1589,.T.);
#1737=FACE_BOUND('',#1590,.T.);
#1738=FACE_BOUND('',#1591,.T.);
#1739=FACE_BOUND('',#1592,.T.);
#1740=FACE_BOUND('',#1593,.T.);
#1741=FACE_BOUND('',#1594,.T.);
#1742=FACE_BOUND('',#1595,.T.);
#1743=FACE_BOUND('',#1596,.T.);
#1744=FACE_BOUND('',#1597,.T.);
#1745=FACE_BOUND('',#1598,.T.);
#1746=FACE_BOUND('',#1599,.T.);
#1747=FACE_BOUND('',#1600,.T.);
#1748=FACE_BOUND('',#1601,.T.);
#1749=FACE_BOUND('',#1602,.T.);
#1750=FACE_BOUND('',#1603,.T.);
#1751=FACE_BOUND('',#1604,.T.);
#1752=FACE_BOUND('',#1605,.T.);
#1753=FACE_BOUND('',#1606,.T.);
#1754=FACE_BOUND('',#1607,.T.);
#1755=FACE_BOUND('',#1608,.T.);
#1756=FACE_BOUND('',#1609,.T.);
#1757=FACE_BOUND('',#1610,.T.);
#1758=FACE_BOUND('',#1611,.T.);
#1759=FACE_BOUND('',#1612,.T.);
#1760=FACE_BOUND('',#1613,.T.);
#1761=FACE_BOUND('',#1614,.T.);
#1762=FACE_BOUND('',#1615,.T.);
#1763=FACE_BOUND('',#1616,.T.);
#1764=FACE_BOUND('',#1617,.T.);
#1765=FACE_BOUND('',#1618,.T.);
#1766=FACE_BOUND('',#1619,.T.);
#1767=FACE_BOUND('',#1620,.T.);
#1768=FACE_BOUND('',#1621,.T.);
#1769=PLANE('',#1946);
#1770=PLANE('',#1947);
#1771=PLANE('',#1948);
#1772=PLANE('',#1953);
#1773=PLANE('',#1958);
#1774=PLANE('',#1959);
#1775=PLANE('',#1960);
#1776=PLANE('',#1961);
#1777=PLANE('',#1962);
#1778=PLANE('',#1963);
#1779=PLANE('',#1964);
#1780=PLANE('',#1969);
#1781=PLANE('',#1970);
#1782=PLANE('',#1971);
#1783=PLANE('',#1972);
#1784=PLANE('',#1973);
#1785=PLANE('',#1974);
#1786=PLANE('',#1975);
#1787=PLANE('',#1983);
#1788=PLANE('',#1987);
#1789=PLANE('',#1991);
#1790=PLANE('',#1998);
#1791=PLANE('',#2002);
#1792=PLANE('',#2006);
#1793=PLANE('',#2013);
#1794=PLANE('',#2017);
#1795=PLANE('',#2021);
#1796=PLANE('',#2025);
#1797=PLANE('',#2026);
#1798=PLANE('',#2027);
#1799=PLANE('',#2028);
#1800=PLANE('',#2041);
#1801=PLANE('',#2042);
#1802=PLANE('',#2044);
#1803=PLANE('',#2046);
#1804=PLANE('',#2047);
#1805=PLANE('',#2048);
#1806=PLANE('',#2049);
#1807=PLANE('',#2050);
#1808=PLANE('',#2051);
#1809=PLANE('',#2052);
#1810=PLANE('',#2053);
#1811=PLANE('',#2054);
#1812=PLANE('',#2055);
#1813=PLANE('',#2158);
#1814=PLANE('',#2161);
#1815=PLANE('',#2164);
#1816=PLANE('',#2167);
#1817=ADVANCED_FACE('',(#1622,#1623),#1769,.T.);
#1818=ADVANCED_FACE('',(#1624,#1625),#1770,.T.);
#1819=ADVANCED_FACE('',(#1626,#1627,#1628,#1629,#1630,#1631),#1771,.F.);
#1820=ADVANCED_FACE('',(#1632,#1633,#1634,#1635,#1636,#1637),#1772,.F.);
#1821=ADVANCED_FACE('',(#1638),#1773,.T.);
#1822=ADVANCED_FACE('',(#1639),#1774,.F.);
#1823=ADVANCED_FACE('',(#1640),#1775,.F.);
#1824=ADVANCED_FACE('',(#1641),#1776,.T.);
#1825=ADVANCED_FACE('',(#1642),#1777,.T.);
#1826=ADVANCED_FACE('',(#1643),#1778,.F.);
#1827=ADVANCED_FACE('',(#1644,#1645,#1646,#1647,#1648),#1779,.F.);
#1828=ADVANCED_FACE('',(#1649),#1780,.T.);
#1829=ADVANCED_FACE('',(#1650),#1781,.F.);
#1830=ADVANCED_FACE('',(#1651),#1782,.F.);
#1831=ADVANCED_FACE('',(#1652),#1783,.T.);
#1832=ADVANCED_FACE('',(#1653),#1784,.T.);
#1833=ADVANCED_FACE('',(#1654),#1785,.F.);
#1834=ADVANCED_FACE('',(#1655,#1656),#1786,.T.);
#1835=ADVANCED_FACE('',(#1657,#1658),#40,.F.);
#1836=ADVANCED_FACE('',(#1659,#1660),#41,.F.);
#1837=ADVANCED_FACE('',(#1661,#1662),#42,.F.);
#1838=ADVANCED_FACE('',(#1663,#1664),#43,.F.);
#1839=ADVANCED_FACE('',(#1665),#44,.F.);
#1840=ADVANCED_FACE('',(#1666),#1787,.F.);
#1841=ADVANCED_FACE('',(#1667),#45,.F.);
#1842=ADVANCED_FACE('',(#1668),#1788,.F.);
#1843=ADVANCED_FACE('',(#1669),#46,.F.);
#1844=ADVANCED_FACE('',(#1670),#1789,.T.);
#1845=ADVANCED_FACE('',(#1671),#47,.F.);
#1846=ADVANCED_FACE('',(#1672),#48,.F.);
#1847=ADVANCED_FACE('',(#1673),#1790,.F.);
#1848=ADVANCED_FACE('',(#1674),#49,.F.);
#1849=ADVANCED_FACE('',(#1675),#1791,.F.);
#1850=ADVANCED_FACE('',(#1676),#50,.F.);
#1851=ADVANCED_FACE('',(#1677),#1792,.T.);
#1852=ADVANCED_FACE('',(#1678),#51,.F.);
#1853=ADVANCED_FACE('',(#1679),#52,.F.);
#1854=ADVANCED_FACE('',(#1680),#1793,.F.);
#1855=ADVANCED_FACE('',(#1681),#53,.F.);
#1856=ADVANCED_FACE('',(#1682),#1794,.F.);
#1857=ADVANCED_FACE('',(#1683),#54,.F.);
#1858=ADVANCED_FACE('',(#1684),#1795,.T.);
#1859=ADVANCED_FACE('',(#1685),#55,.F.);
#1860=ADVANCED_FACE('',(#1686),#1796,.T.);
#1861=ADVANCED_FACE('',(#1687),#1797,.T.);
#1862=ADVANCED_FACE('',(#1688),#1798,.T.);
#1863=ADVANCED_FACE('',(#1689,#1690,#1691,#1692),#1799,.T.);
#1864=ADVANCED_FACE('',(#1693,#1694,#1695,#1696),#1800,.F.);
#1865=ADVANCED_FACE('',(#1697),#1801,.T.);
#1866=ADVANCED_FACE('',(#1698),#1802,.F.);
#1867=ADVANCED_FACE('',(#1699),#1803,.T.);
#1868=ADVANCED_FACE('',(#1700),#1804,.T.);
#1869=ADVANCED_FACE('',(#1701),#1805,.F.);
#1870=ADVANCED_FACE('',(#1702),#1806,.F.);
#1871=ADVANCED_FACE('',(#1703),#1807,.T.);
#1872=ADVANCED_FACE('',(#1704),#1808,.F.);
#1873=ADVANCED_FACE('',(#1705),#1809,.F.);
#1874=ADVANCED_FACE('',(#1706),#1810,.T.);
#1875=ADVANCED_FACE('',(#1707),#1811,.T.);
#1876=ADVANCED_FACE('',(#1708),#1812,.T.);
#1877=ADVANCED_FACE('',(#1709),#56,.T.);
#1878=ADVANCED_FACE('',(#1710),#32,.T.);
#1879=ADVANCED_FACE('',(#1711),#33,.T.);
#1880=ADVANCED_FACE('',(#1712),#57,.T.);
#1881=ADVANCED_FACE('',(#1713),#58,.T.);
#1882=ADVANCED_FACE('',(#1714),#59,.T.);
#1883=ADVANCED_FACE('',(#1715),#60,.T.);
#1884=ADVANCED_FACE('',(#1716),#61,.T.);
#1885=ADVANCED_FACE('',(#1717),#62,.T.);
#1886=ADVANCED_FACE('',(#1718),#34,.T.);
#1887=ADVANCED_FACE('',(#1719),#35,.T.);
#1888=ADVANCED_FACE('',(#1720),#36,.T.);
#1889=ADVANCED_FACE('',(#1721),#37,.T.);
#1890=ADVANCED_FACE('',(#1722),#63,.T.);
#1891=ADVANCED_FACE('',(#1723),#64,.T.);
#1892=ADVANCED_FACE('',(#1724),#65,.T.);
#1893=ADVANCED_FACE('',(#1725),#66,.T.);
#1894=ADVANCED_FACE('',(#1726),#38,.T.);
#1895=ADVANCED_FACE('',(#1727),#39,.T.);
#1896=ADVANCED_FACE('',(#1728),#67,.T.);
#1897=ADVANCED_FACE('',(#1729),#68,.T.);
#1898=ADVANCED_FACE('',(#1730),#69,.T.);
#1899=ADVANCED_FACE('',(#1731),#70,.T.);
#1900=ADVANCED_FACE('',(#1732),#71,.T.);
#1901=ADVANCED_FACE('',(#1733),#16,.T.);
#1902=ADVANCED_FACE('',(#1734),#72,.T.);
#1903=ADVANCED_FACE('',(#1735),#73,.T.);
#1904=ADVANCED_FACE('',(#1736),#17,.T.);
#1905=ADVANCED_FACE('',(#1737),#18,.T.);
#1906=ADVANCED_FACE('',(#1738),#74,.T.);
#1907=ADVANCED_FACE('',(#1739),#75,.T.);
#1908=ADVANCED_FACE('',(#1740),#19,.T.);
#1909=ADVANCED_FACE('',(#1741),#20,.T.);
#1910=ADVANCED_FACE('',(#1742),#76,.T.);
#1911=ADVANCED_FACE('',(#1743),#77,.T.);
#1912=ADVANCED_FACE('',(#1744),#21,.T.);
#1913=ADVANCED_FACE('',(#1745),#22,.T.);
#1914=ADVANCED_FACE('',(#1746),#78,.T.);
#1915=ADVANCED_FACE('',(#1747),#79,.T.);
#1916=ADVANCED_FACE('',(#1748),#23,.T.);
#1917=ADVANCED_FACE('',(#1749),#24,.T.);
#1918=ADVANCED_FACE('',(#1750),#80,.T.);
#1919=ADVANCED_FACE('',(#1751),#81,.T.);
#1920=ADVANCED_FACE('',(#1752),#25,.T.);
#1921=ADVANCED_FACE('',(#1753),#26,.T.);
#1922=ADVANCED_FACE('',(#1754),#82,.T.);
#1923=ADVANCED_FACE('',(#1755),#83,.T.);
#1924=ADVANCED_FACE('',(#1756),#27,.T.);
#1925=ADVANCED_FACE('',(#1757,#1758),#12,.T.);
#1926=ADVANCED_FACE('',(#1759),#1813,.T.);
#1927=ADVANCED_FACE('',(#1760,#1761),#13,.T.);
#1928=ADVANCED_FACE('',(#1762),#1814,.T.);
#1929=ADVANCED_FACE('',(#1763,#1764),#14,.T.);
#1930=ADVANCED_FACE('',(#1765),#1815,.T.);
#1931=ADVANCED_FACE('',(#1766,#1767),#15,.T.);
#1932=ADVANCED_FACE('',(#1768),#1816,.T.);
#1933=CLOSED_SHELL('',(#1817,#1818,#1819,#1820,#1821,#1822,#1823,#1824,#1825,#1826,#1827,#1828,#1829,#1830,#1831,#1832,#1833,#1834,#1835,#1836,#1837,#1838,#1839,#1840,#1841,#1842,#1843,#1844,#1845,#1846,#1847,#1848,#1849,#1850,#1851,#1852,#1853,#1854,#1855,#1856,#1857,#1858,#1859,#1860,#1861,#1862,#1863,#1864,#1865,#1866,#1867,#1868,#1869,#1870,#1871,#1872,#1873,#1874,#1875,#1876,#1877,#1878,#1879,#1880,#1881,#1882,#1883,#1884,#1885,#1886,#1887,#1888,#1889,#1890,#1891,#1892,#1893,#1894,#1895,#1896,#1897,#1898,#1899,#1900,#1901,#1902,#1903,#1904,#1905,#1906,#1907,#1908,#1909,#1910,#1911,#1912,#1913,#1914,#1915,#1916,#1917,#1918,#1919,#1920,#1921,#1922,#1923,#1924,#1925,#1926,#1927,#1928,#1929,#1930,#1931,#1932));
#1934=STYLED_ITEM('',(#1935),#1942);
#1935=PRESENTATION_STYLE_ASSIGNMENT((#1936));
#1936=SURFACE_STYLE_USAGE(.BOTH.,#1937);
#1937=SURFACE_SIDE_STYLE('',(#1938));
#1938=SURFACE_STYLE_FILL_AREA(#1939);
#1939=FILL_AREA_STYLE('',(#1940));
#1940=FILL_AREA_STYLE_COLOUR('',#1941);
#1941=COLOUR_RGB('',0.4,0.4,0.4);
#1942=MANIFOLD_SOLID_BREP('Part 1',#1933);
#1943=SHAPE_DEFINITION_REPRESENTATION(#3331,#1944);
#1944=SHAPE_REPRESENTATION('Part 1',(#1945),#3326);
#1945=AXIS2_PLACEMENT_3D('',#2775,#2168,#2169);
#1946=AXIS2_PLACEMENT_3D('',#2776,#2170,#2171);
#1947=AXIS2_PLACEMENT_3D('',#2801,#2184,#2185);
#1948=AXIS2_PLACEMENT_3D('',#2826,#2198,#2199);
#1949=AXIS2_PLACEMENT_3D('',#2835,#2204,#2205);
#1950=AXIS2_PLACEMENT_3D('',#2837,#2206,#2207);
#1951=AXIS2_PLACEMENT_3D('',#2839,#2208,#2209);
#1952=AXIS2_PLACEMENT_3D('',#2849,#2214,#2215);
#1953=AXIS2_PLACEMENT_3D('',#2851,#2216,#2217);
#1954=AXIS2_PLACEMENT_3D('',#2860,#2222,#2223);
#1955=AXIS2_PLACEMENT_3D('',#2862,#2224,#2225);
#1956=AXIS2_PLACEMENT_3D('',#2864,#2226,#2227);
#1957=AXIS2_PLACEMENT_3D('',#2874,#2232,#2233);
#1958=AXIS2_PLACEMENT_3D('',#2876,#2234,#2235);
#1959=AXIS2_PLACEMENT_3D('',#2879,#2238,#2239);
#1960=AXIS2_PLACEMENT_3D('',#2881,#2241,#2242);
#1961=AXIS2_PLACEMENT_3D('',#2883,#2244,#2245);
#1962=AXIS2_PLACEMENT_3D('',#2884,#2246,#2247);
#1963=AXIS2_PLACEMENT_3D('',#2893,#2252,#2253);
#1964=AXIS2_PLACEMENT_3D('',#2902,#2258,#2259);
#1965=AXIS2_PLACEMENT_3D('',#2903,#2260,#2261);
#1966=AXIS2_PLACEMENT_3D('',#2905,#2262,#2263);
#1967=AXIS2_PLACEMENT_3D('',#2907,#2264,#2265);
#1968=AXIS2_PLACEMENT_3D('',#2909,#2266,#2267);
#1969=AXIS2_PLACEMENT_3D('',#2919,#2272,#2273);
#1970=AXIS2_PLACEMENT_3D('',#2925,#2277,#2278);
#1971=AXIS2_PLACEMENT_3D('',#2929,#2281,#2282);
#1972=AXIS2_PLACEMENT_3D('',#2933,#2285,#2286);
#1973=AXIS2_PLACEMENT_3D('',#2935,#2288,#2289);
#1974=AXIS2_PLACEMENT_3D('',#2938,#2292,#2293);
#1975=AXIS2_PLACEMENT_3D('',#2941,#2296,#2297);
#1976=AXIS2_PLACEMENT_3D('',#2963,#2309,#2310);
#1977=AXIS2_PLACEMENT_3D('',#2964,#2311,#2312);
#1978=AXIS2_PLACEMENT_3D('',#2965,#2313,#2314);
#1979=AXIS2_PLACEMENT_3D('',#2966,#2315,#2316);
#1980=AXIS2_PLACEMENT_3D('',#2967,#2317,#2318);
#1981=AXIS2_PLACEMENT_3D('',#2971,#2320,#2321);
#1982=AXIS2_PLACEMENT_3D('',#2975,#2323,#2324);
#1983=AXIS2_PLACEMENT_3D('',#2976,#2325,#2326);
#1984=AXIS2_PLACEMENT_3D('',#2982,#2330,#2331);
#1985=AXIS2_PLACEMENT_3D('',#2986,#2333,#2334);
#1986=AXIS2_PLACEMENT_3D('',#2987,#2335,#2336);
#1987=AXIS2_PLACEMENT_3D('',#2988,#2337,#2338);
#1988=AXIS2_PLACEMENT_3D('',#2994,#2342,#2343);
#1989=AXIS2_PLACEMENT_3D('',#2998,#2345,#2346);
#1990=AXIS2_PLACEMENT_3D('',#2999,#2347,#2348);
#1991=AXIS2_PLACEMENT_3D('',#3000,#2349,#2350);
#1992=AXIS2_PLACEMENT_3D('',#3006,#2354,#2355);
#1993=AXIS2_PLACEMENT_3D('',#3010,#2357,#2358);
#1994=AXIS2_PLACEMENT_3D('',#3011,#2359,#2360);
#1995=AXIS2_PLACEMENT_3D('',#3012,#2361,#2362);
#1996=AXIS2_PLACEMENT_3D('',#3016,#2364,#2365);
#1997=AXIS2_PLACEMENT_3D('',#3020,#2367,#2368);
#1998=AXIS2_PLACEMENT_3D('',#3021,#2369,#2370);
#1999=AXIS2_PLACEMENT_3D('',#3027,#2374,#2375);
#2000=AXIS2_PLACEMENT_3D('',#3031,#2377,#2378);
#2001=AXIS2_PLACEMENT_3D('',#3032,#2379,#2380);
#2002=AXIS2_PLACEMENT_3D('',#3033,#2381,#2382);
#2003=AXIS2_PLACEMENT_3D('',#3039,#2386,#2387);
#2004=AXIS2_PLACEMENT_3D('',#3043,#2389,#2390);
#2005=AXIS2_PLACEMENT_3D('',#3044,#2391,#2392);
#2006=AXIS2_PLACEMENT_3D('',#3045,#2393,#2394);
#2007=AXIS2_PLACEMENT_3D('',#3051,#2398,#2399);
#2008=AXIS2_PLACEMENT_3D('',#3055,#2401,#2402);
#2009=AXIS2_PLACEMENT_3D('',#3056,#2403,#2404);
#2010=AXIS2_PLACEMENT_3D('',#3057,#2405,#2406);
#2011=AXIS2_PLACEMENT_3D('',#3061,#2408,#2409);
#2012=AXIS2_PLACEMENT_3D('',#3065,#2411,#2412);
#2013=AXIS2_PLACEMENT_3D('',#3066,#2413,#2414);
#2014=AXIS2_PLACEMENT_3D('',#3072,#2418,#2419);
#2015=AXIS2_PLACEMENT_3D('',#3076,#2421,#2422);
#2016=AXIS2_PLACEMENT_3D('',#3077,#2423,#2424);
#2017=AXIS2_PLACEMENT_3D('',#3078,#2425,#2426);
#2018=AXIS2_PLACEMENT_3D('',#3084,#2430,#2431);
#2019=AXIS2_PLACEMENT_3D('',#3088,#2433,#2434);
#2020=AXIS2_PLACEMENT_3D('',#3089,#2435,#2436);
#2021=AXIS2_PLACEMENT_3D('',#3090,#2437,#2438);
#2022=AXIS2_PLACEMENT_3D('',#3096,#2442,#2443);
#2023=AXIS2_PLACEMENT_3D('',#3100,#2445,#2446);
#2024=AXIS2_PLACEMENT_3D('',#3101,#2447,#2448);
#2025=AXIS2_PLACEMENT_3D('',#3102,#2449,#2450);
#2026=AXIS2_PLACEMENT_3D('',#3105,#2453,#2454);
#2027=AXIS2_PLACEMENT_3D('',#3108,#2457,#2458);
#2028=AXIS2_PLACEMENT_3D('',#3111,#2461,#2462);
#2029=AXIS2_PLACEMENT_3D('',#3115,#2464,#2465);
#2030=AXIS2_PLACEMENT_3D('',#3119,#2467,#2468);
#2031=AXIS2_PLACEMENT_3D('',#3123,#2470,#2471);
#2032=AXIS2_PLACEMENT_3D('',#3127,#2473,#2474);
#2033=AXIS2_PLACEMENT_3D('',#3131,#2476,#2477);
#2034=AXIS2_PLACEMENT_3D('',#3135,#2479,#2480);
#2035=AXIS2_PLACEMENT_3D('',#3139,#2482,#2483);
#2036=AXIS2_PLACEMENT_3D('',#3143,#2485,#2486);
#2037=AXIS2_PLACEMENT_3D('',#3147,#2488,#2489);
#2038=AXIS2_PLACEMENT_3D('',#3151,#2491,#2492);
#2039=AXIS2_PLACEMENT_3D('',#3155,#2494,#2495);
#2040=AXIS2_PLACEMENT_3D('',#3159,#2497,#2498);
#2041=AXIS2_PLACEMENT_3D('',#3168,#2503,#2504);
#2042=AXIS2_PLACEMENT_3D('',#3169,#2505,#2506);
#2043=AXIS2_PLACEMENT_3D('',#3170,#2507,#2508);
#2044=AXIS2_PLACEMENT_3D('',#3172,#2510,#2511);
#2045=AXIS2_PLACEMENT_3D('',#3173,#2512,#2513);
#2046=AXIS2_PLACEMENT_3D('',#3175,#2515,#2516);
#2047=AXIS2_PLACEMENT_3D('',#3176,#2517,#2518);
#2048=AXIS2_PLACEMENT_3D('',#3182,#2522,#2523);
#2049=AXIS2_PLACEMENT_3D('',#3186,#2526,#2527);
#2050=AXIS2_PLACEMENT_3D('',#3190,#2530,#2531);
#2051=AXIS2_PLACEMENT_3D('',#3194,#2534,#2535);
#2052=AXIS2_PLACEMENT_3D('',#3198,#2538,#2539);
#2053=AXIS2_PLACEMENT_3D('',#3202,#2542,#2543);
#2054=AXIS2_PLACEMENT_3D('',#3206,#2546,#2547);
#2055=AXIS2_PLACEMENT_3D('',#3208,#2549,#2550);
#2056=AXIS2_PLACEMENT_3D('',#3209,#2551,#2552);
#2057=AXIS2_PLACEMENT_3D('',#3210,#2553,#2554);
#2058=AXIS2_PLACEMENT_3D('',#3211,#2555,#2556);
#2059=AXIS2_PLACEMENT_3D('',#3212,#2557,#2558);
#2060=AXIS2_PLACEMENT_3D('',#3213,#2559,#2560);
#2061=AXIS2_PLACEMENT_3D('',#3214,#2561,#2562);
#2062=AXIS2_PLACEMENT_3D('',#3215,#2563,#2564);
#2063=AXIS2_PLACEMENT_3D('',#3216,#2565,#2566);
#2064=AXIS2_PLACEMENT_3D('',#3217,#2567,#2568);
#2065=AXIS2_PLACEMENT_3D('',#3218,#2569,#2570);
#2066=AXIS2_PLACEMENT_3D('',#3219,#2571,#2572);
#2067=AXIS2_PLACEMENT_3D('',#3220,#2573,#2574);
#2068=AXIS2_PLACEMENT_3D('',#3221,#2575,#2576);
#2069=AXIS2_PLACEMENT_3D('',#3222,#2577,#2578);
#2070=AXIS2_PLACEMENT_3D('',#3223,#2579,#2580);
#2071=AXIS2_PLACEMENT_3D('',#3224,#2581,#2582);
#2072=AXIS2_PLACEMENT_3D('',#3225,#2583,#2584);
#2073=AXIS2_PLACEMENT_3D('',#3226,#2585,#2586);
#2074=AXIS2_PLACEMENT_3D('',#3227,#2587,#2588);
#2075=AXIS2_PLACEMENT_3D('',#3228,#2589,#2590);
#2076=AXIS2_PLACEMENT_3D('',#3229,#2591,#2592);
#2077=AXIS2_PLACEMENT_3D('',#3230,#2593,#2594);
#2078=AXIS2_PLACEMENT_3D('',#3231,#2595,#2596);
#2079=AXIS2_PLACEMENT_3D('',#3232,#2597,#2598);
#2080=AXIS2_PLACEMENT_3D('',#3233,#2599,#2600);
#2081=AXIS2_PLACEMENT_3D('',#3234,#2601,#2602);
#2082=AXIS2_PLACEMENT_3D('',#3235,#2603,#2604);
#2083=AXIS2_PLACEMENT_3D('',#3236,#2605,#2606);
#2084=AXIS2_PLACEMENT_3D('',#3237,#2607,#2608);
#2085=AXIS2_PLACEMENT_3D('',#3238,#2609,#2610);
#2086=AXIS2_PLACEMENT_3D('',#3239,#2611,#2612);
#2087=AXIS2_PLACEMENT_3D('',#3240,#2613,#2614);
#2088=AXIS2_PLACEMENT_3D('',#3241,#2615,#2616);
#2089=AXIS2_PLACEMENT_3D('',#3242,#2617,#2618);
#2090=AXIS2_PLACEMENT_3D('',#3243,#2619,#2620);
#2091=AXIS2_PLACEMENT_3D('',#3244,#2621,#2622);
#2092=AXIS2_PLACEMENT_3D('',#3245,#2623,#2624);
#2093=AXIS2_PLACEMENT_3D('',#3246,#2625,#2626);
#2094=AXIS2_PLACEMENT_3D('',#3247,#2627,#2628);
#2095=AXIS2_PLACEMENT_3D('',#3248,#2629,#2630);
#2096=AXIS2_PLACEMENT_3D('',#3249,#2631,#2632);
#2097=AXIS2_PLACEMENT_3D('',#3250,#2633,#2634);
#2098=AXIS2_PLACEMENT_3D('',#3251,#2635,#2636);
#2099=AXIS2_PLACEMENT_3D('',#3252,#2637,#2638);
#2100=AXIS2_PLACEMENT_3D('',#3253,#2639,#2640);
#2101=AXIS2_PLACEMENT_3D('',#3254,#2641,#2642);
#2102=AXIS2_PLACEMENT_3D('',#3255,#2643,#2644);
#2103=AXIS2_PLACEMENT_3D('',#3256,#2645,#2646);
#2104=AXIS2_PLACEMENT_3D('',#3257,#2647,#2648);
#2105=AXIS2_PLACEMENT_3D('',#3258,#2649,#2650);
#2106=AXIS2_PLACEMENT_3D('',#3259,#2651,#2652);
#2107=AXIS2_PLACEMENT_3D('',#3260,#2653,#2654);
#2108=AXIS2_PLACEMENT_3D('',#3261,#2655,#2656);
#2109=AXIS2_PLACEMENT_3D('',#3262,#2657,#2658);
#2110=AXIS2_PLACEMENT_3D('',#3263,#2659,#2660);
#2111=AXIS2_PLACEMENT_3D('',#3264,#2661,#2662);
#2112=AXIS2_PLACEMENT_3D('',#3265,#2663,#2664);
#2113=AXIS2_PLACEMENT_3D('',#3266,#2665,#2666);
#2114=AXIS2_PLACEMENT_3D('',#3267,#2667,#2668);
#2115=AXIS2_PLACEMENT_3D('',#3268,#2669,#2670);
#2116=AXIS2_PLACEMENT_3D('',#3269,#2671,#2672);
#2117=AXIS2_PLACEMENT_3D('',#3270,#2673,#2674);
#2118=AXIS2_PLACEMENT_3D('',#3271,#2675,#2676);
#2119=AXIS2_PLACEMENT_3D('',#3272,#2677,#2678);
#2120=AXIS2_PLACEMENT_3D('',#3273,#2679,#2680);
#2121=AXIS2_PLACEMENT_3D('',#3274,#2681,#2682);
#2122=AXIS2_PLACEMENT_3D('',#3275,#2683,#2684);
#2123=AXIS2_PLACEMENT_3D('',#3276,#2685,#2686);
#2124=AXIS2_PLACEMENT_3D('',#3277,#2687,#2688);
#2125=AXIS2_PLACEMENT_3D('',#3278,#2689,#2690);
#2126=AXIS2_PLACEMENT_3D('',#3279,#2691,#2692);
#2127=AXIS2_PLACEMENT_3D('',#3280,#2693,#2694);
#2128=AXIS2_PLACEMENT_3D('',#3281,#2695,#2696);
#2129=AXIS2_PLACEMENT_3D('',#3282,#2697,#2698);
#2130=AXIS2_PLACEMENT_3D('',#3283,#2699,#2700);
#2131=AXIS2_PLACEMENT_3D('',#3284,#2701,#2702);
#2132=AXIS2_PLACEMENT_3D('',#3285,#2703,#2704);
#2133=AXIS2_PLACEMENT_3D('',#3286,#2705,#2706);
#2134=AXIS2_PLACEMENT_3D('',#3287,#2707,#2708);
#2135=AXIS2_PLACEMENT_3D('',#3288,#2709,#2710);
#2136=AXIS2_PLACEMENT_3D('',#3289,#2711,#2712);
#2137=AXIS2_PLACEMENT_3D('',#3290,#2713,#2714);
#2138=AXIS2_PLACEMENT_3D('',#3291,#2715,#2716);
#2139=AXIS2_PLACEMENT_3D('',#3292,#2717,#2718);
#2140=AXIS2_PLACEMENT_3D('',#3293,#2719,#2720);
#2141=AXIS2_PLACEMENT_3D('',#3294,#2721,#2722);
#2142=AXIS2_PLACEMENT_3D('',#3295,#2723,#2724);
#2143=AXIS2_PLACEMENT_3D('',#3296,#2725,#2726);
#2144=AXIS2_PLACEMENT_3D('',#3297,#2727,#2728);
#2145=AXIS2_PLACEMENT_3D('',#3298,#2729,#2730);
#2146=AXIS2_PLACEMENT_3D('',#3299,#2731,#2732);
#2147=AXIS2_PLACEMENT_3D('',#3300,#2733,#2734);
#2148=AXIS2_PLACEMENT_3D('',#3301,#2735,#2736);
#2149=AXIS2_PLACEMENT_3D('',#3302,#2737,#2738);
#2150=AXIS2_PLACEMENT_3D('',#3303,#2739,#2740);
#2151=AXIS2_PLACEMENT_3D('',#3304,#2741,#2742);
#2152=AXIS2_PLACEMENT_3D('',#3305,#2743,#2744);
#2153=AXIS2_PLACEMENT_3D('',#3306,#2745,#2746);
#2154=AXIS2_PLACEMENT_3D('',#3307,#2747,#2748);
#2155=AXIS2_PLACEMENT_3D('',#3308,#2749,#2750);
#2156=AXIS2_PLACEMENT_3D('',#3309,#2751,#2752);
#2157=AXIS2_PLACEMENT_3D('',#3310,#2753,#2754);
#2158=AXIS2_PLACEMENT_3D('',#3312,#2755,#2756);
#2159=AXIS2_PLACEMENT_3D('',#3313,#2757,#2758);
#2160=AXIS2_PLACEMENT_3D('',#3314,#2759,#2760);
#2161=AXIS2_PLACEMENT_3D('',#3316,#2761,#2762);
#2162=AXIS2_PLACEMENT_3D('',#3317,#2763,#2764);
#2163=AXIS2_PLACEMENT_3D('',#3318,#2765,#2766);
#2164=AXIS2_PLACEMENT_3D('',#3320,#2767,#2768);
#2165=AXIS2_PLACEMENT_3D('',#3321,#2769,#2770);
#2166=AXIS2_PLACEMENT_3D('',#3322,#2771,#2772);
#2167=AXIS2_PLACEMENT_3D('',#3324,#2773,#2774);
#2168=DIRECTION('',(0.,0.,1.));
#2169=DIRECTION('',(1.,0.,0.));
#2170=DIRECTION('',(0.,1.,0.));
#2171=DIRECTION('',(0.,0.,1.));
#2172=DIRECTION('',(1.,0.,0.));
#2173=DIRECTION('',(-1.82602471155453E-16,0.,1.));
#2174=DIRECTION('',(1.,0.,0.));
#2175=DIRECTION('',(-1.82602471155453E-16,0.,1.));
#2176=DIRECTION('',(0.,0.,-1.));
#2177=DIRECTION('',(1.,0.,0.));
#2178=DIRECTION('',(2.16840434497101E-16,0.,1.));
#2179=DIRECTION('',(-1.,0.,0.));
#2180=DIRECTION('',(2.16840434497101E-16,0.,1.));
#2181=DIRECTION('',(1.,0.,0.));
#2182=DIRECTION('',(0.,0.,-1.));
#2183=DIRECTION('',(1.,0.,0.));
#2184=DIRECTION('',(0.,-1.,0.));
#2185=DIRECTION('',(0.,0.,-1.));
#2186=DIRECTION('',(-1.,0.,0.));
#2187=DIRECTION('',(1.82602471155453E-16,0.,-1.));
#2188=DIRECTION('',(-1.,0.,0.));
#2189=DIRECTION('',(1.82602471155453E-16,0.,-1.));
#2190=DIRECTION('',(1.,0.,0.));
#2191=DIRECTION('',(-2.16840434497101E-16,0.,-1.));
#2192=DIRECTION('',(1.,0.,0.));
#2193=DIRECTION('',(0.,0.,1.));
#2194=DIRECTION('',(1.,0.,0.));
#2195=DIRECTION('',(0.,0.,1.));
#2196=DIRECTION('',(1.,0.,0.));
#2197=DIRECTION('',(-2.16840434497101E-16,0.,-1.));
#2198=DIRECTION('',(0.,1.,0.));
#2199=DIRECTION('',(0.,0.,1.));
#2200=DIRECTION('',(0.,0.,-1.));
#2201=DIRECTION('',(1.,0.,0.));
#2202=DIRECTION('',(0.,0.,-1.));
#2203=DIRECTION('',(1.,0.,0.));
#2204=DIRECTION('',(0.,1.,0.));
#2205=DIRECTION('',(0.,0.,1.));
#2206=DIRECTION('',(0.,1.,0.));
#2207=DIRECTION('',(0.,0.,1.));
#2208=DIRECTION('',(0.,1.,0.));
#2209=DIRECTION('',(0.,0.,1.));
#2210=DIRECTION('',(-1.82602471155453E-16,0.,1.));
#2211=DIRECTION('',(1.,0.,0.));
#2212=DIRECTION('',(-1.82602471155453E-16,0.,1.));
#2213=DIRECTION('',(1.,0.,0.));
#2214=DIRECTION('',(0.,1.,0.));
#2215=DIRECTION('',(0.,0.,1.));
#2216=DIRECTION('',(0.,-1.,0.));
#2217=DIRECTION('',(0.,0.,-1.));
#2218=DIRECTION('',(1.82602471155453E-16,0.,-1.));
#2219=DIRECTION('',(-1.,0.,0.));
#2220=DIRECTION('',(1.82602471155453E-16,0.,-1.));
#2221=DIRECTION('',(-1.,0.,0.));
#2222=DIRECTION('',(0.,1.,0.));
#2223=DIRECTION('',(0.,0.,1.));
#2224=DIRECTION('',(0.,1.,0.));
#2225=DIRECTION('',(0.,0.,1.));
#2226=DIRECTION('',(0.,1.,0.));
#2227=DIRECTION('',(0.,0.,1.));
#2228=DIRECTION('',(1.,0.,0.));
#2229=DIRECTION('',(0.,0.,1.));
#2230=DIRECTION('',(1.,0.,0.));
#2231=DIRECTION('',(0.,0.,1.));
#2232=DIRECTION('',(0.,-1.,0.));
#2233=DIRECTION('',(0.,0.,1.));
#2234=DIRECTION('',(1.,0.,1.82602471155453E-16));
#2235=DIRECTION('',(1.82602471155453E-16,0.,-1.));
#2236=DIRECTION('',(0.,-1.,0.));
#2237=DIRECTION('',(0.,-1.,0.));
#2238=DIRECTION('',(0.,0.,-1.));
#2239=DIRECTION('',(-1.,0.,0.));
#2240=DIRECTION('',(0.,-1.,0.));
#2241=DIRECTION('',(1.,0.,1.82602471155453E-16));
#2242=DIRECTION('',(1.82602471155453E-16,0.,-1.));
#2243=DIRECTION('',(0.,-1.,0.));
#2244=DIRECTION('',(0.,0.,-1.));
#2245=DIRECTION('',(-1.,0.,0.));
#2246=DIRECTION('',(-1.,-2.31296463463574E-16,0.));
#2247=DIRECTION('',(2.31296463463574E-16,-1.,0.));
#2248=DIRECTION('',(0.,0.,-1.));
#2249=DIRECTION('',(-2.31296463463574E-16,1.,0.));
#2250=DIRECTION('',(0.,0.,-1.));
#2251=DIRECTION('',(-2.31296463463574E-16,1.,0.));
#2252=DIRECTION('',(-1.,-2.31296463463574E-16,0.));
#2253=DIRECTION('',(2.31296463463574E-16,-1.,0.));
#2254=DIRECTION('',(0.,0.,-1.));
#2255=DIRECTION('',(-2.31296463463574E-16,1.,0.));
#2256=DIRECTION('',(0.,0.,-1.));
#2257=DIRECTION('',(-2.31296463463574E-16,1.,0.));
#2258=DIRECTION('',(0.,0.,1.));
#2259=DIRECTION('',(1.,0.,0.));
#2260=DIRECTION('',(0.,0.,1.));
#2261=DIRECTION('',(-1.,0.,0.));
#2262=DIRECTION('',(0.,0.,-1.));
#2263=DIRECTION('',(-1.,0.,0.));
#2264=DIRECTION('',(0.,0.,-1.));
#2265=DIRECTION('',(-1.,0.,0.));
#2266=DIRECTION('',(0.,0.,1.));
#2267=DIRECTION('',(-1.,0.,0.));
#2268=DIRECTION('',(-2.31296463463574E-16,1.,0.));
#2269=DIRECTION('',(1.,0.,0.));
#2270=DIRECTION('',(-2.31296463463574E-16,1.,0.));
#2271=DIRECTION('',(1.,0.,0.));
#2272=DIRECTION('',(1.,0.,1.82602471155453E-16));
#2273=DIRECTION('',(1.82602471155453E-16,0.,-1.));
#2274=DIRECTION('',(0.,-1.,0.));
#2275=DIRECTION('',(1.82602471155453E-16,0.,-1.));
#2276=DIRECTION('',(0.,-1.,0.));
#2277=DIRECTION('',(0.,0.,-1.));
#2278=DIRECTION('',(-1.,0.,0.));
#2279=DIRECTION('',(0.,-1.,0.));
#2280=DIRECTION('',(-1.,0.,0.));
#2281=DIRECTION('',(1.,0.,1.82602471155453E-16));
#2282=DIRECTION('',(1.82602471155453E-16,0.,-1.));
#2283=DIRECTION('',(0.,-1.,0.));
#2284=DIRECTION('',(1.82602471155453E-16,0.,-1.));
#2285=DIRECTION('',(0.,0.,-1.));
#2286=DIRECTION('',(-1.,0.,0.));
#2287=DIRECTION('',(-1.,0.,0.));
#2288=DIRECTION('',(1.,2.77555756156289E-16,0.));
#2289=DIRECTION('',(-2.77555756156289E-16,1.,0.));
#2290=DIRECTION('',(-2.77555756156289E-16,1.,0.));
#2291=DIRECTION('',(-2.77555756156289E-16,1.,0.));
#2292=DIRECTION('',(1.,2.77555756156289E-16,0.));
#2293=DIRECTION('',(-2.77555756156289E-16,1.,0.));
#2294=DIRECTION('',(-2.77555756156289E-16,1.,0.));
#2295=DIRECTION('',(-2.77555756156289E-16,1.,0.));
#2296=DIRECTION('',(0.,0.,1.));
#2297=DIRECTION('',(1.,0.,0.));
#2298=DIRECTION('',(1.,0.,0.));
#2299=DIRECTION('',(-1.7347234759768E-16,1.,0.));
#2300=DIRECTION('',(1.,1.73472347597681E-15,0.));
#2301=DIRECTION('',(-1.65211759616839E-16,1.,0.));
#2302=DIRECTION('',(1.,0.,0.));
#2303=DIRECTION('',(-1.65211759616839E-16,1.,0.));
#2304=DIRECTION('',(-1.,-1.73472347597681E-15,0.));
#2305=DIRECTION('',(-1.7347234759768E-16,1.,0.));
#2306=DIRECTION('',(0.,1.,0.));
#2307=DIRECTION('',(-1.,0.,0.));
#2308=DIRECTION('',(0.,1.,0.));
#2309=DIRECTION('',(0.,1.,0.));
#2310=DIRECTION('',(0.,0.,1.));
#2311=DIRECTION('',(0.,1.,0.));
#2312=DIRECTION('',(0.,0.,1.));
#2313=DIRECTION('',(0.,1.,0.));
#2314=DIRECTION('',(0.,0.,1.));
#2315=DIRECTION('',(0.,1.,0.));
#2316=DIRECTION('',(0.,0.,1.));
#2317=DIRECTION('',(0.,0.,-1.));
#2318=DIRECTION('',(-1.,0.,0.));
#2319=DIRECTION('',(0.,0.,-1.));
#2320=DIRECTION('',(0.,0.,1.));
#2321=DIRECTION('',(1.,0.,0.));
#2322=DIRECTION('',(0.,0.,-1.));
#2323=DIRECTION('',(0.,0.,1.));
#2324=DIRECTION('',(1.,0.,0.));
#2325=DIRECTION('',(-1.,0.,0.));
#2326=DIRECTION('',(0.,0.,1.));
#2327=DIRECTION('',(0.,0.,-1.));
#2328=DIRECTION('',(0.,1.,0.));
#2329=DIRECTION('',(0.,1.,0.));
#2330=DIRECTION('',(0.,0.,-1.));
#2331=DIRECTION('',(-1.,0.,0.));
#2332=DIRECTION('',(0.,0.,-1.));
#2333=DIRECTION('',(0.,0.,1.));
#2334=DIRECTION('',(1.,0.,0.));
#2335=DIRECTION('',(0.,0.,1.));
#2336=DIRECTION('',(1.,0.,0.));
#2337=DIRECTION('',(6.67201336914157E-17,1.,0.));
#2338=DIRECTION('',(-1.,6.67201336914157E-17,0.));
#2339=DIRECTION('',(0.,0.,-1.));
#2340=DIRECTION('',(1.,-6.67201336914157E-17,0.));
#2341=DIRECTION('',(1.,-6.67201336914157E-17,0.));
#2342=DIRECTION('',(0.,0.,-1.));
#2343=DIRECTION('',(-1.,0.,0.));
#2344=DIRECTION('',(0.,0.,-1.));
#2345=DIRECTION('',(0.,0.,1.));
#2346=DIRECTION('',(1.,0.,0.));
#2347=DIRECTION('',(0.,0.,1.));
#2348=DIRECTION('',(1.,0.,0.));
#2349=DIRECTION('',(-1.,0.,0.));
#2350=DIRECTION('',(0.,0.,1.));
#2351=DIRECTION('',(0.,0.,-1.));
#2352=DIRECTION('',(0.,1.,0.));
#2353=DIRECTION('',(0.,1.,0.));
#2354=DIRECTION('',(0.,0.,-1.));
#2355=DIRECTION('',(-1.,0.,0.));
#2356=DIRECTION('',(0.,0.,-1.));
#2357=DIRECTION('',(0.,0.,1.));
#2358=DIRECTION('',(1.,0.,0.));
#2359=DIRECTION('',(0.,0.,1.));
#2360=DIRECTION('',(1.,0.,0.));
#2361=DIRECTION('',(0.,0.,-1.));
#2362=DIRECTION('',(-1.,0.,0.));
#2363=DIRECTION('',(0.,0.,-1.));
#2364=DIRECTION('',(0.,0.,1.));
#2365=DIRECTION('',(1.,0.,0.));
#2366=DIRECTION('',(0.,0.,-1.));
#2367=DIRECTION('',(0.,0.,1.));
#2368=DIRECTION('',(1.,0.,0.));
#2369=DIRECTION('',(-1.,6.67201336914157E-17,0.));
#2370=DIRECTION('',(-6.67201336914157E-17,-1.,0.));
#2371=DIRECTION('',(0.,0.,-1.));
#2372=DIRECTION('',(6.67201336914157E-17,1.,0.));
#2373=DIRECTION('',(6.67201336914157E-17,1.,0.));
#2374=DIRECTION('',(0.,0.,-1.));
#2375=DIRECTION('',(-1.,0.,0.));
#2376=DIRECTION('',(0.,0.,-1.));
#2377=DIRECTION('',(0.,0.,1.));
#2378=DIRECTION('',(1.,0.,0.));
#2379=DIRECTION('',(0.,0.,1.));
#2380=DIRECTION('',(1.,0.,0.));
#2381=DIRECTION('',(6.67201336914157E-17,1.,0.));
#2382=DIRECTION('',(-1.,6.67201336914157E-17,0.));
#2383=DIRECTION('',(0.,0.,-1.));
#2384=DIRECTION('',(1.,-6.67201336914157E-17,0.));
#2385=DIRECTION('',(1.,-6.67201336914157E-17,0.));
#2386=DIRECTION('',(0.,0.,-1.));
#2387=DIRECTION('',(-1.,0.,0.));
#2388=DIRECTION('',(0.,0.,-1.));
#2389=DIRECTION('',(0.,0.,1.));
#2390=DIRECTION('',(1.,0.,0.));
#2391=DIRECTION('',(0.,0.,1.));
#2392=DIRECTION('',(1.,0.,0.));
#2393=DIRECTION('',(-1.,6.67201336914157E-17,0.));
#2394=DIRECTION('',(-6.67201336914157E-17,-1.,0.));
#2395=DIRECTION('',(0.,0.,-1.));
#2396=DIRECTION('',(6.67201336914157E-17,1.,0.));
#2397=DIRECTION('',(6.67201336914157E-17,1.,0.));
#2398=DIRECTION('',(0.,0.,-1.));
#2399=DIRECTION('',(-1.,0.,0.));
#2400=DIRECTION('',(0.,0.,-1.));
#2401=DIRECTION('',(0.,0.,1.));
#2402=DIRECTION('',(1.,0.,0.));
#2403=DIRECTION('',(0.,0.,1.));
#2404=DIRECTION('',(1.,0.,0.));
#2405=DIRECTION('',(0.,0.,-1.));
#2406=DIRECTION('',(-1.,0.,0.));
#2407=DIRECTION('',(0.,0.,-1.));
#2408=DIRECTION('',(0.,0.,1.));
#2409=DIRECTION('',(1.,0.,0.));
#2410=DIRECTION('',(0.,0.,-1.));
#2411=DIRECTION('',(0.,0.,1.));
#2412=DIRECTION('',(1.,0.,0.));
#2413=DIRECTION('',(-1.,0.,0.));
#2414=DIRECTION('',(0.,0.,1.));
#2415=DIRECTION('',(0.,0.,-1.));
#2416=DIRECTION('',(0.,1.,0.));
#2417=DIRECTION('',(0.,1.,0.));
#2418=DIRECTION('',(0.,0.,-1.));
#2419=DIRECTION('',(-1.,0.,0.));
#2420=DIRECTION('',(0.,0.,-1.));
#2421=DIRECTION('',(0.,0.,1.));
#2422=DIRECTION('',(1.,0.,0.));
#2423=DIRECTION('',(0.,0.,1.));
#2424=DIRECTION('',(1.,0.,0.));
#2425=DIRECTION('',(6.67201336914157E-17,1.,0.));
#2426=DIRECTION('',(-1.,6.67201336914157E-17,0.));
#2427=DIRECTION('',(0.,0.,-1.));
#2428=DIRECTION('',(1.,-6.67201336914157E-17,0.));
#2429=DIRECTION('',(1.,-6.67201336914157E-17,0.));
#2430=DIRECTION('',(0.,0.,-1.));
#2431=DIRECTION('',(-1.,0.,0.));
#2432=DIRECTION('',(0.,0.,-1.));
#2433=DIRECTION('',(0.,0.,1.));
#2434=DIRECTION('',(1.,0.,0.));
#2435=DIRECTION('',(0.,0.,1.));
#2436=DIRECTION('',(1.,0.,0.));
#2437=DIRECTION('',(-1.,0.,0.));
#2438=DIRECTION('',(0.,0.,1.));
#2439=DIRECTION('',(0.,0.,-1.));
#2440=DIRECTION('',(0.,1.,0.));
#2441=DIRECTION('',(0.,1.,0.));
#2442=DIRECTION('',(0.,0.,-1.));
#2443=DIRECTION('',(-1.,0.,0.));
#2444=DIRECTION('',(0.,0.,-1.));
#2445=DIRECTION('',(0.,0.,1.));
#2446=DIRECTION('',(1.,0.,0.));
#2447=DIRECTION('',(0.,0.,1.));
#2448=DIRECTION('',(1.,0.,0.));
#2449=DIRECTION('',(6.67201336914157E-17,1.,0.));
#2450=DIRECTION('',(-1.,6.67201336914157E-17,0.));
#2451=DIRECTION('',(1.,-6.67201336914157E-17,0.));
#2452=DIRECTION('',(1.,-6.67201336914157E-17,0.));
#2453=DIRECTION('',(6.67201336914157E-17,1.,0.));
#2454=DIRECTION('',(-1.,6.67201336914157E-17,0.));
#2455=DIRECTION('',(1.,-6.67201336914157E-17,0.));
#2456=DIRECTION('',(1.,-6.67201336914157E-17,0.));
#2457=DIRECTION('',(6.67201336914157E-17,1.,0.));
#2458=DIRECTION('',(-1.,6.67201336914157E-17,0.));
#2459=DIRECTION('',(1.,-6.67201336914157E-17,0.));
#2460=DIRECTION('',(1.,-6.67201336914157E-17,0.));
#2461=DIRECTION('',(0.,0.,1.));
#2462=DIRECTION('',(1.,0.,0.));
#2463=DIRECTION('',(0.,1.,0.));
#2464=DIRECTION('',(0.,0.,1.));
#2465=DIRECTION('',(1.,0.,0.));
#2466=DIRECTION('',(1.,-6.67201336914157E-17,0.));
#2467=DIRECTION('',(0.,0.,1.));
#2468=DIRECTION('',(1.,0.,0.));
#2469=DIRECTION('',(0.,1.,0.));
#2470=DIRECTION('',(0.,0.,1.));
#2471=DIRECTION('',(1.,0.,0.));
#2472=DIRECTION('',(1.,-6.67201336914157E-17,0.));
#2473=DIRECTION('',(0.,0.,1.));
#2474=DIRECTION('',(1.,0.,0.));
#2475=DIRECTION('',(6.67201336914157E-17,1.,0.));
#2476=DIRECTION('',(0.,0.,1.));
#2477=DIRECTION('',(1.,0.,0.));
#2478=DIRECTION('',(1.,-6.67201336914157E-17,0.));
#2479=DIRECTION('',(0.,0.,1.));
#2480=DIRECTION('',(1.,0.,0.));
#2481=DIRECTION('',(6.67201336914157E-17,1.,0.));
#2482=DIRECTION('',(0.,0.,1.));
#2483=DIRECTION('',(1.,0.,0.));
#2484=DIRECTION('',(1.,-6.67201336914157E-17,0.));
#2485=DIRECTION('',(0.,0.,1.));
#2486=DIRECTION('',(1.,0.,0.));
#2487=DIRECTION('',(0.,1.,0.));
#2488=DIRECTION('',(0.,0.,1.));
#2489=DIRECTION('',(1.,0.,0.));
#2490=DIRECTION('',(1.,-6.67201336914157E-17,0.));
#2491=DIRECTION('',(0.,0.,1.));
#2492=DIRECTION('',(1.,0.,0.));
#2493=DIRECTION('',(0.,1.,0.));
#2494=DIRECTION('',(0.,0.,1.));
#2495=DIRECTION('',(1.,0.,0.));
#2496=DIRECTION('',(1.,-6.67201336914157E-17,0.));
#2497=DIRECTION('',(0.,0.,1.));
#2498=DIRECTION('',(1.,0.,0.));
#2499=DIRECTION('',(-2.31296463463574E-16,1.,0.));
#2500=DIRECTION('',(1.,0.,0.));
#2501=DIRECTION('',(-2.31296463463574E-16,1.,0.));
#2502=DIRECTION('',(1.,0.,0.));
#2503=DIRECTION('',(0.,0.,1.));
#2504=DIRECTION('',(1.,0.,0.));
#2505=DIRECTION('',(-1.,0.,2.16840434497101E-16));
#2506=DIRECTION('',(2.16840434497101E-16,0.,1.));
#2507=DIRECTION('',(-1.,0.,2.16840434497101E-16));
#2508=DIRECTION('',(2.16840434497101E-16,0.,1.));
#2509=DIRECTION('',(0.,1.,0.));
#2510=DIRECTION('',(-1.,0.,2.16840434497101E-16));
#2511=DIRECTION('',(2.16840434497101E-16,0.,1.));
#2512=DIRECTION('',(-1.,0.,2.16840434497101E-16));
#2513=DIRECTION('',(2.16840434497101E-16,0.,1.));
#2514=DIRECTION('',(0.,1.,0.));
#2515=DIRECTION('',(0.,0.,-1.));
#2516=DIRECTION('',(-1.,0.,0.));
#2517=DIRECTION('',(0.,1.,0.));
#2518=DIRECTION('',(0.,0.,1.));
#2519=DIRECTION('',(0.,0.,-1.));
#2520=DIRECTION('',(1.,0.,0.));
#2521=DIRECTION('',(0.,0.,-1.));
#2522=DIRECTION('',(-1.,-1.7347234759768E-16,0.));
#2523=DIRECTION('',(1.7347234759768E-16,-1.,0.));
#2524=DIRECTION('',(0.,0.,-1.));
#2525=DIRECTION('',(-1.7347234759768E-16,1.,0.));
#2526=DIRECTION('',(1.73472347597681E-15,-1.,0.));
#2527=DIRECTION('',(1.,1.73472347597681E-15,0.));
#2528=DIRECTION('',(0.,0.,-1.));
#2529=DIRECTION('',(-1.,-1.73472347597681E-15,0.));
#2530=DIRECTION('',(-1.,-1.65211759616839E-16,0.));
#2531=DIRECTION('',(1.65211759616839E-16,-1.,0.));
#2532=DIRECTION('',(0.,0.,-1.));
#2533=DIRECTION('',(-1.65211759616839E-16,1.,0.));
#2534=DIRECTION('',(0.,1.,0.));
#2535=DIRECTION('',(0.,0.,1.));
#2536=DIRECTION('',(0.,0.,-1.));
#2537=DIRECTION('',(1.,0.,0.));
#2538=DIRECTION('',(-1.,-1.65211759616839E-16,0.));
#2539=DIRECTION('',(1.65211759616839E-16,-1.,0.));
#2540=DIRECTION('',(0.,0.,-1.));
#2541=DIRECTION('',(-1.65211759616839E-16,1.,0.));
#2542=DIRECTION('',(-1.73472347597681E-15,1.,0.));
#2543=DIRECTION('',(-1.,-1.73472347597681E-15,0.));
#2544=DIRECTION('',(0.,0.,-1.));
#2545=DIRECTION('',(1.,1.73472347597681E-15,0.));
#2546=DIRECTION('',(-1.,-1.7347234759768E-16,0.));
#2547=DIRECTION('',(1.7347234759768E-16,-1.,0.));
#2548=DIRECTION('',(-1.7347234759768E-16,1.,0.));
#2549=DIRECTION('',(0.,0.,1.));
#2550=DIRECTION('',(1.,0.,0.));
#2551=DIRECTION('',(0.,0.,1.));
#2552=DIRECTION('',(1.,0.,0.));
#2553=DIRECTION('',(0.,0.,1.));
#2554=DIRECTION('',(1.,0.,0.));
#2555=DIRECTION('',(-5.20417042793042E-16,0.,-1.));
#2556=DIRECTION('',(-1.,0.,5.20417042793042E-16));
#2557=DIRECTION('',(0.,1.,0.));
#2558=DIRECTION('',(0.,0.,1.));
#2559=DIRECTION('',(-3.46944695195361E-16,1.,0.));
#2560=DIRECTION('',(-1.,-3.46944695195361E-16,0.));
#2561=DIRECTION('',(1.,0.,0.));
#2562=DIRECTION('',(0.,0.,-1.));
#2563=DIRECTION('',(1.,3.46944695195361E-16,-5.20417042793042E-16));
#2564=DIRECTION('',(-5.20417042793042E-16,0.,-1.));
#2565=DIRECTION('',(1.,0.,0.));
#2566=DIRECTION('',(0.,0.,-1.));
#2567=DIRECTION('',(-3.46944695195362E-16,1.,2.40741243048404E-31));
#2568=DIRECTION('',(-1.,-3.46944695195362E-16,0.));
#2569=DIRECTION('',(1.,0.,0.));
#2570=DIRECTION('',(0.,0.,-1.));
#2571=DIRECTION('',(-1.,0.,0.));
#2572=DIRECTION('',(0.,0.,1.));
#2573=DIRECTION('',(2.31296463463574E-16,-1.,0.));
#2574=DIRECTION('',(1.,2.31296463463574E-16,0.));
#2575=DIRECTION('',(3.46944695195362E-16,-1.,-2.40741243048404E-31));
#2576=DIRECTION('',(1.,3.46944695195362E-16,0.));
#2577=DIRECTION('',(0.,0.,-1.));
#2578=DIRECTION('',(-1.,0.,0.));
#2579=DIRECTION('',(0.,0.,-1.));
#2580=DIRECTION('',(-1.,0.,0.));
#2581=DIRECTION('',(0.,0.,1.));
#2582=DIRECTION('',(1.,0.,0.));
#2583=DIRECTION('',(-2.31296463463574E-16,1.,0.));
#2584=DIRECTION('',(-1.,-2.31296463463574E-16,0.));
#2585=DIRECTION('',(3.46944695195362E-16,-1.,0.));
#2586=DIRECTION('',(1.,3.46944695195362E-16,0.));
#2587=DIRECTION('',(-1.,0.,0.));
#2588=DIRECTION('',(0.,0.,1.));
#2589=DIRECTION('',(-1.,0.,0.));
#2590=DIRECTION('',(0.,0.,1.));
#2591=DIRECTION('',(0.,0.,-1.));
#2592=DIRECTION('',(-1.,0.,0.));
#2593=DIRECTION('',(0.,0.,1.));
#2594=DIRECTION('',(1.,0.,0.));
#2595=DIRECTION('',(0.,0.,-1.));
#2596=DIRECTION('',(-1.,0.,0.));
#2597=DIRECTION('',(0.,1.,0.));
#2598=DIRECTION('',(0.,0.,1.));
#2599=DIRECTION('',(-3.46944695195362E-16,1.,-2.40741243048404E-31));
#2600=DIRECTION('',(-1.,-3.46944695195362E-16,0.));
#2601=DIRECTION('',(1.,3.46944695195362E-16,0.));
#2602=DIRECTION('',(-3.46944695195362E-16,1.,0.));
#2603=DIRECTION('',(1.,0.,0.));
#2604=DIRECTION('',(0.,0.,-1.));
#2605=DIRECTION('',(1.,3.46944695195362E-16,-5.20417042793042E-16));
#2606=DIRECTION('',(-5.20417042793042E-16,0.,-1.));
#2607=DIRECTION('',(1.,0.,0.));
#2608=DIRECTION('',(0.,0.,-1.));
#2609=DIRECTION('',(0.,1.,0.));
#2610=DIRECTION('',(0.,0.,1.));
#2611=DIRECTION('',(-3.46944695195362E-16,1.,0.));
#2612=DIRECTION('',(-1.,-3.46944695195362E-16,0.));
#2613=DIRECTION('',(-2.31296463463574E-16,1.,0.));
#2614=DIRECTION('',(-1.,-2.31296463463574E-16,0.));
#2615=DIRECTION('',(3.46944695195361E-16,-1.,0.));
#2616=DIRECTION('',(1.,3.46944695195361E-16,0.));
#2617=DIRECTION('',(-1.,0.,0.));
#2618=DIRECTION('',(0.,0.,1.));
#2619=DIRECTION('',(-1.,0.,0.));
#2620=DIRECTION('',(0.,0.,1.));
#2621=DIRECTION('',(1.,0.,0.));
#2622=DIRECTION('',(0.,0.,-1.));
#2623=DIRECTION('',(-1.,0.,0.));
#2624=DIRECTION('',(0.,0.,1.));
#2625=DIRECTION('',(2.31296463463574E-16,-1.,0.));
#2626=DIRECTION('',(1.,2.31296463463574E-16,0.));
#2627=DIRECTION('',(3.46944695195362E-16,-1.,2.40741243048404E-31));
#2628=DIRECTION('',(1.,3.46944695195362E-16,0.));
#2629=DIRECTION('',(0.,0.,1.));
#2630=DIRECTION('',(1.,0.,0.));
#2631=DIRECTION('',(0.,0.,1.));
#2632=DIRECTION('',(1.,0.,0.));
#2633=DIRECTION('',(0.,0.,-1.));
#2634=DIRECTION('',(-1.,0.,0.));
#2635=DIRECTION('',(-5.20417042793042E-16,0.,-1.));
#2636=DIRECTION('',(-1.,0.,5.20417042793042E-16));
#2637=DIRECTION('',(0.,0.,1.));
#2638=DIRECTION('',(1.,0.,0.));
#2639=DIRECTION('',(1.,0.,0.));
#2640=DIRECTION('',(0.,0.,-1.));
#2641=DIRECTION('',(0.707106781186548,0.,0.707106781186548));
#2642=DIRECTION('',(0.707106781186548,0.,-0.707106781186548));
#2643=DIRECTION('',(0.707106781186548,0.,-0.707106781186548));
#2644=DIRECTION('',(-0.707106781186548,0.,-0.707106781186548));
#2645=DIRECTION('',(1.82602471155453E-16,0.,-1.));
#2646=DIRECTION('',(-1.,0.,-1.82602471155453E-16));
#2647=DIRECTION('',(-0.707106781186548,0.,-0.707106781186548));
#2648=DIRECTION('',(-0.707106781186548,0.,0.707106781186548));
#2649=DIRECTION('',(-1.82602471155453E-16,0.,1.));
#2650=DIRECTION('',(1.,0.,1.82602471155453E-16));
#2651=DIRECTION('',(-0.707106781186548,0.,0.707106781186548));
#2652=DIRECTION('',(-0.707106781186548,0.,-0.707106781186548));
#2653=DIRECTION('',(-1.,0.,0.));
#2654=DIRECTION('',(0.,0.,1.));
#2655=DIRECTION('',(0.,0.,1.));
#2656=DIRECTION('',(1.,0.,0.));
#2657=DIRECTION('',(-1.,0.,0.));
#2658=DIRECTION('',(0.,0.,1.));
#2659=DIRECTION('',(0.,1.,0.));
#2660=DIRECTION('',(0.,0.,1.));
#2661=DIRECTION('',(0.,1.,0.));
#2662=DIRECTION('',(0.,0.,1.));
#2663=DIRECTION('',(0.,1.,0.));
#2664=DIRECTION('',(0.,0.,1.));
#2665=DIRECTION('',(1.,-6.67201336914157E-17,0.));
#2666=DIRECTION('',(6.67201336914157E-17,1.,0.));
#2667=DIRECTION('',(-1.,0.,0.));
#2668=DIRECTION('',(0.,0.,1.));
#2669=DIRECTION('',(0.,0.,1.));
#2670=DIRECTION('',(1.,0.,0.));
#2671=DIRECTION('',(-1.,0.,0.));
#2672=DIRECTION('',(0.,0.,1.));
#2673=DIRECTION('',(0.,0.,1.));
#2674=DIRECTION('',(1.,0.,0.));
#2675=DIRECTION('',(0.,1.,0.));
#2676=DIRECTION('',(0.,0.,1.));
#2677=DIRECTION('',(-1.,6.67201336914157E-17,0.));
#2678=DIRECTION('',(-6.67201336914157E-17,-1.,0.));
#2679=DIRECTION('',(-1.,0.,-3.46944695195361E-15));
#2680=DIRECTION('',(-3.46944695195361E-15,0.,1.));
#2681=DIRECTION('',(0.,-1.,0.));
#2682=DIRECTION('',(0.,0.,-1.));
#2683=DIRECTION('',(0.,1.,0.));
#2684=DIRECTION('',(0.,0.,1.));
#2685=DIRECTION('',(0.,0.,1.));
#2686=DIRECTION('',(1.,0.,0.));
#2687=DIRECTION('',(0.,0.,1.));
#2688=DIRECTION('',(1.,0.,0.));
#2689=DIRECTION('',(-1.,0.,0.));
#2690=DIRECTION('',(0.,0.,1.));
#2691=DIRECTION('',(3.46944695195361E-15,1.,0.));
#2692=DIRECTION('',(-1.,3.46944695195361E-15,0.));
#2693=DIRECTION('',(6.67201336914157E-17,1.,0.));
#2694=DIRECTION('',(-1.,6.67201336914157E-17,0.));
#2695=DIRECTION('',(0.,1.,0.));
#2696=DIRECTION('',(0.,0.,1.));
#2697=DIRECTION('',(1.,-6.67201336914157E-17,0.));
#2698=DIRECTION('',(6.67201336914157E-17,1.,0.));
#2699=DIRECTION('',(-1.,0.,0.));
#2700=DIRECTION('',(0.,0.,1.));
#2701=DIRECTION('',(0.,0.,1.));
#2702=DIRECTION('',(1.,0.,0.));
#2703=DIRECTION('',(-1.,3.46944695195361E-15,0.));
#2704=DIRECTION('',(-3.46944695195361E-15,-1.,0.));
#2705=DIRECTION('',(0.,0.,1.));
#2706=DIRECTION('',(1.,0.,0.));
#2707=DIRECTION('',(0.,1.,0.));
#2708=DIRECTION('',(0.,0.,1.));
#2709=DIRECTION('',(-1.,6.67201336914157E-17,0.));
#2710=DIRECTION('',(-6.67201336914157E-17,-1.,0.));
#2711=DIRECTION('',(-1.,0.,-3.46944695195361E-15));
#2712=DIRECTION('',(-3.46944695195361E-15,0.,1.));
#2713=DIRECTION('',(-6.67201336914157E-17,-1.,0.));
#2714=DIRECTION('',(1.,-6.67201336914157E-17,0.));
#2715=DIRECTION('',(0.,1.,0.));
#2716=DIRECTION('',(0.,0.,1.));
#2717=DIRECTION('',(0.,0.,1.));
#2718=DIRECTION('',(1.,0.,0.));
#2719=DIRECTION('',(0.,0.,1.));
#2720=DIRECTION('',(1.,0.,0.));
#2721=DIRECTION('',(-1.,0.,0.));
#2722=DIRECTION('',(0.,0.,1.));
#2723=DIRECTION('',(0.,1.,0.));
#2724=DIRECTION('',(0.,0.,1.));
#2725=DIRECTION('',(0.,1.,0.));
#2726=DIRECTION('',(0.,0.,1.));
#2727=DIRECTION('',(0.,1.,0.));
#2728=DIRECTION('',(0.,0.,1.));
#2729=DIRECTION('',(1.,-6.67201336914157E-17,0.));
#2730=DIRECTION('',(6.67201336914157E-17,1.,0.));
#2731=DIRECTION('',(-1.,0.,0.));
#2732=DIRECTION('',(0.,0.,1.));
#2733=DIRECTION('',(0.,0.,1.));
#2734=DIRECTION('',(1.,0.,0.));
#2735=DIRECTION('',(-1.,3.46944695195361E-15,0.));
#2736=DIRECTION('',(-3.46944695195361E-15,-1.,0.));
#2737=DIRECTION('',(0.,0.,1.));
#2738=DIRECTION('',(1.,0.,0.));
#2739=DIRECTION('',(0.,1.,0.));
#2740=DIRECTION('',(0.,0.,1.));
#2741=DIRECTION('',(-1.,6.67201336914157E-17,0.));
#2742=DIRECTION('',(-6.67201336914157E-17,-1.,0.));
#2743=DIRECTION('',(-1.,0.,0.));
#2744=DIRECTION('',(0.,0.,1.));
#2745=DIRECTION('',(0.,-1.,0.));
#2746=DIRECTION('',(0.,0.,-1.));
#2747=DIRECTION('',(0.,1.,0.));
#2748=DIRECTION('',(0.,0.,1.));
#2749=DIRECTION('',(0.,0.,1.));
#2750=DIRECTION('',(1.,0.,0.));
#2751=DIRECTION('',(0.,0.,1.));
#2752=DIRECTION('',(1.,0.,0.));
#2753=DIRECTION('',(0.,0.,-1.));
#2754=DIRECTION('',(-1.,0.,0.));
#2755=DIRECTION('',(0.,0.,-1.));
#2756=DIRECTION('',(1.,0.,0.));
#2757=DIRECTION('',(0.,0.,1.));
#2758=DIRECTION('',(1.,0.,0.));
#2759=DIRECTION('',(0.,0.,-1.));
#2760=DIRECTION('',(-1.,0.,0.));
#2761=DIRECTION('',(0.,0.,-1.));
#2762=DIRECTION('',(1.,0.,0.));
#2763=DIRECTION('',(0.,0.,1.));
#2764=DIRECTION('',(1.,0.,0.));
#2765=DIRECTION('',(0.,0.,-1.));
#2766=DIRECTION('',(-1.,0.,0.));
#2767=DIRECTION('',(0.,0.,-1.));
#2768=DIRECTION('',(1.,0.,0.));
#2769=DIRECTION('',(0.,0.,1.));
#2770=DIRECTION('',(1.,0.,0.));
#2771=DIRECTION('',(0.,0.,-1.));
#2772=DIRECTION('',(-1.,0.,0.));
#2773=DIRECTION('',(0.,0.,-1.));
#2774=DIRECTION('',(1.,0.,0.));
#2775=CARTESIAN_POINT('',(0.,0.,0.));
#2776=CARTESIAN_POINT('',(0.,0.015,0.06));
#2777=CARTESIAN_POINT('',(-3.46944695195361E-18,0.015,0.049));
#2778=CARTESIAN_POINT('',(-0.02175,0.015,0.049));
#2779=CARTESIAN_POINT('',(0.02175,0.015,0.049));
#2780=CARTESIAN_POINT('',(-0.02175,0.015,0.03));
#2781=CARTESIAN_POINT('',(-0.02175,0.015,0.011));
#2782=CARTESIAN_POINT('',(0.,0.015,0.011));
#2783=CARTESIAN_POINT('',(0.02175,0.015,0.011));
#2784=CARTESIAN_POINT('',(0.02175,0.015,0.03));
#2785=CARTESIAN_POINT('',(0.03,0.015,0.));
#2786=CARTESIAN_POINT('',(0.03,0.015,0.057));
#2787=CARTESIAN_POINT('',(0.03,0.015,0.005));
#2788=CARTESIAN_POINT('',(-0.035,0.015,0.005));
#2789=CARTESIAN_POINT('',(0.0046,0.015,0.005));
#2790=CARTESIAN_POINT('',(0.0046,0.015,0.004));
#2791=CARTESIAN_POINT('',(0.0046,0.015,0.006));
#2792=CARTESIAN_POINT('',(8.67361737988404E-19,0.015,0.006));
#2793=CARTESIAN_POINT('',(-0.0046,0.015,0.006));
#2794=CARTESIAN_POINT('',(-0.0046,0.015,0.004));
#2795=CARTESIAN_POINT('',(-0.0046,0.015,0.005));
#2796=CARTESIAN_POINT('',(-0.035,0.015,0.005));
#2797=CARTESIAN_POINT('',(-0.03,0.015,0.005));
#2798=CARTESIAN_POINT('',(-0.03,0.015,0.06));
#2799=CARTESIAN_POINT('',(-0.03,0.015,0.057));
#2800=CARTESIAN_POINT('',(0.,0.015,0.057));
#2801=CARTESIAN_POINT('',(-6.93889390390723E-18,0.0125,0.002));
#2802=CARTESIAN_POINT('',(-3.46944695195361E-18,0.0125,0.049));
#2803=CARTESIAN_POINT('',(0.02175,0.0125,0.049));
#2804=CARTESIAN_POINT('',(-0.02175,0.0125,0.049));
#2805=CARTESIAN_POINT('',(0.02175,0.0125,0.03));
#2806=CARTESIAN_POINT('',(0.02175,0.0125,0.011));
#2807=CARTESIAN_POINT('',(0.,0.0125,0.011));
#2808=CARTESIAN_POINT('',(-0.02175,0.0125,0.011));
#2809=CARTESIAN_POINT('',(-0.02175,0.0125,0.03));
#2810=CARTESIAN_POINT('',(-6.93889390390723E-18,0.0125,0.006));
#2811=CARTESIAN_POINT('',(-0.0046,0.0125,0.006));
#2812=CARTESIAN_POINT('',(0.0046,0.0125,0.006));
#2813=CARTESIAN_POINT('',(0.0046,0.0125,0.002));
#2814=CARTESIAN_POINT('',(0.0046,0.0125,0.002));
#2815=CARTESIAN_POINT('',(-6.93889390390723E-18,0.0125,0.002));
#2816=CARTESIAN_POINT('',(0.03,0.0125,0.002));
#2817=CARTESIAN_POINT('',(0.03,0.0125,0.002));
#2818=CARTESIAN_POINT('',(0.03,0.0125,0.06));
#2819=CARTESIAN_POINT('',(-6.93889390390723E-18,0.0125,0.06));
#2820=CARTESIAN_POINT('',(-0.03,0.0125,0.06));
#2821=CARTESIAN_POINT('',(-0.03,0.0125,0.002));
#2822=CARTESIAN_POINT('',(-0.03,0.0125,0.002));
#2823=CARTESIAN_POINT('',(-6.93889390390723E-18,0.0125,0.002));
#2824=CARTESIAN_POINT('',(-0.0046,0.0125,0.002));
#2825=CARTESIAN_POINT('',(-0.0046,0.0125,0.002));
#2826=CARTESIAN_POINT('',(1.04083408558608E-17,-0.015,0.06));
#2827=CARTESIAN_POINT('',(-0.03,-0.015,0.));
#2828=CARTESIAN_POINT('',(-0.03,-0.015,0.057));
#2829=CARTESIAN_POINT('',(-0.03,-0.015,0.005));
#2830=CARTESIAN_POINT('',(1.04083408558608E-17,-0.015,0.005));
#2831=CARTESIAN_POINT('',(0.03,-0.015,0.005));
#2832=CARTESIAN_POINT('',(0.03,-0.015,0.06));
#2833=CARTESIAN_POINT('',(0.03,-0.015,0.057));
#2834=CARTESIAN_POINT('',(-0.035,-0.015,0.057));
#2835=CARTESIAN_POINT('',(-0.025,-0.015,0.046));
#2836=CARTESIAN_POINT('',(-0.025,-0.015,0.0476));
#2837=CARTESIAN_POINT('',(0.027,-0.015,0.014));
#2838=CARTESIAN_POINT('',(0.027,-0.015,0.0156));
#2839=CARTESIAN_POINT('',(0.027,-0.015,0.046));
#2840=CARTESIAN_POINT('',(0.027,-0.015,0.0476));
#2841=CARTESIAN_POINT('',(-0.02175,-0.015,0.03));
#2842=CARTESIAN_POINT('',(-0.02175,-0.015,0.011));
#2843=CARTESIAN_POINT('',(-0.02175,-0.015,0.049));
#2844=CARTESIAN_POINT('',(-3.46944695195361E-18,-0.015,0.049));
#2845=CARTESIAN_POINT('',(0.02175,-0.015,0.049));
#2846=CARTESIAN_POINT('',(0.02175,-0.015,0.03));
#2847=CARTESIAN_POINT('',(0.02175,-0.015,0.011));
#2848=CARTESIAN_POINT('',(0.,-0.015,0.011));
#2849=CARTESIAN_POINT('',(-0.025,-0.015,0.014));
#2850=CARTESIAN_POINT('',(-0.025,-0.015,0.0156));
#2851=CARTESIAN_POINT('',(0.,-0.0125,0.002));
#2852=CARTESIAN_POINT('',(-0.02275,-0.0125,0.011));
#2853=CARTESIAN_POINT('',(-0.02275,-0.0125,0.05));
#2854=CARTESIAN_POINT('',(-0.02275,-0.0125,0.01));
#2855=CARTESIAN_POINT('',(0.,-0.0125,0.01));
#2856=CARTESIAN_POINT('',(0.02275,-0.0125,0.01));
#2857=CARTESIAN_POINT('',(0.02275,-0.0125,0.002));
#2858=CARTESIAN_POINT('',(0.02275,-0.0125,0.05));
#2859=CARTESIAN_POINT('',(-0.02175,-0.0125,0.05));
#2860=CARTESIAN_POINT('',(-0.025,-0.0125,0.046));
#2861=CARTESIAN_POINT('',(-0.025,-0.0125,0.0476));
#2862=CARTESIAN_POINT('',(0.027,-0.0125,0.014));
#2863=CARTESIAN_POINT('',(0.027,-0.0125,0.0156));
#2864=CARTESIAN_POINT('',(0.027,-0.0125,0.046));
#2865=CARTESIAN_POINT('',(0.027,-0.0125,0.0476));
#2866=CARTESIAN_POINT('',(0.,-0.0125,0.06));
#2867=CARTESIAN_POINT('',(-0.03,-0.0125,0.06));
#2868=CARTESIAN_POINT('',(0.03,-0.0125,0.06));
#2869=CARTESIAN_POINT('',(0.03,-0.0125,0.002));
#2870=CARTESIAN_POINT('',(0.03,-0.0125,0.002));
#2871=CARTESIAN_POINT('',(0.,-0.0125,0.002));
#2872=CARTESIAN_POINT('',(-0.03,-0.0125,0.002));
#2873=CARTESIAN_POINT('',(-0.03,-0.0125,0.002));
#2874=CARTESIAN_POINT('',(-0.025,-0.0125,0.014));
#2875=CARTESIAN_POINT('',(-0.025,-0.0125,0.0156));
#2876=CARTESIAN_POINT('',(-0.02175,0.015002,0.03));
#2877=CARTESIAN_POINT('',(-0.02175,0.015002,0.049));
#2878=CARTESIAN_POINT('',(-0.02175,0.015002,0.011));
#2879=CARTESIAN_POINT('',(0.,0.015002,0.011));
#2880=CARTESIAN_POINT('',(0.02175,0.015002,0.011));
#2881=CARTESIAN_POINT('',(0.02175,0.015002,0.03));
#2882=CARTESIAN_POINT('',(0.02175,0.015002,0.049));
#2883=CARTESIAN_POINT('',(-3.46944695195361E-18,0.015002,0.049));
#2884=CARTESIAN_POINT('',(-0.035,0.,0.06));
#2885=CARTESIAN_POINT('',(-0.035,0.01,0.06));
#2886=CARTESIAN_POINT('',(-0.035,0.01,0.057));
#2887=CARTESIAN_POINT('',(-0.035,0.01,0.005));
#2888=CARTESIAN_POINT('',(-0.035,-0.015,0.005));
#2889=CARTESIAN_POINT('',(-0.035,-0.01,0.005));
#2890=CARTESIAN_POINT('',(-0.035,-0.01,0.062));
#2891=CARTESIAN_POINT('',(-0.035,-0.01,0.057));
#2892=CARTESIAN_POINT('',(-0.035,0.,0.057));
#2893=CARTESIAN_POINT('',(0.035,0.,0.06));
#2894=CARTESIAN_POINT('',(0.035,-0.01,0.06));
#2895=CARTESIAN_POINT('',(0.035,-0.01,0.057));
#2896=CARTESIAN_POINT('',(0.035,-0.01,0.005));
#2897=CARTESIAN_POINT('',(0.035,0.,0.005));
#2898=CARTESIAN_POINT('',(0.035,0.01,0.005));
#2899=CARTESIAN_POINT('',(0.035,0.01,0.062));
#2900=CARTESIAN_POINT('',(0.035,0.01,0.057));
#2901=CARTESIAN_POINT('',(0.035,-0.015,0.057));
#2902=CARTESIAN_POINT('',(6.93889390390723E-18,0.,0.));
#2903=CARTESIAN_POINT('',(0.025,-0.005,0.));
#2904=CARTESIAN_POINT('',(0.022,-0.005,0.));
#2905=CARTESIAN_POINT('',(0.025,0.005,0.));
#2906=CARTESIAN_POINT('',(0.022,0.005,0.));
#2907=CARTESIAN_POINT('',(-0.025,-0.005,0.));
#2908=CARTESIAN_POINT('',(-0.028,-0.005,0.));
#2909=CARTESIAN_POINT('',(-0.025,0.005,0.));
#2910=CARTESIAN_POINT('',(-0.028,0.005,0.));
#2911=CARTESIAN_POINT('',(-0.03,0.015,0.));
#2912=CARTESIAN_POINT('',(-0.03,-0.01,0.));
#2913=CARTESIAN_POINT('',(-0.03,0.01,0.));
#2914=CARTESIAN_POINT('',(0.035,0.01,0.));
#2915=CARTESIAN_POINT('',(0.03,0.01,0.));
#2916=CARTESIAN_POINT('',(0.03,6.93889390390723E-18,0.));
#2917=CARTESIAN_POINT('',(0.03,-0.01,0.));
#2918=CARTESIAN_POINT('',(6.93889390390723E-18,-0.01,0.));
#2919=CARTESIAN_POINT('',(-0.02175,0.015002,0.03));
#2920=CARTESIAN_POINT('',(-0.02175,0.015002,0.011));
#2921=CARTESIAN_POINT('',(-0.02175,-0.0135,0.011));
#2922=CARTESIAN_POINT('',(-0.02175,-0.0135,0.049));
#2923=CARTESIAN_POINT('',(-0.02175,-0.0135,0.049));
#2924=CARTESIAN_POINT('',(-0.02175,0.015002,0.049));
#2925=CARTESIAN_POINT('',(0.,0.015002,0.011));
#2926=CARTESIAN_POINT('',(0.02175,0.015002,0.011));
#2927=CARTESIAN_POINT('',(0.02175,-0.0135,0.011));
#2928=CARTESIAN_POINT('',(0.,-0.0135,0.011));
#2929=CARTESIAN_POINT('',(0.02175,0.015002,0.03));
#2930=CARTESIAN_POINT('',(0.02175,0.015002,0.049));
#2931=CARTESIAN_POINT('',(0.02175,-0.0135,0.049));
#2932=CARTESIAN_POINT('',(0.02175,-0.0135,0.03));
#2933=CARTESIAN_POINT('',(-3.46944695195361E-18,0.015002,0.049));
#2934=CARTESIAN_POINT('',(0.02175,-0.0135,0.049));
#2935=CARTESIAN_POINT('',(-0.03,0.,0.002));
#2936=CARTESIAN_POINT('',(-0.03,0.,0.06));
#2937=CARTESIAN_POINT('',(-0.03,0.,0.002));
#2938=CARTESIAN_POINT('',(0.03,0.,0.002));
#2939=CARTESIAN_POINT('',(0.03,0.,0.06));
#2940=CARTESIAN_POINT('',(0.03,0.,0.002));
#2941=CARTESIAN_POINT('',(0.,0.,0.002));
#2942=CARTESIAN_POINT('',(1.7347234759768E-18,-0.008,0.002));
#2943=CARTESIAN_POINT('',(-0.00875,-0.008,0.002));
#2944=CARTESIAN_POINT('',(0.00875,-0.008,0.002));
#2945=CARTESIAN_POINT('',(0.00875,0.002,0.002));
#2946=CARTESIAN_POINT('',(0.00875,0.012,0.002));
#2947=CARTESIAN_POINT('',(0.00925,0.012,0.002));
#2948=CARTESIAN_POINT('',(0.00975,0.012,0.002));
#2949=CARTESIAN_POINT('',(0.00975,0.0015,0.002));
#2950=CARTESIAN_POINT('',(0.00975,-0.009,0.002));
#2951=CARTESIAN_POINT('',(2.60208521396521E-18,-0.009,0.002));
#2952=CARTESIAN_POINT('',(-0.00975,-0.009,0.002));
#2953=CARTESIAN_POINT('',(-0.00975,0.0015,0.002));
#2954=CARTESIAN_POINT('',(-0.00975,0.012,0.002));
#2955=CARTESIAN_POINT('',(-0.00925,0.012,0.002));
#2956=CARTESIAN_POINT('',(-0.00875,0.012,0.002));
#2957=CARTESIAN_POINT('',(-0.00875,0.002,0.002));
#2958=CARTESIAN_POINT('',(0.0046,-0.01,0.002));
#2959=CARTESIAN_POINT('',(0.0046,0.014,0.002));
#2960=CARTESIAN_POINT('',(0.0046,0.014,0.002));
#2961=CARTESIAN_POINT('',(-0.0046,0.014,0.002));
#2962=CARTESIAN_POINT('',(-0.0046,-0.01,0.002));
#2963=CARTESIAN_POINT('',(0.027,-0.0375,0.046));
#2964=CARTESIAN_POINT('',(0.027,-0.0375,0.014));
#2965=CARTESIAN_POINT('',(-0.025,-0.0375,0.014));
#2966=CARTESIAN_POINT('',(-0.025,-0.0375,0.046));
#2967=CARTESIAN_POINT('',(0.01255,-0.0065,0.062));
#2968=CARTESIAN_POINT('',(0.01205,-0.0065,0.062));
#2969=CARTESIAN_POINT('',(0.01205,-0.0065,0.061));
#2970=CARTESIAN_POINT('',(0.01205,-0.0065,0.06));
#2971=CARTESIAN_POINT('',(0.01255,-0.0065,0.061));
#2972=CARTESIAN_POINT('',(0.01255,-0.007,0.061));
#2973=CARTESIAN_POINT('',(0.01255,-0.007,0.062));
#2974=CARTESIAN_POINT('',(0.01255,-0.007,0.06));
#2975=CARTESIAN_POINT('',(0.01255,-0.0065,0.06));
#2976=CARTESIAN_POINT('',(0.01205,-2.08166817117217E-17,0.062));
#2977=CARTESIAN_POINT('',(0.01205,0.0065,0.062));
#2978=CARTESIAN_POINT('',(0.01205,0.0065,0.061));
#2979=CARTESIAN_POINT('',(0.01205,0.0065,0.06));
#2980=CARTESIAN_POINT('',(0.01205,-0.0065,0.061));
#2981=CARTESIAN_POINT('',(0.01205,-2.08166817117217E-17,0.06));
#2982=CARTESIAN_POINT('',(0.01255,0.0065,0.062));
#2983=CARTESIAN_POINT('',(0.01255,0.007,0.062));
#2984=CARTESIAN_POINT('',(0.01255,0.007,0.061));
#2985=CARTESIAN_POINT('',(0.01255,0.007,0.06));
#2986=CARTESIAN_POINT('',(0.01255,0.0065,0.061));
#2987=CARTESIAN_POINT('',(0.01255,0.0065,0.06));
#2988=CARTESIAN_POINT('',(0.01905,0.007,0.062));
#2989=CARTESIAN_POINT('',(0.02555,0.007,0.062));
#2990=CARTESIAN_POINT('',(0.02555,0.007,0.061));
#2991=CARTESIAN_POINT('',(0.02555,0.007,0.06));
#2992=CARTESIAN_POINT('',(0.01255,0.007,0.061));
#2993=CARTESIAN_POINT('',(0.01905,0.007,0.06));
#2994=CARTESIAN_POINT('',(0.02555,0.0065,0.062));
#2995=CARTESIAN_POINT('',(0.02605,0.0065,0.062));
#2996=CARTESIAN_POINT('',(0.02605,0.0065,0.061));
#2997=CARTESIAN_POINT('',(0.02605,0.0065,0.06));
#2998=CARTESIAN_POINT('',(0.02555,0.0065,0.061));
#2999=CARTESIAN_POINT('',(0.02555,0.0065,0.06));
#3000=CARTESIAN_POINT('',(0.02605,-2.77555756156289E-17,0.062));
#3001=CARTESIAN_POINT('',(0.02605,-0.0065,0.062));
#3002=CARTESIAN_POINT('',(0.02605,-0.0065,0.061));
#3003=CARTESIAN_POINT('',(0.02605,-0.0065,0.06));
#3004=CARTESIAN_POINT('',(0.02605,-2.77555756156289E-17,0.061));
#3005=CARTESIAN_POINT('',(0.02605,-2.77555756156289E-17,0.06));
#3006=CARTESIAN_POINT('',(0.02555,-0.0065,0.062));
#3007=CARTESIAN_POINT('',(0.02555,-0.007,0.062));
#3008=CARTESIAN_POINT('',(0.02555,-0.007,0.061));
#3009=CARTESIAN_POINT('',(0.02555,-0.007,0.06));
#3010=CARTESIAN_POINT('',(0.02555,-0.0065,0.061));
#3011=CARTESIAN_POINT('',(0.02555,-0.0065,0.06));
#3012=CARTESIAN_POINT('',(-0.0065,-0.0065,0.062));
#3013=CARTESIAN_POINT('',(-0.007,-0.0065,0.062));
#3014=CARTESIAN_POINT('',(-0.007,-0.0065,0.061));
#3015=CARTESIAN_POINT('',(-0.007,-0.0065,0.06));
#3016=CARTESIAN_POINT('',(-0.0065,-0.0065,0.061));
#3017=CARTESIAN_POINT('',(-0.0065,-0.007,0.061));
#3018=CARTESIAN_POINT('',(-0.0065,-0.007,0.062));
#3019=CARTESIAN_POINT('',(-0.0065,-0.007,0.06));
#3020=CARTESIAN_POINT('',(-0.0065,-0.0065,0.06));
#3021=CARTESIAN_POINT('',(-0.007,-2.08166817117217E-17,0.062));
#3022=CARTESIAN_POINT('',(-0.007,0.0065,0.062));
#3023=CARTESIAN_POINT('',(-0.007,0.0065,0.061));
#3024=CARTESIAN_POINT('',(-0.007,0.0065,0.06));
#3025=CARTESIAN_POINT('',(-0.007,-0.0065,0.061));
#3026=CARTESIAN_POINT('',(-0.007,-2.08166817117217E-17,0.06));
#3027=CARTESIAN_POINT('',(-0.0065,0.0065,0.062));
#3028=CARTESIAN_POINT('',(-0.0065,0.007,0.062));
#3029=CARTESIAN_POINT('',(-0.0065,0.007,0.061));
#3030=CARTESIAN_POINT('',(-0.0065,0.007,0.06));
#3031=CARTESIAN_POINT('',(-0.0065,0.0065,0.061));
#3032=CARTESIAN_POINT('',(-0.0065,0.0065,0.06));
#3033=CARTESIAN_POINT('',(-3.46944695195361E-18,0.007,0.062));
#3034=CARTESIAN_POINT('',(0.0065,0.007,0.062));
#3035=CARTESIAN_POINT('',(0.0065,0.007,0.061));
#3036=CARTESIAN_POINT('',(0.0065,0.007,0.06));
#3037=CARTESIAN_POINT('',(-0.0065,0.007,0.061));
#3038=CARTESIAN_POINT('',(-3.46944695195361E-18,0.007,0.06));
#3039=CARTESIAN_POINT('',(0.0065,0.0065,0.062));
#3040=CARTESIAN_POINT('',(0.007,0.0065,0.062));
#3041=CARTESIAN_POINT('',(0.007,0.0065,0.061));
#3042=CARTESIAN_POINT('',(0.007,0.0065,0.06));
#3043=CARTESIAN_POINT('',(0.0065,0.0065,0.061));
#3044=CARTESIAN_POINT('',(0.0065,0.0065,0.06));
#3045=CARTESIAN_POINT('',(0.007,-2.08166817117217E-17,0.062));
#3046=CARTESIAN_POINT('',(0.007,-0.0065,0.062));
#3047=CARTESIAN_POINT('',(0.007,-0.0065,0.061));
#3048=CARTESIAN_POINT('',(0.007,-0.0065,0.06));
#3049=CARTESIAN_POINT('',(0.007,-2.08166817117217E-17,0.061));
#3050=CARTESIAN_POINT('',(0.007,-2.08166817117217E-17,0.06));
#3051=CARTESIAN_POINT('',(0.0065,-0.0065,0.062));
#3052=CARTESIAN_POINT('',(0.0065,-0.007,0.062));
#3053=CARTESIAN_POINT('',(0.0065,-0.007,0.061));
#3054=CARTESIAN_POINT('',(0.0065,-0.007,0.06));
#3055=CARTESIAN_POINT('',(0.0065,-0.0065,0.061));
#3056=CARTESIAN_POINT('',(0.0065,-0.0065,0.06));
#3057=CARTESIAN_POINT('',(-0.02555,-0.0065,0.062));
#3058=CARTESIAN_POINT('',(-0.02605,-0.0065,0.062));
#3059=CARTESIAN_POINT('',(-0.02605,-0.0065,0.061));
#3060=CARTESIAN_POINT('',(-0.02605,-0.0065,0.06));
#3061=CARTESIAN_POINT('',(-0.02555,-0.0065,0.061));
#3062=CARTESIAN_POINT('',(-0.02555,-0.007,0.061));
#3063=CARTESIAN_POINT('',(-0.02555,-0.007,0.062));
#3064=CARTESIAN_POINT('',(-0.02555,-0.007,0.06));
#3065=CARTESIAN_POINT('',(-0.02555,-0.0065,0.06));
#3066=CARTESIAN_POINT('',(-0.02605,-2.08166817117217E-17,0.062));
#3067=CARTESIAN_POINT('',(-0.02605,0.0065,0.062));
#3068=CARTESIAN_POINT('',(-0.02605,0.0065,0.061));
#3069=CARTESIAN_POINT('',(-0.02605,0.0065,0.06));
#3070=CARTESIAN_POINT('',(-0.02605,-0.0065,0.061));
#3071=CARTESIAN_POINT('',(-0.02605,-2.08166817117217E-17,0.06));
#3072=CARTESIAN_POINT('',(-0.02555,0.0065,0.062));
#3073=CARTESIAN_POINT('',(-0.02555,0.007,0.062));
#3074=CARTESIAN_POINT('',(-0.02555,0.007,0.061));
#3075=CARTESIAN_POINT('',(-0.02555,0.007,0.06));
#3076=CARTESIAN_POINT('',(-0.02555,0.0065,0.061));
#3077=CARTESIAN_POINT('',(-0.02555,0.0065,0.06));
#3078=CARTESIAN_POINT('',(-0.01905,0.007,0.062));
#3079=CARTESIAN_POINT('',(-0.01255,0.007,0.062));
#3080=CARTESIAN_POINT('',(-0.01255,0.007,0.061));
#3081=CARTESIAN_POINT('',(-0.01255,0.007,0.06));
#3082=CARTESIAN_POINT('',(-0.02555,0.007,0.061));
#3083=CARTESIAN_POINT('',(-0.01905,0.007,0.06));
#3084=CARTESIAN_POINT('',(-0.01255,0.0065,0.062));
#3085=CARTESIAN_POINT('',(-0.01205,0.0065,0.062));
#3086=CARTESIAN_POINT('',(-0.01205,0.0065,0.061));
#3087=CARTESIAN_POINT('',(-0.01205,0.0065,0.06));
#3088=CARTESIAN_POINT('',(-0.01255,0.0065,0.061));
#3089=CARTESIAN_POINT('',(-0.01255,0.0065,0.06));
#3090=CARTESIAN_POINT('',(-0.01205,-2.08166817117217E-17,0.062));
#3091=CARTESIAN_POINT('',(-0.01205,-0.0065,0.062));
#3092=CARTESIAN_POINT('',(-0.01205,-0.0065,0.061));
#3093=CARTESIAN_POINT('',(-0.01205,-0.0065,0.06));
#3094=CARTESIAN_POINT('',(-0.01205,-2.08166817117217E-17,0.061));
#3095=CARTESIAN_POINT('',(-0.01205,-2.08166817117217E-17,0.06));
#3096=CARTESIAN_POINT('',(-0.01255,-0.0065,0.062));
#3097=CARTESIAN_POINT('',(-0.01255,-0.007,0.062));
#3098=CARTESIAN_POINT('',(-0.01255,-0.007,0.061));
#3099=CARTESIAN_POINT('',(-0.01255,-0.007,0.06));
#3100=CARTESIAN_POINT('',(-0.01255,-0.0065,0.061));
#3101=CARTESIAN_POINT('',(-0.01255,-0.0065,0.06));
#3102=CARTESIAN_POINT('',(0.01905,-0.007,0.062));
#3103=CARTESIAN_POINT('',(0.01905,-0.007,0.061));
#3104=CARTESIAN_POINT('',(0.01905,-0.007,0.06));
#3105=CARTESIAN_POINT('',(-3.46944695195361E-18,-0.007,0.062));
#3106=CARTESIAN_POINT('',(-3.46944695195361E-18,-0.007,0.061));
#3107=CARTESIAN_POINT('',(-3.46944695195361E-18,-0.007,0.06));
#3108=CARTESIAN_POINT('',(-0.01905,-0.007,0.062));
#3109=CARTESIAN_POINT('',(-0.01905,-0.007,0.061));
#3110=CARTESIAN_POINT('',(-0.01905,-0.007,0.06));
#3111=CARTESIAN_POINT('',(0.,0.,0.062));
#3112=CARTESIAN_POINT('',(0.01105,0.0065,0.062));
#3113=CARTESIAN_POINT('',(0.01105,-0.0065,0.062));
#3114=CARTESIAN_POINT('',(0.01105,0.0065,0.062));
#3115=CARTESIAN_POINT('',(0.01255,0.0065,0.062));
#3116=CARTESIAN_POINT('',(0.01255,0.008,0.062));
#3117=CARTESIAN_POINT('',(0.02555,0.008,0.062));
#3118=CARTESIAN_POINT('',(0.02555,0.008,0.062));
#3119=CARTESIAN_POINT('',(0.02555,0.0065,0.062));
#3120=CARTESIAN_POINT('',(0.02705,0.0065,0.062));
#3121=CARTESIAN_POINT('',(0.02705,0.,0.062));
#3122=CARTESIAN_POINT('',(0.02705,-0.0065,0.062));
#3123=CARTESIAN_POINT('',(0.02555,-0.0065,0.062));
#3124=CARTESIAN_POINT('',(0.02555,-0.008,0.062));
#3125=CARTESIAN_POINT('',(-5.33761069531327E-19,-0.008,0.062));
#3126=CARTESIAN_POINT('',(0.01255,-0.008,0.062));
#3127=CARTESIAN_POINT('',(0.01255,-0.0065,0.062));
#3128=CARTESIAN_POINT('',(-0.008,0.0065,0.062));
#3129=CARTESIAN_POINT('',(-0.008,-0.0065,0.062));
#3130=CARTESIAN_POINT('',(-0.008,0.0065,0.062));
#3131=CARTESIAN_POINT('',(-0.0065,0.0065,0.062));
#3132=CARTESIAN_POINT('',(-0.0065,0.008,0.062));
#3133=CARTESIAN_POINT('',(0.0065,0.008,0.062));
#3134=CARTESIAN_POINT('',(0.0065,0.008,0.062));
#3135=CARTESIAN_POINT('',(0.0065,0.0065,0.062));
#3136=CARTESIAN_POINT('',(0.008,0.0065,0.062));
#3137=CARTESIAN_POINT('',(0.008,-5.33761069531325E-19,0.062));
#3138=CARTESIAN_POINT('',(0.008,-0.0065,0.062));
#3139=CARTESIAN_POINT('',(0.0065,-0.0065,0.062));
#3140=CARTESIAN_POINT('',(0.0065,-0.008,0.062));
#3141=CARTESIAN_POINT('',(-5.33761069531327E-19,-0.008,0.062));
#3142=CARTESIAN_POINT('',(-0.0065,-0.008,0.062));
#3143=CARTESIAN_POINT('',(-0.0065,-0.0065,0.062));
#3144=CARTESIAN_POINT('',(-0.02705,0.0065,0.062));
#3145=CARTESIAN_POINT('',(-0.02705,-0.0065,0.062));
#3146=CARTESIAN_POINT('',(-0.02705,0.0065,0.062));
#3147=CARTESIAN_POINT('',(-0.02555,0.0065,0.062));
#3148=CARTESIAN_POINT('',(-0.02555,0.008,0.062));
#3149=CARTESIAN_POINT('',(-0.01255,0.008,0.062));
#3150=CARTESIAN_POINT('',(-0.01255,0.008,0.062));
#3151=CARTESIAN_POINT('',(-0.01255,0.0065,0.062));
#3152=CARTESIAN_POINT('',(-0.01105,0.0065,0.062));
#3153=CARTESIAN_POINT('',(-0.01105,0.,0.062));
#3154=CARTESIAN_POINT('',(-0.01105,-0.0065,0.062));
#3155=CARTESIAN_POINT('',(-0.01255,-0.0065,0.062));
#3156=CARTESIAN_POINT('',(-0.01255,-0.008,0.062));
#3157=CARTESIAN_POINT('',(-5.33761069531327E-19,-0.008,0.062));
#3158=CARTESIAN_POINT('',(-0.02555,-0.008,0.062));
#3159=CARTESIAN_POINT('',(-0.02555,-0.0065,0.062));
#3160=CARTESIAN_POINT('',(0.03,0.015,0.062));
#3161=CARTESIAN_POINT('',(0.03,-0.01,0.062));
#3162=CARTESIAN_POINT('',(0.03,0.01,0.062));
#3163=CARTESIAN_POINT('',(0.,0.01,0.062));
#3164=CARTESIAN_POINT('',(-0.03,0.01,0.062));
#3165=CARTESIAN_POINT('',(-0.03,-6.93889390390723E-18,0.062));
#3166=CARTESIAN_POINT('',(-0.03,-0.01,0.062));
#3167=CARTESIAN_POINT('',(0.035,-0.01,0.062));
#3168=CARTESIAN_POINT('',(0.,0.,0.06));
#3169=CARTESIAN_POINT('',(0.0046,-0.01,0.004));
#3170=CARTESIAN_POINT('',(0.0046,0.01,0.005));
#3171=CARTESIAN_POINT('',(0.0046,-0.01,0.006));
#3172=CARTESIAN_POINT('',(-0.0046,-0.01,0.004));
#3173=CARTESIAN_POINT('',(-0.0046,0.01,0.005));
#3174=CARTESIAN_POINT('',(-0.0046,-0.01,0.006));
#3175=CARTESIAN_POINT('',(8.67361737988404E-19,-0.01,0.006));
#3176=CARTESIAN_POINT('',(1.7347234759768E-18,-0.008,0.0035));
#3177=CARTESIAN_POINT('',(-0.00875,-0.008,0.0035));
#3178=CARTESIAN_POINT('',(-0.00875,-0.008,0.0035));
#3179=CARTESIAN_POINT('',(1.7347234759768E-18,-0.008,0.0035));
#3180=CARTESIAN_POINT('',(0.00875,-0.008,0.0035));
#3181=CARTESIAN_POINT('',(0.00875,-0.008,0.0035));
#3182=CARTESIAN_POINT('',(-0.00875,0.002,0.0035));
#3183=CARTESIAN_POINT('',(-0.00875,0.012,0.0035));
#3184=CARTESIAN_POINT('',(-0.00875,0.012,0.0035));
#3185=CARTESIAN_POINT('',(-0.00875,0.002,0.0035));
#3186=CARTESIAN_POINT('',(-0.00925,0.012,0.0035));
#3187=CARTESIAN_POINT('',(-0.00975,0.012,0.0035));
#3188=CARTESIAN_POINT('',(-0.00975,0.012,0.0035));
#3189=CARTESIAN_POINT('',(-0.00925,0.012,0.0035));
#3190=CARTESIAN_POINT('',(-0.00975,0.0015,0.0035));
#3191=CARTESIAN_POINT('',(-0.00975,-0.009,0.0035));
#3192=CARTESIAN_POINT('',(-0.00975,-0.009,0.0035));
#3193=CARTESIAN_POINT('',(-0.00975,0.0015,0.0035));
#3194=CARTESIAN_POINT('',(2.60208521396521E-18,-0.009,0.0035));
#3195=CARTESIAN_POINT('',(0.00975,-0.009,0.0035));
#3196=CARTESIAN_POINT('',(0.00975,-0.009,0.0035));
#3197=CARTESIAN_POINT('',(2.60208521396521E-18,-0.009,0.0035));
#3198=CARTESIAN_POINT('',(0.00975,0.0015,0.0035));
#3199=CARTESIAN_POINT('',(0.00975,0.012,0.0035));
#3200=CARTESIAN_POINT('',(0.00975,0.012,0.0035));
#3201=CARTESIAN_POINT('',(0.00975,0.0015,0.0035));
#3202=CARTESIAN_POINT('',(0.00925,0.012,0.0035));
#3203=CARTESIAN_POINT('',(0.00875,0.012,0.0035));
#3204=CARTESIAN_POINT('',(0.00875,0.012,0.0035));
#3205=CARTESIAN_POINT('',(0.00925,0.012,0.0035));
#3206=CARTESIAN_POINT('',(0.00875,0.002,0.0035));
#3207=CARTESIAN_POINT('',(0.00875,0.002,0.0035));
#3208=CARTESIAN_POINT('',(0.,0.00125,0.0035));
#3209=CARTESIAN_POINT('',(0.03,0.01,0.06));
#3210=CARTESIAN_POINT('',(0.03,0.01,0.057));
#3211=CARTESIAN_POINT('',(0.03,0.01,0.005));
#3212=CARTESIAN_POINT('',(0.03,0.01,0.057));
#3213=CARTESIAN_POINT('',(0.03,0.01,0.057));
#3214=CARTESIAN_POINT('',(0.03,0.01,0.057));
#3215=CARTESIAN_POINT('',(0.03,0.01,0.005));
#3216=CARTESIAN_POINT('',(0.03,0.01,0.005));
#3217=CARTESIAN_POINT('',(0.03,0.01,0.005));
#3218=CARTESIAN_POINT('',(0.,0.01,0.057));
#3219=CARTESIAN_POINT('',(-0.03,0.01,0.057));
#3220=CARTESIAN_POINT('',(0.03,6.93889390390723E-18,0.057));
#3221=CARTESIAN_POINT('',(0.03,-0.01,0.057));
#3222=CARTESIAN_POINT('',(0.03,-0.01,0.06));
#3223=CARTESIAN_POINT('',(0.03,-0.01,0.005));
#3224=CARTESIAN_POINT('',(0.03,-0.01,0.057));
#3225=CARTESIAN_POINT('',(0.03,-1.15648231731787E-18,0.005));
#3226=CARTESIAN_POINT('',(0.03,-0.01,0.005));
#3227=CARTESIAN_POINT('',(6.93889390390723E-18,0.01,0.005));
#3228=CARTESIAN_POINT('',(-0.03,0.01,0.005));
#3229=CARTESIAN_POINT('',(-0.03,0.01,0.06));
#3230=CARTESIAN_POINT('',(-0.03,0.01,0.057));
#3231=CARTESIAN_POINT('',(-0.03,0.01,0.005));
#3232=CARTESIAN_POINT('',(-0.03,0.01,0.057));
#3233=CARTESIAN_POINT('',(-0.03,0.01,0.057));
#3234=CARTESIAN_POINT('',(0.03,-0.01,0.057));
#3235=CARTESIAN_POINT('',(0.03,-0.01,0.057));
#3236=CARTESIAN_POINT('',(0.03,-0.01,0.005));
#3237=CARTESIAN_POINT('',(0.03,-0.01,0.005));
#3238=CARTESIAN_POINT('',(-0.03,0.01,0.005));
#3239=CARTESIAN_POINT('',(-0.03,0.01,0.005));
#3240=CARTESIAN_POINT('',(-0.03,1.15648231731787E-18,0.057));
#3241=CARTESIAN_POINT('',(-0.03,-0.01,0.057));
#3242=CARTESIAN_POINT('',(0.,-0.01,0.057));
#3243=CARTESIAN_POINT('',(-0.03,-0.01,0.057));
#3244=CARTESIAN_POINT('',(1.04083408558608E-17,-0.01,0.005));
#3245=CARTESIAN_POINT('',(-0.03,-0.01,0.005));
#3246=CARTESIAN_POINT('',(-0.03,-6.93889390390723E-18,0.005));
#3247=CARTESIAN_POINT('',(-0.03,-0.01,0.005));
#3248=CARTESIAN_POINT('',(-0.03,-0.01,0.057));
#3249=CARTESIAN_POINT('',(-0.03,-0.01,0.057));
#3250=CARTESIAN_POINT('',(-0.03,-0.01,0.005));
#3251=CARTESIAN_POINT('',(-0.03,-0.01,0.005));
#3252=CARTESIAN_POINT('',(-0.03,-0.01,0.06));
#3253=CARTESIAN_POINT('',(0.,-0.0135,0.05));
#3254=CARTESIAN_POINT('',(-0.02275,-0.0135,0.05));
#3255=CARTESIAN_POINT('',(0.02275,-0.0135,0.05));
#3256=CARTESIAN_POINT('',(0.02275,-0.0135,0.03));
#3257=CARTESIAN_POINT('',(0.02275,-0.0135,0.01));
#3258=CARTESIAN_POINT('',(-0.02275,-0.0135,0.002));
#3259=CARTESIAN_POINT('',(-0.02275,-0.0135,0.01));
#3260=CARTESIAN_POINT('',(0.,-0.0135,0.01));
#3261=CARTESIAN_POINT('',(0.02555,-0.0065,0.061));
#3262=CARTESIAN_POINT('',(0.02555,-0.008,0.061));
#3263=CARTESIAN_POINT('',(0.02705,-0.0065,0.061));
#3264=CARTESIAN_POINT('',(0.02705,-2.77555756156289E-17,0.061));
#3265=CARTESIAN_POINT('',(0.02705,0.0065,0.061));
#3266=CARTESIAN_POINT('',(0.01905,-0.008,0.061));
#3267=CARTESIAN_POINT('',(0.01255,-0.008,0.061));
#3268=CARTESIAN_POINT('',(0.02555,0.0065,0.061));
#3269=CARTESIAN_POINT('',(0.02555,0.008,0.061));
#3270=CARTESIAN_POINT('',(0.01255,-0.0065,0.061));
#3271=CARTESIAN_POINT('',(0.01105,-0.0065,0.061));
#3272=CARTESIAN_POINT('',(5.33761069531324E-19,0.008,0.061));
#3273=CARTESIAN_POINT('',(0.01255,0.008,0.061));
#3274=CARTESIAN_POINT('',(0.01105,0.,0.061));
#3275=CARTESIAN_POINT('',(0.01105,0.0065,0.061));
#3276=CARTESIAN_POINT('',(0.01255,0.0065,0.061));
#3277=CARTESIAN_POINT('',(0.0065,-0.0065,0.061));
#3278=CARTESIAN_POINT('',(0.0065,-0.008,0.061));
#3279=CARTESIAN_POINT('',(0.008,-0.0065,0.061));
#3280=CARTESIAN_POINT('',(0.008,-2.08834018454131E-17,0.061));
#3281=CARTESIAN_POINT('',(0.008,0.0065,0.061));
#3282=CARTESIAN_POINT('',(-3.53616708564503E-18,-0.008,0.061));
#3283=CARTESIAN_POINT('',(-0.0065,-0.008,0.061));
#3284=CARTESIAN_POINT('',(0.0065,0.0065,0.061));
#3285=CARTESIAN_POINT('',(0.0065,0.008,0.061));
#3286=CARTESIAN_POINT('',(-0.0065,-0.0065,0.061));
#3287=CARTESIAN_POINT('',(-0.008,-0.0065,0.061));
#3288=CARTESIAN_POINT('',(5.33761069531324E-19,0.008,0.061));
#3289=CARTESIAN_POINT('',(-0.0065,0.008,0.061));
#3290=CARTESIAN_POINT('',(-0.008,5.33761069531326E-19,0.061));
#3291=CARTESIAN_POINT('',(-0.008,0.0065,0.061));
#3292=CARTESIAN_POINT('',(-0.0065,0.0065,0.061));
#3293=CARTESIAN_POINT('',(-0.01255,-0.0065,0.061));
#3294=CARTESIAN_POINT('',(-0.01255,-0.008,0.061));
#3295=CARTESIAN_POINT('',(-0.01105,-0.0065,0.061));
#3296=CARTESIAN_POINT('',(-0.01105,-2.08166817117217E-17,0.061));
#3297=CARTESIAN_POINT('',(-0.01105,0.0065,0.061));
#3298=CARTESIAN_POINT('',(-0.01905,-0.008,0.061));
#3299=CARTESIAN_POINT('',(-0.02555,-0.008,0.061));
#3300=CARTESIAN_POINT('',(-0.01255,0.0065,0.061));
#3301=CARTESIAN_POINT('',(-0.01255,0.008,0.061));
#3302=CARTESIAN_POINT('',(-0.02555,-0.0065,0.061));
#3303=CARTESIAN_POINT('',(-0.02705,-0.0065,0.061));
#3304=CARTESIAN_POINT('',(5.33761069531324E-19,0.008,0.061));
#3305=CARTESIAN_POINT('',(-0.02555,0.008,0.061));
#3306=CARTESIAN_POINT('',(-0.02705,0.,0.061));
#3307=CARTESIAN_POINT('',(-0.02705,0.0065,0.061));
#3308=CARTESIAN_POINT('',(-0.02555,0.0065,0.061));
#3309=CARTESIAN_POINT('',(-0.025,0.005,0.));
#3310=CARTESIAN_POINT('',(-0.025,0.005,-0.002));
#3311=CARTESIAN_POINT('',(-0.027,0.005,-0.002));
#3312=CARTESIAN_POINT('',(0.,0.,-0.002));
#3313=CARTESIAN_POINT('',(-0.025,-0.005,0.));
#3314=CARTESIAN_POINT('',(-0.025,-0.005,-0.002));
#3315=CARTESIAN_POINT('',(-0.027,-0.005,-0.002));
#3316=CARTESIAN_POINT('',(0.,0.,-0.002));
#3317=CARTESIAN_POINT('',(0.025,0.005,0.));
#3318=CARTESIAN_POINT('',(0.025,0.005,-0.002));
#3319=CARTESIAN_POINT('',(0.023,0.005,-0.002));
#3320=CARTESIAN_POINT('',(0.,0.,-0.002));
#3321=CARTESIAN_POINT('',(0.025,-0.005,0.));
#3322=CARTESIAN_POINT('',(0.025,-0.005,-0.002));
#3323=CARTESIAN_POINT('',(0.023,-0.005,-0.002));
#3324=CARTESIAN_POINT('',(0.,0.,-0.002));
#3325=MECHANICAL_DESIGN_GEOMETRIC_PRESENTATION_REPRESENTATION('',(#1934),#3326);
#3326=(
GEOMETRIC_REPRESENTATION_CONTEXT(3)
GLOBAL_UNCERTAINTY_ASSIGNED_CONTEXT((#3327))
GLOBAL_UNIT_ASSIGNED_CONTEXT((#3330,#3329,#3328))
REPRESENTATION_CONTEXT('Part 1','TOP_LEVEL_ASSEMBLY_PART')
);
#3327=UNCERTAINTY_MEASURE_WITH_UNIT(LENGTH_MEASURE(1.E-08),#3330,'DISTANCE_ACCURACY_VALUE','Maximum Tolerance applied to model');
#3328=(
NAMED_UNIT(*)
SI_UNIT($,.STERADIAN.)
SOLID_ANGLE_UNIT()
);
#3329=(
NAMED_UNIT(*)
PLANE_ANGLE_UNIT()
SI_UNIT($,.RADIAN.)
);
#3330=(
LENGTH_UNIT()
NAMED_UNIT(*)
SI_UNIT($,.METRE.)
);
#3331=PRODUCT_DEFINITION_SHAPE('','',#3332);
#3332=PRODUCT_DEFINITION('','',#3334,#3333);
#3333=PRODUCT_DEFINITION_CONTEXT('',#3340,'design');
#3334=PRODUCT_DEFINITION_FORMATION_WITH_SPECIFIED_SOURCE('','',#3336,.NOT_KNOWN.);
#3335=PRODUCT_RELATED_PRODUCT_CATEGORY('','',(#3336));
#3336=PRODUCT('Part 1','Part 1','Part 1',(#3338));
#3337=PRODUCT_CATEGORY('','');
#3338=PRODUCT_CONTEXT('',#3340,'mechanical');
#3339=APPLICATION_PROTOCOL_DEFINITION('international standard','ap242_managed_model_based_3d_engineering',2020,#3340);
#3340=APPLICATION_CONTEXT('managed model based 3d engineering');
ENDSEC;
END-ISO-10303-21;
