ISO-10303-21;
HEADER;
/*Generated by software containing ST-Developer
 * from STEP Tools, Inc. (www.steptools.com) 
 */
/*OPTION: using custom renumber hook */
/*description */
/*implementation_level */
FILE_DESCRIPTION(('STEP AP242 Edition 2','STEP AP242 Edition 2''CAx-IF Rec.Pracs.---Representation and Presentation of Product Manufa
cturing Information (PMI)---4.0---2014-10-13','STEP AP242 Edition 2''CAx-IF Rec.Pracs.---Representation and Presentation of Product Manufa
cturing Information (PMI)---4.0---2014-10-13''CAx-IF Rec.Pracs.---3D Tessellated Geometry---0.4---2014-09-14','STEP AP242 Edition 2''CAx-IF Rec.Pracs.---Representation and Presentation of Product Manufa
cturing Information (PMI)---4.0---2014-10-13''CAx-IF Rec.Pracs.---3D Tessellated Geometry---0.4---2014-09-14''2;1','STEP AP242 Edition 2''CAx-IF Rec.Pracs.---Representation and Presentation of Product Manufa
cturing Information (PMI)---4.0---2014-10-13''CAx-IF Rec.Pracs.---3D Tessellated Geometry---0.4---2014-09-14''2;1''CAx-IF Rec.Pracs.---User Defined Attributes---1.5---2016-08-15'),'2;1');
/*name */
/*time_stamp */
/*author */
/*organization */
/*preprocessor_version */
/*originating_system */
/*authorisation */
FILE_NAME('/vol/tmp/translate-9136228476559718642/Part Studio 2.step','2026-03-16T20:26:58',(''),(''),'ST-DEVELOPER v20','ONSHAPE BY PTC INC, 1.212','  ');
FILE_SCHEMA(('AP242_MANAGED_MODEL_BASED_3D_ENGINEERING_MIM_LF { 1 0 10303 442 3 1 4 }'));
ENDSEC;
DATA;
#10=SHAPE_REPRESENTATION_RELATIONSHIP('','',#7071,#11);
#11=ADVANCED_BREP_SHAPE_REPRESENTATION('',(#7069),#12125);
#12=B_SPLINE_SURFACE_WITH_KNOTS('',3,1,((#11849,#11850),(#11851,#11852),(#11853,#11854),(#11855,#11856)),.SURF_OF_LINEAR_EXTRUSION.,.F.,.F.,.F.,(4,4),(2,2),(0.969714619407028,1.),(0.,1.),.PIECEWISE_BEZIER_KNOTS.);
#13=B_SPLINE_SURFACE_WITH_KNOTS('',3,1,((#11858,#11859),(#11860,#11861),(#11862,#11863),(#11864,#11865)),.SURF_OF_LINEAR_EXTRUSION.,.F.,.F.,.F.,(4,4),(2,2),(0.969714619407028,1.),(0.,1.),.PIECEWISE_BEZIER_KNOTS.);
#14=B_SPLINE_SURFACE_WITH_KNOTS('',3,1,((#11933,#11934),(#11935,#11936),(#11937,#11938),(#11939,#11940),(#11941,#11942),(#11943,#11944),(#11945,
#11946),(#11947,#11948),(#11949,#11950),(#11951,#11952),(#11953,#11954)),.SURF_OF_LINEAR_EXTRUSION.,.F.,.F.,.F.,(4,1,1,1,1,1,1,1,4),(2,2),(0.29946625826657,0.320968759529393,0.342471260792215,0.363973762055037,0.38547626331786,0.406978764580682,0.428481265843504,0.449983767106326,0.471486268369149),(0.,1.),.UNSPECIFIED.);
#15=B_SPLINE_SURFACE_WITH_KNOTS('',3,1,((#11969,#11970),(#11971,#11972),(#11973,#11974),(#11975,#11976)),.SURF_OF_LINEAR_EXTRUSION.,.F.,.F.,.F.,(4,4),(2,2),(0.486311233401945,0.515320862038919),(0.,1.),.PIECEWISE_BEZIER_KNOTS.);
#16=B_SPLINE_SURFACE_WITH_KNOTS('',3,1,((#11988,#11989),(#11990,#11991),(#11992,#11993),(#11994,#11995)),.SURF_OF_LINEAR_EXTRUSION.,.F.,.F.,.F.,(4,4),(2,2),(0.543308201077908,0.562980165615592),(0.,1.),.PIECEWISE_BEZIER_KNOTS.);
#17=B_SPLINE_SURFACE_WITH_KNOTS('',3,1,((#11998,#11999),(#12000,#12001),(#12002,#12003),(#12004,#12005)),.SURF_OF_LINEAR_EXTRUSION.,.F.,.F.,.F.,(4,4),(2,2),(0.580677610418984,0.59318909180356),(0.,1.),.PIECEWISE_BEZIER_KNOTS.);
#18=B_SPLINE_SURFACE_WITH_KNOTS('',3,1,((#12026,#12027),(#12028,#12029),(#12030,#12031),(#12032,#12033)),.SURF_OF_LINEAR_EXTRUSION.,.F.,.F.,.F.,(4,4),(2,2),(0.486311233401945,0.515320862038919),(0.,1.),.PIECEWISE_BEZIER_KNOTS.);
#19=B_SPLINE_SURFACE_WITH_KNOTS('',3,1,((#12065,#12066),(#12067,#12068),(#12069,#12070),(#12071,#12072),(#12073,#12074),(#12075,#12076),(#12077,
#12078),(#12079,#12080),(#12081,#12082),(#12083,#12084),(#12085,#12086)),.SURF_OF_LINEAR_EXTRUSION.,.F.,.F.,.F.,(4,1,1,1,1,1,1,1,4),(2,2),(0.29946625826657,0.320968759529393,0.342471260792215,0.363973762055037,0.38547626331786,0.406978764580682,0.428481265843504,0.449983767106326,0.471486268369149),(0.,1.),.UNSPECIFIED.);
#20=B_SPLINE_SURFACE_WITH_KNOTS('',3,1,((#12092,#12093),(#12094,#12095),(#12096,#12097),(#12098,#12099)),.SURF_OF_LINEAR_EXTRUSION.,.F.,.F.,.F.,(4,4),(2,2),(0.543308201077908,0.562980165615593),(0.,1.),.PIECEWISE_BEZIER_KNOTS.);
#21=B_SPLINE_SURFACE_WITH_KNOTS('',3,1,((#12102,#12103),(#12104,#12105),(#12106,#12107),(#12108,#12109)),.SURF_OF_LINEAR_EXTRUSION.,.F.,.F.,.F.,(4,4),(2,2),(0.580677610418984,0.593189091803553),(0.,1.),.PIECEWISE_BEZIER_KNOTS.);
#22=CYLINDRICAL_SURFACE('',#7445,0.001);
#23=CYLINDRICAL_SURFACE('',#7446,0.001);
#24=CYLINDRICAL_SURFACE('',#7447,0.001);
#25=CYLINDRICAL_SURFACE('',#7448,0.001);
#26=CYLINDRICAL_SURFACE('',#7449,0.003);
#27=CYLINDRICAL_SURFACE('',#7450,0.003);
#28=CYLINDRICAL_SURFACE('',#7451,0.003);
#29=CYLINDRICAL_SURFACE('',#7452,0.003);
#30=CYLINDRICAL_SURFACE('',#7453,0.00026);
#31=CYLINDRICAL_SURFACE('',#7458,0.0267436819338836);
#32=CYLINDRICAL_SURFACE('',#7460,0.0005);
#33=CYLINDRICAL_SURFACE('',#7461,0.0005);
#34=CYLINDRICAL_SURFACE('',#7462,0.0005);
#35=CYLINDRICAL_SURFACE('',#7463,0.0005);
#36=CYLINDRICAL_SURFACE('',#7464,0.0005);
#37=CYLINDRICAL_SURFACE('',#7470,0.0005);
#38=CYLINDRICAL_SURFACE('',#7471,0.0005);
#39=CYLINDRICAL_SURFACE('',#7472,0.0005);
#40=CYLINDRICAL_SURFACE('',#7473,0.0005);
#41=CYLINDRICAL_SURFACE('',#7474,0.0005);
#42=CYLINDRICAL_SURFACE('',#7475,0.00026);
#43=CYLINDRICAL_SURFACE('',#7478,0.0104485457237388);
#44=CYLINDRICAL_SURFACE('',#7480,0.0005);
#45=CYLINDRICAL_SURFACE('',#7481,0.0005);
#46=CYLINDRICAL_SURFACE('',#7482,0.0005);
#47=CYLINDRICAL_SURFACE('',#7483,0.0005);
#48=CYLINDRICAL_SURFACE('',#7488,0.0005);
#49=CYLINDRICAL_SURFACE('',#7489,0.0005);
#50=CYLINDRICAL_SURFACE('',#7490,0.0005);
#51=CYLINDRICAL_SURFACE('',#7491,0.0005);
#52=CYLINDRICAL_SURFACE('',#7492,0.00026);
#53=CYLINDRICAL_SURFACE('',#7500,0.0005);
#54=CYLINDRICAL_SURFACE('',#7501,0.0005);
#55=CYLINDRICAL_SURFACE('',#7502,0.0005);
#56=CYLINDRICAL_SURFACE('',#7503,0.0005);
#57=CYLINDRICAL_SURFACE('',#7504,0.0005);
#58=CYLINDRICAL_SURFACE('',#7505,0.0005);
#59=CYLINDRICAL_SURFACE('',#7506,0.0005);
#60=CYLINDRICAL_SURFACE('',#7507,0.00026);
#61=CYLINDRICAL_SURFACE('',#7515,0.0272436819338778);
#62=CYLINDRICAL_SURFACE('',#7516,0.0005);
#63=CYLINDRICAL_SURFACE('',#7517,0.0005);
#64=CYLINDRICAL_SURFACE('',#7518,0.0005);
#65=CYLINDRICAL_SURFACE('',#7519,0.0005);
#66=CYLINDRICAL_SURFACE('',#7520,0.0005);
#67=CYLINDRICAL_SURFACE('',#7521,0.0005);
#68=CYLINDRICAL_SURFACE('',#7522,0.0005);
#69=CYLINDRICAL_SURFACE('',#7530,0.0005);
#70=CYLINDRICAL_SURFACE('',#7531,0.0005);
#71=CYLINDRICAL_SURFACE('',#7532,0.0005);
#72=CYLINDRICAL_SURFACE('',#7533,0.0005);
#73=CYLINDRICAL_SURFACE('',#7534,0.0005);
#74=CYLINDRICAL_SURFACE('',#7535,0.0005);
#75=CYLINDRICAL_SURFACE('',#7536,0.0005);
#76=CYLINDRICAL_SURFACE('',#7543,0.0099485457237388);
#77=CYLINDRICAL_SURFACE('',#7545,0.0005);
#78=CYLINDRICAL_SURFACE('',#7546,0.0005);
#79=CYLINDRICAL_SURFACE('',#7547,0.0005);
#80=CYLINDRICAL_SURFACE('',#7548,0.0005);
#81=CYLINDRICAL_SURFACE('',#7549,0.0005);
#82=CYLINDRICAL_SURFACE('',#7550,0.0005);
#83=CYLINDRICAL_SURFACE('',#7551,0.0005);
#84=CYLINDRICAL_SURFACE('',#7552,0.00026);
#85=CYLINDRICAL_SURFACE('',#7553,0.00026);
#86=CYLINDRICAL_SURFACE('',#7564,0.0005);
#87=CYLINDRICAL_SURFACE('',#7565,0.0005);
#88=CYLINDRICAL_SURFACE('',#7566,0.0005);
#89=CYLINDRICAL_SURFACE('',#7567,0.0005);
#90=CYLINDRICAL_SURFACE('',#7568,0.0005);
#91=CYLINDRICAL_SURFACE('',#7569,0.0005);
#92=CYLINDRICAL_SURFACE('',#7570,0.0005);
#93=CYLINDRICAL_SURFACE('',#7571,0.0005);
#94=CYLINDRICAL_SURFACE('',#7577,0.0005);
#95=CYLINDRICAL_SURFACE('',#7578,0.0005);
#96=CYLINDRICAL_SURFACE('',#7579,0.0005);
#97=CYLINDRICAL_SURFACE('',#7580,0.0005);
#98=CYLINDRICAL_SURFACE('',#7581,0.0005);
#99=CYLINDRICAL_SURFACE('',#7582,0.00026);
#100=CYLINDRICAL_SURFACE('',#7588,0.0272436819338778);
#101=CYLINDRICAL_SURFACE('',#7591,0.0005);
#102=CYLINDRICAL_SURFACE('',#7592,0.0005);
#103=CYLINDRICAL_SURFACE('',#7593,0.0005);
#104=CYLINDRICAL_SURFACE('',#7594,0.0005);
#105=CYLINDRICAL_SURFACE('',#7595,0.0005);
#106=CYLINDRICAL_SURFACE('',#7596,0.0005);
#107=CYLINDRICAL_SURFACE('',#7597,0.0005);
#108=CYLINDRICAL_SURFACE('',#7598,0.00026);
#109=CYLINDRICAL_SURFACE('',#7599,0.00026);
#110=CYLINDRICAL_SURFACE('',#7610,0.0005);
#111=CYLINDRICAL_SURFACE('',#7611,0.0005);
#112=CYLINDRICAL_SURFACE('',#7612,0.0005);
#113=CYLINDRICAL_SURFACE('',#7613,0.0005);
#114=CYLINDRICAL_SURFACE('',#7614,0.0005);
#115=CYLINDRICAL_SURFACE('',#7615,0.0005);
#116=CYLINDRICAL_SURFACE('',#7616,0.0005);
#117=CYLINDRICAL_SURFACE('',#7617,0.0005);
#118=CYLINDRICAL_SURFACE('',#7618,0.00026);
#119=CYLINDRICAL_SURFACE('',#7623,0.0267436819338778);
#120=CYLINDRICAL_SURFACE('',#7625,0.0005);
#121=CYLINDRICAL_SURFACE('',#7626,0.0005);
#122=CYLINDRICAL_SURFACE('',#7627,0.0005);
#123=CYLINDRICAL_SURFACE('',#7628,0.0005);
#124=CYLINDRICAL_SURFACE('',#7629,0.0005);
#125=CYLINDRICAL_SURFACE('',#7637,0.0005);
#126=CYLINDRICAL_SURFACE('',#7638,0.0005);
#127=CYLINDRICAL_SURFACE('',#7639,0.0005);
#128=CYLINDRICAL_SURFACE('',#7640,0.0005);
#129=CYLINDRICAL_SURFACE('',#7641,0.0005);
#130=CYLINDRICAL_SURFACE('',#7642,0.0005);
#131=CYLINDRICAL_SURFACE('',#7643,0.0005);
#132=CYLINDRICAL_SURFACE('',#7644,0.00026);
#133=CYLINDRICAL_SURFACE('',#7647,0.0104485457237388);
#134=CYLINDRICAL_SURFACE('',#7649,0.0005);
#135=CYLINDRICAL_SURFACE('',#7650,0.0005);
#136=CYLINDRICAL_SURFACE('',#7651,0.0005);
#137=CYLINDRICAL_SURFACE('',#7652,0.0005);
#138=CYLINDRICAL_SURFACE('',#7653,0.00026);
#139=CYLINDRICAL_SURFACE('',#7661,0.0005);
#140=CYLINDRICAL_SURFACE('',#7662,0.0005);
#141=CYLINDRICAL_SURFACE('',#7663,0.0005);
#142=CYLINDRICAL_SURFACE('',#7664,0.0005);
#143=CYLINDRICAL_SURFACE('',#7665,0.0005);
#144=CYLINDRICAL_SURFACE('',#7666,0.0005);
#145=CYLINDRICAL_SURFACE('',#7667,0.0005);
#146=CYLINDRICAL_SURFACE('',#7671,0.0099485457237388);
#147=CYLINDRICAL_SURFACE('',#7676,0.0005);
#148=CYLINDRICAL_SURFACE('',#7677,0.0005);
#149=CYLINDRICAL_SURFACE('',#7678,0.0005);
#150=CYLINDRICAL_SURFACE('',#7679,0.0005);
#151=CYLINDRICAL_SURFACE('',#7680,0.0005);
#152=CYLINDRICAL_SURFACE('',#7681,0.0005);
#153=CYLINDRICAL_SURFACE('',#7682,0.0005);
#154=CYLINDRICAL_SURFACE('',#7687,0.0005);
#155=CYLINDRICAL_SURFACE('',#7688,0.0005);
#156=CYLINDRICAL_SURFACE('',#7689,0.0005);
#157=CYLINDRICAL_SURFACE('',#7690,0.0005);
#158=CYLINDRICAL_SURFACE('',#7702,0.000721692020714504);
#159=CYLINDRICAL_SURFACE('',#7710,0.000721692020714502);
#160=CYLINDRICAL_SURFACE('',#7717,0.00075);
#161=CYLINDRICAL_SURFACE('',#7718,0.000635);
#162=CYLINDRICAL_SURFACE('',#7719,0.000635);
#163=CYLINDRICAL_SURFACE('',#7720,0.000635);
#164=CYLINDRICAL_SURFACE('',#7721,0.000635);
#165=CYLINDRICAL_SURFACE('',#7726,0.00075);
#166=CYLINDRICAL_SURFACE('',#7727,0.00075);
#167=CYLINDRICAL_SURFACE('',#7728,0.00075);
#168=CYLINDRICAL_SURFACE('',#7729,0.00075);
#169=CYLINDRICAL_SURFACE('',#7730,0.000635);
#170=CYLINDRICAL_SURFACE('',#7731,0.000635);
#171=CYLINDRICAL_SURFACE('',#7734,0.00075);
#172=CYLINDRICAL_SURFACE('',#7735,0.00075);
#173=CYLINDRICAL_SURFACE('',#7736,0.00075);
#174=CYLINDRICAL_SURFACE('',#7738,0.000635);
#175=CYLINDRICAL_SURFACE('',#7739,0.000635);
#176=CYLINDRICAL_SURFACE('',#7740,0.00075);
#177=CYLINDRICAL_SURFACE('',#7741,0.00075);
#178=CYLINDRICAL_SURFACE('',#7742,0.00075);
#179=CYLINDRICAL_SURFACE('',#7743,0.00075);
#180=CYLINDRICAL_SURFACE('',#7744,0.00075);
#181=CYLINDRICAL_SURFACE('',#7745,0.000635);
#182=CYLINDRICAL_SURFACE('',#7746,0.000635);
#183=CYLINDRICAL_SURFACE('',#7749,0.00075);
#184=CYLINDRICAL_SURFACE('',#7750,0.00075);
#185=CYLINDRICAL_SURFACE('',#7751,0.00075);
#186=CYLINDRICAL_SURFACE('',#7752,0.00075);
#187=CYLINDRICAL_SURFACE('',#7753,0.000635);
#188=CYLINDRICAL_SURFACE('',#7754,0.000635);
#189=CYLINDRICAL_SURFACE('',#7755,0.000635);
#190=CYLINDRICAL_SURFACE('',#7756,0.000635);
#191=CYLINDRICAL_SURFACE('',#7761,0.00075);
#192=CYLINDRICAL_SURFACE('',#7762,0.00075);
#193=CYLINDRICAL_SURFACE('',#7763,0.00075);
#194=CYLINDRICAL_SURFACE('',#7765,0.000635);
#195=CYLINDRICAL_SURFACE('',#7766,0.000635);
#196=CYLINDRICAL_SURFACE('',#7767,0.00075);
#197=CYLINDRICAL_SURFACE('',#7768,0.00075);
#198=CYLINDRICAL_SURFACE('',#7769,0.00075);
#199=CYLINDRICAL_SURFACE('',#7770,0.00075);
#200=B_SPLINE_CURVE_WITH_KNOTS('',3,(#9848,#9849,#9850,#9851),.UNSPECIFIED.,.F.,.F.,(4,4),(-9.63082460693769E-05,0.000691598862924018),.UNSPECIFIED.);
#201=B_SPLINE_CURVE_WITH_KNOTS('',3,(#9855,#9856,#9857,#9858),.UNSPECIFIED.,.F.,.F.,(4,4),(-5.27711805613966E-06,0.000380923645505221),.UNSPECIFIED.);
#202=B_SPLINE_CURVE_WITH_KNOTS('',3,(#10408,#10409,#10410,#10411),.UNSPECIFIED.,.F.,.F.,(4,4),(0.969714619407028,1.),.PIECEWISE_BEZIER_KNOTS.);
#203=B_SPLINE_CURVE_WITH_KNOTS('',3,(#10413,#10414,#10415,#10416),.UNSPECIFIED.,.F.,.F.,(4,4),(0.969714619407028,1.),.PIECEWISE_BEZIER_KNOTS.);
#204=B_SPLINE_CURVE_WITH_KNOTS('',3,(#10452,#10453,#10454,#10455),.UNSPECIFIED.,.F.,.F.,(4,4),(-6.21459245544018E-05,0.00192336779064065),.UNSPECIFIED.);
#205=B_SPLINE_CURVE_WITH_KNOTS('',3,(#10461,#10462,#10463,#10464,#10465,#10466,#10467,#10468,#10469,#10470,#10471,#10472,#10473),.UNSPECIFIED.,.F.,.F.,(4,1,1,1,1,1,1,1,1,1,4),(-3.14161206997547E-05,0.000414327869576412,0.000860071859852579,0.00130581585012875,0.00175155984040491,0.00219730383068108,0.00264304782095725,0.00353453580150958,0.00442602378206191,0.00531751176261424,0.00710048772371891),.UNSPECIFIED.);
#206=B_SPLINE_CURVE_WITH_KNOTS('',3,(#10511,#10512,#10513,#10514,#10515,#10516,#10517,#10518,#10519,#10520,#10521,#10522,#10523),.UNSPECIFIED.,.F.,.F.,(4,1,1,1,1,1,1,1,1,1,4),(-3.14161206997213E-05,0.000414327869576451,0.000860071859852622,0.00130581585012879,0.00175155984040497,0.00219730383068114,0.00264304782095731,0.00353453580150965,0.004426023782062,0.00531751176261434,0.00710048772371903),.UNSPECIFIED.);
#207=B_SPLINE_CURVE_WITH_KNOTS('',3,(#10529,#10530,#10531,#10532),.UNSPECIFIED.,.F.,.F.,(4,4),(-6.21434140834144E-05,0.00192336879573559),.UNSPECIFIED.);
#208=B_SPLINE_CURVE_WITH_KNOTS('',3,(#10535,#10536,#10537,#10538),.UNSPECIFIED.,.F.,.F.,(4,4),(-5.27711805615181E-06,0.000380923645507453),.UNSPECIFIED.);
#209=B_SPLINE_CURVE_WITH_KNOTS('',3,(#10543,#10544,#10545,#10546),.UNSPECIFIED.,.F.,.F.,(4,4),(-9.63082460693487E-05,0.000691598862920463),.UNSPECIFIED.);
#210=B_SPLINE_CURVE_WITH_KNOTS('',3,(#10573,#10574,#10575,#10576),.UNSPECIFIED.,.F.,.F.,(4,4),(1.63653485417008E-17,0.000787708321338769),.UNSPECIFIED.);
#211=B_SPLINE_CURVE_WITH_KNOTS('',3,(#10580,#10581,#10582,#10583),.UNSPECIFIED.,.F.,.F.,(4,4),(2.24376511094697E-15,0.000386196148563247),.UNSPECIFIED.);
#212=B_SPLINE_CURVE_WITH_KNOTS('',3,(#10599,#10600,#10601,#10602),.UNSPECIFIED.,.F.,.F.,(4,4),(8.67361737988404E-19,0.00198547185422001),.UNSPECIFIED.);
#213=B_SPLINE_CURVE_WITH_KNOTS('',3,(#10608,#10609,#10610,#10611,#10612,#10613,#10614,#10615,#10616,#10617,#10618,#10619,#10620),.UNSPECIFIED.,.F.,.F.,(4,1,1,1,1,1,1,1,1,1,4),(1.36932500721371E-15,0.00177861766917412,0.00266792650376049,0.00355723533834687,0.00444654417293324,0.00489119859022643,0.00533585300751961,0.0057805074248128,0.00622516184210599,0.00666981625939918,0.00711447067669236),.UNSPECIFIED.);
#214=B_SPLINE_CURVE_WITH_KNOTS('',3,(#10662,#10663,#10664,#10665,#10666,#10667,#10668,#10669,#10670,#10671,#10672,#10673,#10674),.UNSPECIFIED.,.F.,.F.,(4,1,1,1,1,1,1,1,1,1,4),(4.47028007668187E-18,0.00177861766917273,0.00266792650375909,0.00355723533834545,0.00444654417293181,0.00489119859022499,0.00533585300751817,0.00578050742481135,0.00622516184210453,0.00666981625939771,0.00711447067669089),.UNSPECIFIED.);
#215=B_SPLINE_CURVE_WITH_KNOTS('',3,(#10680,#10681,#10682,#10683),.UNSPECIFIED.,.F.,.F.,(4,4),(6.50521303491303E-19,0.00198547185421312),.UNSPECIFIED.);
#216=B_SPLINE_CURVE_WITH_KNOTS('',3,(#11191,#11192,#11193,#11194),.UNSPECIFIED.,.F.,.F.,(4,4),(0.969714619407028,1.),.PIECEWISE_BEZIER_KNOTS.);
#217=B_SPLINE_CURVE_WITH_KNOTS('',3,(#11196,#11197,#11198,#11199),.UNSPECIFIED.,.F.,.F.,(4,4),(0.969714619407028,1.),.PIECEWISE_BEZIER_KNOTS.);
#218=B_SPLINE_CURVE_WITH_KNOTS('',3,(#11261,#11262,#11263,#11264),.UNSPECIFIED.,.F.,.F.,(4,4),(1.26481833985163E-15,0.000386196148563529),.UNSPECIFIED.);
#219=B_SPLINE_CURVE_WITH_KNOTS('',3,(#11268,#11269,#11270,#11271),.UNSPECIFIED.,.F.,.F.,(4,4),(0.,0.000787708321343904),.UNSPECIFIED.);
#220=LINE('',#9842,#888);
#221=LINE('',#9863,#889);
#222=LINE('',#9866,#890);
#223=LINE('',#9868,#891);
#224=LINE('',#9870,#892);
#225=LINE('',#9872,#893);
#226=LINE('',#9874,#894);
#227=LINE('',#9876,#895);
#228=LINE('',#9880,#896);
#229=LINE('',#9882,#897);
#230=LINE('',#9884,#898);
#231=LINE('',#9886,#899);
#232=LINE('',#9888,#900);
#233=LINE('',#9890,#901);
#234=LINE('',#9892,#902);
#235=LINE('',#9895,#903);
#236=LINE('',#9900,#904);
#237=LINE('',#9904,#905);
#238=LINE('',#9908,#906);
#239=LINE('',#9912,#907);
#240=LINE('',#9915,#908);
#241=LINE('',#9920,#909);
#242=LINE('',#9924,#910);
#243=LINE('',#9928,#911);
#244=LINE('',#9932,#912);
#245=LINE('',#9936,#913);
#246=LINE('',#9940,#914);
#247=LINE('',#9943,#915);
#248=LINE('',#9950,#916);
#249=LINE('',#9954,#917);
#250=LINE('',#9958,#918);
#251=LINE('',#9962,#919);
#252=LINE('',#9966,#920);
#253=LINE('',#9970,#921);
#254=LINE('',#9973,#922);
#255=LINE('',#9978,#923);
#256=LINE('',#9982,#924);
#257=LINE('',#9986,#925);
#258=LINE('',#9990,#926);
#259=LINE('',#10000,#927);
#260=LINE('',#10004,#928);
#261=LINE('',#10008,#929);
#262=LINE('',#10012,#930);
#263=LINE('',#10016,#931);
#264=LINE('',#10017,#932);
#265=LINE('',#10022,#933);
#266=LINE('',#10026,#934);
#267=LINE('',#10030,#935);
#268=LINE('',#10040,#936);
#269=LINE('',#10044,#937);
#270=LINE('',#10048,#938);
#271=LINE('',#10051,#939);
#272=LINE('',#10056,#940);
#273=LINE('',#10060,#941);
#274=LINE('',#10064,#942);
#275=LINE('',#10067,#943);
#276=LINE('',#10076,#944);
#277=LINE('',#10080,#945);
#278=LINE('',#10084,#946);
#279=LINE('',#10088,#947);
#280=LINE('',#10092,#948);
#281=LINE('',#10096,#949);
#282=LINE('',#10099,#950);
#283=LINE('',#10106,#951);
#284=LINE('',#10110,#952);
#285=LINE('',#10114,#953);
#286=LINE('',#10118,#954);
#287=LINE('',#10122,#955);
#288=LINE('',#10126,#956);
#289=LINE('',#10129,#957);
#290=LINE('',#10134,#958);
#291=LINE('',#10138,#959);
#292=LINE('',#10142,#960);
#293=LINE('',#10146,#961);
#294=LINE('',#10150,#962);
#295=LINE('',#10154,#963);
#296=LINE('',#10158,#964);
#297=LINE('',#10162,#965);
#298=LINE('',#10166,#966);
#299=LINE('',#10169,#967);
#300=LINE('',#10178,#968);
#301=LINE('',#10182,#969);
#302=LINE('',#10186,#970);
#303=LINE('',#10190,#971);
#304=LINE('',#10194,#972);
#305=LINE('',#10198,#973);
#306=LINE('',#10201,#974);
#307=LINE('',#10206,#975);
#308=LINE('',#10210,#976);
#309=LINE('',#10214,#977);
#310=LINE('',#10218,#978);
#311=LINE('',#10222,#979);
#312=LINE('',#10226,#980);
#313=LINE('',#10230,#981);
#314=LINE('',#10234,#982);
#315=LINE('',#10238,#983);
#316=LINE('',#10241,#984);
#317=LINE('',#10246,#985);
#318=LINE('',#10254,#986);
#319=LINE('',#10258,#987);
#320=LINE('',#10262,#988);
#321=LINE('',#10268,#989);
#322=LINE('',#10272,#990);
#323=LINE('',#10276,#991);
#324=LINE('',#10280,#992);
#325=LINE('',#10284,#993);
#326=LINE('',#10288,#994);
#327=LINE('',#10292,#995);
#328=LINE('',#10296,#996);
#329=LINE('',#10306,#997);
#330=LINE('',#10310,#998);
#331=LINE('',#10311,#999);
#332=LINE('',#10316,#1000);
#333=LINE('',#10320,#1001);
#334=LINE('',#10324,#1002);
#335=LINE('',#10328,#1003);
#336=LINE('',#10334,#1004);
#337=LINE('',#10338,#1005);
#338=LINE('',#10346,#1006);
#339=LINE('',#10350,#1007);
#340=LINE('',#10354,#1008);
#341=LINE('',#10358,#1009);
#342=LINE('',#10362,#1010);
#343=LINE('',#10366,#1011);
#344=LINE('',#10370,#1012);
#345=LINE('',#10371,#1013);
#346=LINE('',#10376,#1014);
#347=LINE('',#10380,#1015);
#348=LINE('',#10384,#1016);
#349=LINE('',#10387,#1017);
#350=LINE('',#10390,#1018);
#351=LINE('',#10392,#1019);
#352=LINE('',#10394,#1020);
#353=LINE('',#10396,#1021);
#354=LINE('',#10398,#1022);
#355=LINE('',#10400,#1023);
#356=LINE('',#10402,#1024);
#357=LINE('',#10404,#1025);
#358=LINE('',#10406,#1026);
#359=LINE('',#10420,#1027);
#360=LINE('',#10424,#1028);
#361=LINE('',#10428,#1029);
#362=LINE('',#10432,#1030);
#363=LINE('',#10442,#1031);
#364=LINE('',#10446,#1032);
#365=LINE('',#10479,#1033);
#366=LINE('',#10483,#1034);
#367=LINE('',#10493,#1035);
#368=LINE('',#10497,#1036);
#369=LINE('',#10501,#1037);
#370=LINE('',#10505,#1038);
#371=LINE('',#10552,#1039);
#372=LINE('',#10567,#1040);
#373=LINE('',#10589,#1041);
#374=LINE('',#10593,#1042);
#375=LINE('',#10626,#1043);
#376=LINE('',#10630,#1044);
#377=LINE('',#10634,#1045);
#378=LINE('',#10638,#1046);
#379=LINE('',#10643,#1047);
#380=LINE('',#10648,#1048);
#381=LINE('',#10652,#1049);
#382=LINE('',#10656,#1050);
#383=LINE('',#10689,#1051);
#384=LINE('',#10693,#1052);
#385=LINE('',#10705,#1053);
#386=LINE('',#10709,#1054);
#387=LINE('',#10713,#1055);
#388=LINE('',#10717,#1056);
#389=LINE('',#10723,#1057);
#390=LINE('',#10727,#1058);
#391=LINE('',#10731,#1059);
#392=LINE('',#10735,#1060);
#393=LINE('',#10739,#1061);
#394=LINE('',#10743,#1062);
#395=LINE('',#10747,#1063);
#396=LINE('',#10751,#1064);
#397=LINE('',#10755,#1065);
#398=LINE('',#10759,#1066);
#399=LINE('',#10765,#1067);
#400=LINE('',#10769,#1068);
#401=LINE('',#10773,#1069);
#402=LINE('',#10777,#1070);
#403=LINE('',#10778,#1071);
#404=LINE('',#10783,#1072);
#405=LINE('',#10787,#1073);
#406=LINE('',#10796,#1074);
#407=LINE('',#10801,#1075);
#408=LINE('',#10805,#1076);
#409=LINE('',#10809,#1077);
#410=LINE('',#10813,#1078);
#411=LINE('',#10817,#1079);
#412=LINE('',#10821,#1080);
#413=LINE('',#10827,#1081);
#414=LINE('',#10831,#1082);
#415=LINE('',#10835,#1083);
#416=LINE('',#10839,#1084);
#417=LINE('',#10847,#1085);
#418=LINE('',#10851,#1086);
#419=LINE('',#10855,#1087);
#420=LINE('',#10859,#1088);
#421=LINE('',#10863,#1089);
#422=LINE('',#10867,#1090);
#423=LINE('',#10871,#1091);
#424=LINE('',#10875,#1092);
#425=LINE('',#10879,#1093);
#426=LINE('',#10883,#1094);
#427=LINE('',#10887,#1095);
#428=LINE('',#10891,#1096);
#429=LINE('',#10895,#1097);
#430=LINE('',#10899,#1098);
#431=LINE('',#10903,#1099);
#432=LINE('',#10907,#1100);
#433=LINE('',#10911,#1101);
#434=LINE('',#10915,#1102);
#435=LINE('',#10923,#1103);
#436=LINE('',#10927,#1104);
#437=LINE('',#10931,#1105);
#438=LINE('',#10935,#1106);
#439=LINE('',#10939,#1107);
#440=LINE('',#10943,#1108);
#441=LINE('',#10947,#1109);
#442=LINE('',#10951,#1110);
#443=LINE('',#10955,#1111);
#444=LINE('',#10959,#1112);
#445=LINE('',#10960,#1113);
#446=LINE('',#10965,#1114);
#447=LINE('',#10969,#1115);
#448=LINE('',#10973,#1116);
#449=LINE('',#10977,#1117);
#450=LINE('',#10983,#1118);
#451=LINE('',#10987,#1119);
#452=LINE('',#10993,#1120);
#453=LINE('',#10997,#1121);
#454=LINE('',#11001,#1122);
#455=LINE('',#11005,#1123);
#456=LINE('',#11013,#1124);
#457=LINE('',#11017,#1125);
#458=LINE('',#11021,#1126);
#459=LINE('',#11025,#1127);
#460=LINE('',#11029,#1128);
#461=LINE('',#11033,#1129);
#462=LINE('',#11037,#1130);
#463=LINE('',#11043,#1131);
#464=LINE('',#11047,#1132);
#465=LINE('',#11051,#1133);
#466=LINE('',#11055,#1134);
#467=LINE('',#11059,#1135);
#468=LINE('',#11063,#1136);
#469=LINE('',#11067,#1137);
#470=LINE('',#11068,#1138);
#471=LINE('',#11073,#1139);
#472=LINE('',#11077,#1140);
#473=LINE('',#11081,#1141);
#474=LINE('',#11085,#1142);
#475=LINE('',#11091,#1143);
#476=LINE('',#11095,#1144);
#477=LINE('',#11099,#1145);
#478=LINE('',#11103,#1146);
#479=LINE('',#11111,#1147);
#480=LINE('',#11112,#1148);
#481=LINE('',#11115,#1149);
#482=LINE('',#11117,#1150);
#483=LINE('',#11119,#1151);
#484=LINE('',#11123,#1152);
#485=LINE('',#11133,#1153);
#486=LINE('',#11137,#1154);
#487=LINE('',#11141,#1155);
#488=LINE('',#11145,#1156);
#489=LINE('',#11149,#1157);
#490=LINE('',#11153,#1158);
#491=LINE('',#11157,#1159);
#492=LINE('',#11161,#1160);
#493=LINE('',#11165,#1161);
#494=LINE('',#11169,#1162);
#495=LINE('',#11173,#1163);
#496=LINE('',#11177,#1164);
#497=LINE('',#11181,#1165);
#498=LINE('',#11185,#1166);
#499=LINE('',#11186,#1167);
#500=LINE('',#11189,#1168);
#501=LINE('',#11201,#1169);
#502=LINE('',#11203,#1170);
#503=LINE('',#11205,#1171);
#504=LINE('',#11207,#1172);
#505=LINE('',#11209,#1173);
#506=LINE('',#11211,#1174);
#507=LINE('',#11213,#1175);
#508=LINE('',#11215,#1176);
#509=LINE('',#11216,#1177);
#510=LINE('',#11219,#1178);
#511=LINE('',#11223,#1179);
#512=LINE('',#11225,#1180);
#513=LINE('',#11227,#1181);
#514=LINE('',#11229,#1182);
#515=LINE('',#11231,#1183);
#516=LINE('',#11233,#1184);
#517=LINE('',#11235,#1185);
#518=LINE('',#11239,#1186);
#519=LINE('',#11241,#1187);
#520=LINE('',#11243,#1188);
#521=LINE('',#11245,#1189);
#522=LINE('',#11247,#1190);
#523=LINE('',#11253,#1191);
#524=LINE('',#11273,#1192);
#525=LINE('',#11278,#1193);
#526=LINE('',#11282,#1194);
#527=LINE('',#11286,#1195);
#528=LINE('',#11289,#1196);
#529=LINE('',#11294,#1197);
#530=LINE('',#11298,#1198);
#531=LINE('',#11302,#1199);
#532=LINE('',#11306,#1200);
#533=LINE('',#11307,#1201);
#534=LINE('',#11309,#1202);
#535=LINE('',#11310,#1203);
#536=LINE('',#11312,#1204);
#537=LINE('',#11313,#1205);
#538=LINE('',#11315,#1206);
#539=LINE('',#11316,#1207);
#540=LINE('',#11318,#1208);
#541=LINE('',#11320,#1209);
#542=LINE('',#11322,#1210);
#543=LINE('',#11324,#1211);
#544=LINE('',#11326,#1212);
#545=LINE('',#11328,#1213);
#546=LINE('',#11330,#1214);
#547=LINE('',#11332,#1215);
#548=LINE('',#11334,#1216);
#549=LINE('',#11336,#1217);
#550=LINE('',#11338,#1218);
#551=LINE('',#11341,#1219);
#552=LINE('',#11342,#1220);
#553=LINE('',#11344,#1221);
#554=LINE('',#11347,#1222);
#555=LINE('',#11348,#1223);
#556=LINE('',#11350,#1224);
#557=LINE('',#11353,#1225);
#558=LINE('',#11354,#1226);
#559=LINE('',#11356,#1227);
#560=LINE('',#11371,#1228);
#561=LINE('',#11372,#1229);
#562=LINE('',#11374,#1230);
#563=LINE('',#11375,#1231);
#564=LINE('',#11377,#1232);
#565=LINE('',#11378,#1233);
#566=LINE('',#11380,#1234);
#567=LINE('',#11381,#1235);
#568=LINE('',#11383,#1236);
#569=LINE('',#11384,#1237);
#570=LINE('',#11386,#1238);
#571=LINE('',#11388,#1239);
#572=LINE('',#11395,#1240);
#573=LINE('',#11396,#1241);
#574=LINE('',#11398,#1242);
#575=LINE('',#11399,#1243);
#576=LINE('',#11401,#1244);
#577=LINE('',#11402,#1245);
#578=LINE('',#11404,#1246);
#579=LINE('',#11405,#1247);
#580=LINE('',#11407,#1248);
#581=LINE('',#11408,#1249);
#582=LINE('',#11415,#1250);
#583=LINE('',#11416,#1251);
#584=LINE('',#11418,#1252);
#585=LINE('',#11419,#1253);
#586=LINE('',#11421,#1254);
#587=LINE('',#11422,#1255);
#588=LINE('',#11424,#1256);
#589=LINE('',#11426,#1257);
#590=LINE('',#11427,#1258);
#591=LINE('',#11433,#1259);
#592=LINE('',#11434,#1260);
#593=LINE('',#11436,#1261);
#594=LINE('',#11437,#1262);
#595=LINE('',#11439,#1263);
#596=LINE('',#11440,#1264);
#597=LINE('',#11442,#1265);
#598=LINE('',#11443,#1266);
#599=LINE('',#11449,#1267);
#600=LINE('',#11450,#1268);
#601=LINE('',#11452,#1269);
#602=LINE('',#11453,#1270);
#603=LINE('',#11455,#1271);
#604=LINE('',#11456,#1272);
#605=LINE('',#11458,#1273);
#606=LINE('',#11459,#1274);
#607=LINE('',#11461,#1275);
#608=LINE('',#11462,#1276);
#609=LINE('',#11464,#1277);
#610=LINE('',#11465,#1278);
#611=LINE('',#11467,#1279);
#612=LINE('',#11469,#1280);
#613=LINE('',#11470,#1281);
#614=LINE('',#11479,#1282);
#615=LINE('',#11480,#1283);
#616=LINE('',#11482,#1284);
#617=LINE('',#11484,#1285);
#618=LINE('',#11486,#1286);
#619=LINE('',#11487,#1287);
#620=LINE('',#11489,#1288);
#621=LINE('',#11490,#1289);
#622=LINE('',#11492,#1290);
#623=LINE('',#11493,#1291);
#624=LINE('',#11495,#1292);
#625=LINE('',#11496,#1293);
#626=LINE('',#11498,#1294);
#627=LINE('',#11499,#1295);
#628=LINE('',#11501,#1296);
#629=LINE('',#11502,#1297);
#630=LINE('',#11511,#1298);
#631=LINE('',#11512,#1299);
#632=LINE('',#11514,#1300);
#633=LINE('',#11515,#1301);
#634=LINE('',#11517,#1302);
#635=LINE('',#11518,#1303);
#636=LINE('',#11520,#1304);
#637=LINE('',#11521,#1305);
#638=LINE('',#11523,#1306);
#639=LINE('',#11524,#1307);
#640=LINE('',#11526,#1308);
#641=LINE('',#11527,#1309);
#642=LINE('',#11529,#1310);
#643=LINE('',#11530,#1311);
#644=LINE('',#11539,#1312);
#645=LINE('',#11540,#1313);
#646=LINE('',#11542,#1314);
#647=LINE('',#11543,#1315);
#648=LINE('',#11545,#1316);
#649=LINE('',#11546,#1317);
#650=LINE('',#11548,#1318);
#651=LINE('',#11549,#1319);
#652=LINE('',#11551,#1320);
#653=LINE('',#11552,#1321);
#654=LINE('',#11554,#1322);
#655=LINE('',#11555,#1323);
#656=LINE('',#11557,#1324);
#657=LINE('',#11559,#1325);
#658=LINE('',#11560,#1326);
#659=LINE('',#11569,#1327);
#660=LINE('',#11570,#1328);
#661=LINE('',#11572,#1329);
#662=LINE('',#11573,#1330);
#663=LINE('',#11575,#1331);
#664=LINE('',#11576,#1332);
#665=LINE('',#11578,#1333);
#666=LINE('',#11579,#1334);
#667=LINE('',#11581,#1335);
#668=LINE('',#11582,#1336);
#669=LINE('',#11584,#1337);
#670=LINE('',#11586,#1338);
#671=LINE('',#11588,#1339);
#672=LINE('',#11589,#1340);
#673=LINE('',#11591,#1341);
#674=LINE('',#11592,#1342);
#675=LINE('',#11594,#1343);
#676=LINE('',#11595,#1344);
#677=LINE('',#11597,#1345);
#678=LINE('',#11599,#1346);
#679=LINE('',#11609,#1347);
#680=LINE('',#11610,#1348);
#681=LINE('',#11612,#1349);
#682=LINE('',#11613,#1350);
#683=LINE('',#11615,#1351);
#684=LINE('',#11616,#1352);
#685=LINE('',#11618,#1353);
#686=LINE('',#11619,#1354);
#687=LINE('',#11621,#1355);
#688=LINE('',#11622,#1356);
#689=LINE('',#11629,#1357);
#690=LINE('',#11630,#1358);
#691=LINE('',#11632,#1359);
#692=LINE('',#11633,#1360);
#693=LINE('',#11635,#1361);
#694=LINE('',#11636,#1362);
#695=LINE('',#11638,#1363);
#696=LINE('',#11639,#1364);
#697=LINE('',#11641,#1365);
#698=LINE('',#11643,#1366);
#699=LINE('',#11645,#1367);
#700=LINE('',#11646,#1368);
#701=LINE('',#11648,#1369);
#702=LINE('',#11649,#1370);
#703=LINE('',#11651,#1371);
#704=LINE('',#11652,#1372);
#705=LINE('',#11661,#1373);
#706=LINE('',#11662,#1374);
#707=LINE('',#11664,#1375);
#708=LINE('',#11665,#1376);
#709=LINE('',#11667,#1377);
#710=LINE('',#11668,#1378);
#711=LINE('',#11670,#1379);
#712=LINE('',#11671,#1380);
#713=LINE('',#11673,#1381);
#714=LINE('',#11675,#1382);
#715=LINE('',#11677,#1383);
#716=LINE('',#11678,#1384);
#717=LINE('',#11680,#1385);
#718=LINE('',#11681,#1386);
#719=LINE('',#11683,#1387);
#720=LINE('',#11684,#1388);
#721=LINE('',#11686,#1389);
#722=LINE('',#11688,#1390);
#723=LINE('',#11690,#1391);
#724=LINE('',#11691,#1392);
#725=LINE('',#11701,#1393);
#726=LINE('',#11702,#1394);
#727=LINE('',#11704,#1395);
#728=LINE('',#11705,#1396);
#729=LINE('',#11707,#1397);
#730=LINE('',#11708,#1398);
#731=LINE('',#11710,#1399);
#732=LINE('',#11711,#1400);
#733=LINE('',#11713,#1401);
#734=LINE('',#11715,#1402);
#735=LINE('',#11717,#1403);
#736=LINE('',#11718,#1404);
#737=LINE('',#11725,#1405);
#738=LINE('',#11726,#1406);
#739=LINE('',#11728,#1407);
#740=LINE('',#11729,#1408);
#741=LINE('',#11731,#1409);
#742=LINE('',#11732,#1410);
#743=LINE('',#11734,#1411);
#744=LINE('',#11735,#1412);
#745=LINE('',#11737,#1413);
#746=LINE('',#11738,#1414);
#747=LINE('',#11740,#1415);
#748=LINE('',#11741,#1416);
#749=LINE('',#11743,#1417);
#750=LINE('',#11744,#1418);
#751=LINE('',#11753,#1419);
#752=LINE('',#11754,#1420);
#753=LINE('',#11756,#1421);
#754=LINE('',#11757,#1422);
#755=LINE('',#11759,#1423);
#756=LINE('',#11760,#1424);
#757=LINE('',#11762,#1425);
#758=LINE('',#11764,#1426);
#759=LINE('',#11765,#1427);
#760=LINE('',#11771,#1428);
#761=LINE('',#11772,#1429);
#762=LINE('',#11774,#1430);
#763=LINE('',#11776,#1431);
#764=LINE('',#11777,#1432);
#765=LINE('',#11779,#1433);
#766=LINE('',#11780,#1434);
#767=LINE('',#11782,#1435);
#768=LINE('',#11783,#1436);
#769=LINE('',#11785,#1437);
#770=LINE('',#11786,#1438);
#771=LINE('',#11788,#1439);
#772=LINE('',#11789,#1440);
#773=LINE('',#11791,#1441);
#774=LINE('',#11792,#1442);
#775=LINE('',#11801,#1443);
#776=LINE('',#11802,#1444);
#777=LINE('',#11804,#1445);
#778=LINE('',#11805,#1446);
#779=LINE('',#11807,#1447);
#780=LINE('',#11808,#1448);
#781=LINE('',#11810,#1449);
#782=LINE('',#11811,#1450);
#783=LINE('',#11813,#1451);
#784=LINE('',#11815,#1452);
#785=LINE('',#11816,#1453);
#786=LINE('',#11818,#1454);
#787=LINE('',#11819,#1455);
#788=LINE('',#11821,#1456);
#789=LINE('',#11822,#1457);
#790=LINE('',#11831,#1458);
#791=LINE('',#11832,#1459);
#792=LINE('',#11834,#1460);
#793=LINE('',#11835,#1461);
#794=LINE('',#11837,#1462);
#795=LINE('',#11838,#1463);
#796=LINE('',#11840,#1464);
#797=LINE('',#11841,#1465);
#798=LINE('',#11847,#1466);
#799=LINE('',#11848,#1467);
#800=LINE('',#11857,#1468);
#801=LINE('',#11866,#1469);
#802=LINE('',#11868,#1470);
#803=LINE('',#11870,#1471);
#804=LINE('',#11872,#1472);
#805=LINE('',#11874,#1473);
#806=LINE('',#11876,#1474);
#807=LINE('',#11878,#1475);
#808=LINE('',#11880,#1476);
#809=LINE('',#11882,#1477);
#810=LINE('',#11885,#1478);
#811=LINE('',#11886,#1479);
#812=LINE('',#11888,#1480);
#813=LINE('',#11890,#1481);
#814=LINE('',#11892,#1482);
#815=LINE('',#11894,#1483);
#816=LINE('',#11896,#1484);
#817=LINE('',#11898,#1485);
#818=LINE('',#11900,#1486);
#819=LINE('',#11902,#1487);
#820=LINE('',#11904,#1488);
#821=LINE('',#11906,#1489);
#822=LINE('',#11908,#1490);
#823=LINE('',#11910,#1491);
#824=LINE('',#11912,#1492);
#825=LINE('',#11914,#1493);
#826=LINE('',#11917,#1494);
#827=LINE('',#11918,#1495);
#828=LINE('',#11920,#1496);
#829=LINE('',#11921,#1497);
#830=LINE('',#11923,#1498);
#831=LINE('',#11925,#1499);
#832=LINE('',#11926,#1500);
#833=LINE('',#11928,#1501);
#834=LINE('',#11929,#1502);
#835=LINE('',#11931,#1503);
#836=LINE('',#11955,#1504);
#837=LINE('',#11956,#1505);
#838=LINE('',#11959,#1506);
#839=LINE('',#11962,#1507);
#840=LINE('',#11965,#1508);
#841=LINE('',#11967,#1509);
#842=LINE('',#11968,#1510);
#843=LINE('',#11977,#1511);
#844=LINE('',#11978,#1512);
#845=LINE('',#11980,#1513);
#846=LINE('',#11982,#1514);
#847=LINE('',#11984,#1515);
#848=LINE('',#11996,#1516);
#849=LINE('',#11997,#1517);
#850=LINE('',#12006,#1518);
#851=LINE('',#12007,#1519);
#852=LINE('',#12009,#1520);
#853=LINE('',#12010,#1521);
#854=LINE('',#12012,#1522);
#855=LINE('',#12014,#1523);
#856=LINE('',#12015,#1524);
#857=LINE('',#12021,#1525);
#858=LINE('',#12022,#1526);
#859=LINE('',#12024,#1527);
#860=LINE('',#12025,#1528);
#861=LINE('',#12034,#1529);
#862=LINE('',#12035,#1530);
#863=LINE('',#12037,#1531);
#864=LINE('',#12039,#1532);
#865=LINE('',#12041,#1533);
#866=LINE('',#12045,#1534);
#867=LINE('',#12047,#1535);
#868=LINE('',#12049,#1536);
#869=LINE('',#12051,#1537);
#870=LINE('',#12052,#1538);
#871=LINE('',#12054,#1539);
#872=LINE('',#12055,#1540);
#873=LINE('',#12057,#1541);
#874=LINE('',#12058,#1542);
#875=LINE('',#12061,#1543);
#876=LINE('',#12063,#1544);
#877=LINE('',#12087,#1545);
#878=LINE('',#12088,#1546);
#879=LINE('',#12100,#1547);
#880=LINE('',#12101,#1548);
#881=LINE('',#12110,#1549);
#882=LINE('',#12111,#1550);
#883=LINE('',#12113,#1551);
#884=LINE('',#12114,#1552);
#885=LINE('',#12116,#1553);
#886=LINE('',#12117,#1554);
#887=LINE('',#12119,#1555);
#888=VECTOR('',#7777,1.);
#889=VECTOR('',#7788,1.);
#890=VECTOR('',#7789,1.);
#891=VECTOR('',#7790,1.);
#892=VECTOR('',#7791,1.);
#893=VECTOR('',#7792,1.);
#894=VECTOR('',#7793,1.);
#895=VECTOR('',#7794,1.);
#896=VECTOR('',#7797,1.);
#897=VECTOR('',#7798,1.);
#898=VECTOR('',#7799,1.);
#899=VECTOR('',#7800,1.);
#900=VECTOR('',#7801,1.);
#901=VECTOR('',#7802,1.);
#902=VECTOR('',#7803,1.);
#903=VECTOR('',#7806,1.);
#904=VECTOR('',#7809,1.);
#905=VECTOR('',#7812,1.);
#906=VECTOR('',#7815,1.);
#907=VECTOR('',#7818,1.);
#908=VECTOR('',#7821,1.);
#909=VECTOR('',#7824,1.);
#910=VECTOR('',#7827,1.);
#911=VECTOR('',#7830,1.);
#912=VECTOR('',#7833,1.);
#913=VECTOR('',#7836,1.);
#914=VECTOR('',#7839,1.);
#915=VECTOR('',#7842,1.);
#916=VECTOR('',#7847,1.);
#917=VECTOR('',#7850,1.);
#918=VECTOR('',#7853,1.);
#919=VECTOR('',#7856,1.);
#920=VECTOR('',#7859,1.);
#921=VECTOR('',#7862,1.);
#922=VECTOR('',#7865,1.);
#923=VECTOR('',#7868,1.);
#924=VECTOR('',#7871,1.);
#925=VECTOR('',#7874,1.);
#926=VECTOR('',#7877,1.);
#927=VECTOR('',#7886,1.);
#928=VECTOR('',#7889,1.);
#929=VECTOR('',#7892,1.);
#930=VECTOR('',#7895,1.);
#931=VECTOR('',#7898,1.);
#932=VECTOR('',#7899,1.);
#933=VECTOR('',#7902,1.);
#934=VECTOR('',#7905,1.);
#935=VECTOR('',#7908,1.);
#936=VECTOR('',#7917,1.);
#937=VECTOR('',#7920,1.);
#938=VECTOR('',#7923,1.);
#939=VECTOR('',#7926,1.);
#940=VECTOR('',#7929,1.);
#941=VECTOR('',#7932,1.);
#942=VECTOR('',#7935,1.);
#943=VECTOR('',#7938,1.);
#944=VECTOR('',#7945,1.);
#945=VECTOR('',#7948,1.);
#946=VECTOR('',#7951,1.);
#947=VECTOR('',#7954,1.);
#948=VECTOR('',#7957,1.);
#949=VECTOR('',#7960,1.);
#950=VECTOR('',#7963,1.);
#951=VECTOR('',#7968,1.);
#952=VECTOR('',#7971,1.);
#953=VECTOR('',#7974,1.);
#954=VECTOR('',#7977,1.);
#955=VECTOR('',#7980,1.);
#956=VECTOR('',#7983,1.);
#957=VECTOR('',#7986,1.);
#958=VECTOR('',#7989,1.);
#959=VECTOR('',#7992,1.);
#960=VECTOR('',#7995,1.);
#961=VECTOR('',#7998,1.);
#962=VECTOR('',#8001,1.);
#963=VECTOR('',#8004,1.);
#964=VECTOR('',#8007,1.);
#965=VECTOR('',#8010,1.);
#966=VECTOR('',#8013,1.);
#967=VECTOR('',#8016,1.);
#968=VECTOR('',#8023,1.);
#969=VECTOR('',#8026,1.);
#970=VECTOR('',#8029,1.);
#971=VECTOR('',#8032,1.);
#972=VECTOR('',#8035,1.);
#973=VECTOR('',#8038,1.);
#974=VECTOR('',#8041,1.);
#975=VECTOR('',#8044,1.);
#976=VECTOR('',#8047,1.);
#977=VECTOR('',#8050,1.);
#978=VECTOR('',#8053,1.);
#979=VECTOR('',#8056,1.);
#980=VECTOR('',#8059,1.);
#981=VECTOR('',#8062,1.);
#982=VECTOR('',#8065,1.);
#983=VECTOR('',#8068,1.);
#984=VECTOR('',#8071,1.);
#985=VECTOR('',#8074,1.);
#986=VECTOR('',#8081,1.);
#987=VECTOR('',#8084,1.);
#988=VECTOR('',#8087,1.);
#989=VECTOR('',#8092,1.);
#990=VECTOR('',#8095,1.);
#991=VECTOR('',#8098,1.);
#992=VECTOR('',#8101,1.);
#993=VECTOR('',#8104,1.);
#994=VECTOR('',#8107,1.);
#995=VECTOR('',#8110,1.);
#996=VECTOR('',#8113,1.);
#997=VECTOR('',#8122,1.);
#998=VECTOR('',#8125,1.);
#999=VECTOR('',#8126,1.);
#1000=VECTOR('',#8129,1.);
#1001=VECTOR('',#8132,1.);
#1002=VECTOR('',#8135,1.);
#1003=VECTOR('',#8138,1.);
#1004=VECTOR('',#8143,1.);
#1005=VECTOR('',#8146,1.);
#1006=VECTOR('',#8153,1.);
#1007=VECTOR('',#8156,1.);
#1008=VECTOR('',#8159,1.);
#1009=VECTOR('',#8162,1.);
#1010=VECTOR('',#8165,1.);
#1011=VECTOR('',#8168,1.);
#1012=VECTOR('',#8171,1.);
#1013=VECTOR('',#8172,1.);
#1014=VECTOR('',#8175,1.);
#1015=VECTOR('',#8178,1.);
#1016=VECTOR('',#8181,1.);
#1017=VECTOR('',#8184,1.);
#1018=VECTOR('',#8185,1.);
#1019=VECTOR('',#8186,1.);
#1020=VECTOR('',#8187,1.);
#1021=VECTOR('',#8188,1.);
#1022=VECTOR('',#8189,1.);
#1023=VECTOR('',#8190,1.);
#1024=VECTOR('',#8191,1.);
#1025=VECTOR('',#8192,1.);
#1026=VECTOR('',#8193,1.);
#1027=VECTOR('',#8196,1.);
#1028=VECTOR('',#8199,1.);
#1029=VECTOR('',#8202,1.);
#1030=VECTOR('',#8205,1.);
#1031=VECTOR('',#8214,1.);
#1032=VECTOR('',#8217,1.);
#1033=VECTOR('',#8230,1.);
#1034=VECTOR('',#8233,1.);
#1035=VECTOR('',#8242,1.);
#1036=VECTOR('',#8245,1.);
#1037=VECTOR('',#8248,1.);
#1038=VECTOR('',#8251,1.);
#1039=VECTOR('',#8268,1.);
#1040=VECTOR('',#8283,1.);
#1041=VECTOR('',#8294,1.);
#1042=VECTOR('',#8297,1.);
#1043=VECTOR('',#8310,1.);
#1044=VECTOR('',#8313,1.);
#1045=VECTOR('',#8316,1.);
#1046=VECTOR('',#8319,1.);
#1047=VECTOR('',#8324,1.);
#1048=VECTOR('',#8327,1.);
#1049=VECTOR('',#8330,1.);
#1050=VECTOR('',#8333,1.);
#1051=VECTOR('',#8346,1.);
#1052=VECTOR('',#8349,1.);
#1053=VECTOR('',#8360,1.);
#1054=VECTOR('',#8363,1.);
#1055=VECTOR('',#8366,1.);
#1056=VECTOR('',#8369,1.);
#1057=VECTOR('',#8374,1.);
#1058=VECTOR('',#8377,1.);
#1059=VECTOR('',#8380,1.);
#1060=VECTOR('',#8383,1.);
#1061=VECTOR('',#8386,1.);
#1062=VECTOR('',#8389,1.);
#1063=VECTOR('',#8392,1.);
#1064=VECTOR('',#8395,1.);
#1065=VECTOR('',#8398,1.);
#1066=VECTOR('',#8401,1.);
#1067=VECTOR('',#8406,1.);
#1068=VECTOR('',#8409,1.);
#1069=VECTOR('',#8412,1.);
#1070=VECTOR('',#8415,1.);
#1071=VECTOR('',#8416,1.);
#1072=VECTOR('',#8419,1.);
#1073=VECTOR('',#8422,1.);
#1074=VECTOR('',#8431,1.);
#1075=VECTOR('',#8434,1.);
#1076=VECTOR('',#8437,1.);
#1077=VECTOR('',#8440,1.);
#1078=VECTOR('',#8443,1.);
#1079=VECTOR('',#8446,1.);
#1080=VECTOR('',#8449,1.);
#1081=VECTOR('',#8454,1.);
#1082=VECTOR('',#8457,1.);
#1083=VECTOR('',#8460,1.);
#1084=VECTOR('',#8463,1.);
#1085=VECTOR('',#8470,1.);
#1086=VECTOR('',#8473,1.);
#1087=VECTOR('',#8476,1.);
#1088=VECTOR('',#8479,1.);
#1089=VECTOR('',#8482,1.);
#1090=VECTOR('',#8485,1.);
#1091=VECTOR('',#8488,1.);
#1092=VECTOR('',#8491,1.);
#1093=VECTOR('',#8494,1.);
#1094=VECTOR('',#8497,1.);
#1095=VECTOR('',#8500,1.);
#1096=VECTOR('',#8503,1.);
#1097=VECTOR('',#8506,1.);
#1098=VECTOR('',#8509,1.);
#1099=VECTOR('',#8512,1.);
#1100=VECTOR('',#8515,1.);
#1101=VECTOR('',#8518,1.);
#1102=VECTOR('',#8521,1.);
#1103=VECTOR('',#8528,1.);
#1104=VECTOR('',#8531,1.);
#1105=VECTOR('',#8534,1.);
#1106=VECTOR('',#8537,1.);
#1107=VECTOR('',#8540,1.);
#1108=VECTOR('',#8543,1.);
#1109=VECTOR('',#8546,1.);
#1110=VECTOR('',#8549,1.);
#1111=VECTOR('',#8552,1.);
#1112=VECTOR('',#8555,1.);
#1113=VECTOR('',#8556,1.);
#1114=VECTOR('',#8559,1.);
#1115=VECTOR('',#8562,1.);
#1116=VECTOR('',#8565,1.);
#1117=VECTOR('',#8568,1.);
#1118=VECTOR('',#8573,1.);
#1119=VECTOR('',#8576,1.);
#1120=VECTOR('',#8581,1.);
#1121=VECTOR('',#8584,1.);
#1122=VECTOR('',#8587,1.);
#1123=VECTOR('',#8590,1.);
#1124=VECTOR('',#8597,1.);
#1125=VECTOR('',#8600,1.);
#1126=VECTOR('',#8603,1.);
#1127=VECTOR('',#8606,1.);
#1128=VECTOR('',#8609,1.);
#1129=VECTOR('',#8612,1.);
#1130=VECTOR('',#8615,1.);
#1131=VECTOR('',#8620,1.);
#1132=VECTOR('',#8623,1.);
#1133=VECTOR('',#8626,1.);
#1134=VECTOR('',#8629,1.);
#1135=VECTOR('',#8632,1.);
#1136=VECTOR('',#8635,1.);
#1137=VECTOR('',#8638,1.);
#1138=VECTOR('',#8639,1.);
#1139=VECTOR('',#8642,1.);
#1140=VECTOR('',#8645,1.);
#1141=VECTOR('',#8648,1.);
#1142=VECTOR('',#8651,1.);
#1143=VECTOR('',#8656,1.);
#1144=VECTOR('',#8659,1.);
#1145=VECTOR('',#8662,1.);
#1146=VECTOR('',#8665,1.);
#1147=VECTOR('',#8672,1.);
#1148=VECTOR('',#8673,1.);
#1149=VECTOR('',#8674,1.);
#1150=VECTOR('',#8675,1.);
#1151=VECTOR('',#8676,1.);
#1152=VECTOR('',#8679,1.);
#1153=VECTOR('',#8688,1.);
#1154=VECTOR('',#8691,1.);
#1155=VECTOR('',#8694,1.);
#1156=VECTOR('',#8697,1.);
#1157=VECTOR('',#8700,1.);
#1158=VECTOR('',#8703,1.);
#1159=VECTOR('',#8706,1.);
#1160=VECTOR('',#8709,1.);
#1161=VECTOR('',#8712,1.);
#1162=VECTOR('',#8715,1.);
#1163=VECTOR('',#8718,1.);
#1164=VECTOR('',#8721,1.);
#1165=VECTOR('',#8724,1.);
#1166=VECTOR('',#8727,1.);
#1167=VECTOR('',#8728,1.);
#1168=VECTOR('',#8729,1.);
#1169=VECTOR('',#8730,1.);
#1170=VECTOR('',#8731,1.);
#1171=VECTOR('',#8732,1.);
#1172=VECTOR('',#8733,1.);
#1173=VECTOR('',#8734,1.);
#1174=VECTOR('',#8735,1.);
#1175=VECTOR('',#8736,1.);
#1176=VECTOR('',#8737,1.);
#1177=VECTOR('',#8738,1.);
#1178=VECTOR('',#8739,1.);
#1179=VECTOR('',#8742,1.);
#1180=VECTOR('',#8743,1.);
#1181=VECTOR('',#8744,1.);
#1182=VECTOR('',#8745,1.);
#1183=VECTOR('',#8746,1.);
#1184=VECTOR('',#8747,1.);
#1185=VECTOR('',#8748,1.);
#1186=VECTOR('',#8751,1.);
#1187=VECTOR('',#8752,1.);
#1188=VECTOR('',#8753,1.);
#1189=VECTOR('',#8754,1.);
#1190=VECTOR('',#8755,1.);
#1191=VECTOR('',#8760,1.);
#1192=VECTOR('',#8771,1.);
#1193=VECTOR('',#8774,1.);
#1194=VECTOR('',#8777,1.);
#1195=VECTOR('',#8780,1.);
#1196=VECTOR('',#8783,1.);
#1197=VECTOR('',#8786,1.);
#1198=VECTOR('',#8789,1.);
#1199=VECTOR('',#8792,1.);
#1200=VECTOR('',#8797,1.);
#1201=VECTOR('',#8798,1.);
#1202=VECTOR('',#8801,1.);
#1203=VECTOR('',#8802,1.);
#1204=VECTOR('',#8805,1.);
#1205=VECTOR('',#8806,1.);
#1206=VECTOR('',#8809,1.);
#1207=VECTOR('',#8810,1.);
#1208=VECTOR('',#8813,1.);
#1209=VECTOR('',#8814,1.);
#1210=VECTOR('',#8815,1.);
#1211=VECTOR('',#8818,1.);
#1212=VECTOR('',#8819,1.);
#1213=VECTOR('',#8822,1.);
#1214=VECTOR('',#8823,1.);
#1215=VECTOR('',#8826,1.);
#1216=VECTOR('',#8827,1.);
#1217=VECTOR('',#8828,1.);
#1218=VECTOR('',#8831,1.);
#1219=VECTOR('',#8832,1.);
#1220=VECTOR('',#8833,1.);
#1221=VECTOR('',#8836,1.);
#1222=VECTOR('',#8837,1.);
#1223=VECTOR('',#8838,1.);
#1224=VECTOR('',#8841,1.);
#1225=VECTOR('',#8842,1.);
#1226=VECTOR('',#8843,1.);
#1227=VECTOR('',#8846,1.);
#1228=VECTOR('',#8875,1.);
#1229=VECTOR('',#8876,1.);
#1230=VECTOR('',#8879,1.);
#1231=VECTOR('',#8880,1.);
#1232=VECTOR('',#8883,1.);
#1233=VECTOR('',#8884,1.);
#1234=VECTOR('',#8887,1.);
#1235=VECTOR('',#8888,1.);
#1236=VECTOR('',#8891,1.);
#1237=VECTOR('',#8892,1.);
#1238=VECTOR('',#8895,1.);
#1239=VECTOR('',#8898,1.);
#1240=VECTOR('',#8911,1.);
#1241=VECTOR('',#8912,1.);
#1242=VECTOR('',#8915,1.);
#1243=VECTOR('',#8916,1.);
#1244=VECTOR('',#8919,1.);
#1245=VECTOR('',#8920,1.);
#1246=VECTOR('',#8923,1.);
#1247=VECTOR('',#8924,1.);
#1248=VECTOR('',#8927,1.);
#1249=VECTOR('',#8928,1.);
#1250=VECTOR('',#8941,1.);
#1251=VECTOR('',#8942,1.);
#1252=VECTOR('',#8945,1.);
#1253=VECTOR('',#8946,1.);
#1254=VECTOR('',#8949,1.);
#1255=VECTOR('',#8950,1.);
#1256=VECTOR('',#8953,1.);
#1257=VECTOR('',#8956,1.);
#1258=VECTOR('',#8957,1.);
#1259=VECTOR('',#8968,1.);
#1260=VECTOR('',#8969,1.);
#1261=VECTOR('',#8972,1.);
#1262=VECTOR('',#8973,1.);
#1263=VECTOR('',#8976,1.);
#1264=VECTOR('',#8977,1.);
#1265=VECTOR('',#8980,1.);
#1266=VECTOR('',#8981,1.);
#1267=VECTOR('',#8992,1.);
#1268=VECTOR('',#8993,1.);
#1269=VECTOR('',#8996,1.);
#1270=VECTOR('',#8997,1.);
#1271=VECTOR('',#9000,1.);
#1272=VECTOR('',#9001,1.);
#1273=VECTOR('',#9004,1.);
#1274=VECTOR('',#9005,1.);
#1275=VECTOR('',#9008,1.);
#1276=VECTOR('',#9009,1.);
#1277=VECTOR('',#9012,1.);
#1278=VECTOR('',#9013,1.);
#1279=VECTOR('',#9016,1.);
#1280=VECTOR('',#9019,1.);
#1281=VECTOR('',#9020,1.);
#1282=VECTOR('',#9037,1.);
#1283=VECTOR('',#9038,1.);
#1284=VECTOR('',#9041,1.);
#1285=VECTOR('',#9044,1.);
#1286=VECTOR('',#9047,1.);
#1287=VECTOR('',#9048,1.);
#1288=VECTOR('',#9051,1.);
#1289=VECTOR('',#9052,1.);
#1290=VECTOR('',#9055,1.);
#1291=VECTOR('',#9056,1.);
#1292=VECTOR('',#9059,1.);
#1293=VECTOR('',#9060,1.);
#1294=VECTOR('',#9063,1.);
#1295=VECTOR('',#9064,1.);
#1296=VECTOR('',#9067,1.);
#1297=VECTOR('',#9068,1.);
#1298=VECTOR('',#9085,1.);
#1299=VECTOR('',#9086,1.);
#1300=VECTOR('',#9089,1.);
#1301=VECTOR('',#9090,1.);
#1302=VECTOR('',#9093,1.);
#1303=VECTOR('',#9094,1.);
#1304=VECTOR('',#9097,1.);
#1305=VECTOR('',#9098,1.);
#1306=VECTOR('',#9101,1.);
#1307=VECTOR('',#9102,1.);
#1308=VECTOR('',#9105,1.);
#1309=VECTOR('',#9106,1.);
#1310=VECTOR('',#9109,1.);
#1311=VECTOR('',#9110,1.);
#1312=VECTOR('',#9127,1.);
#1313=VECTOR('',#9128,1.);
#1314=VECTOR('',#9131,1.);
#1315=VECTOR('',#9132,1.);
#1316=VECTOR('',#9135,1.);
#1317=VECTOR('',#9136,1.);
#1318=VECTOR('',#9139,1.);
#1319=VECTOR('',#9140,1.);
#1320=VECTOR('',#9143,1.);
#1321=VECTOR('',#9144,1.);
#1322=VECTOR('',#9147,1.);
#1323=VECTOR('',#9148,1.);
#1324=VECTOR('',#9151,1.);
#1325=VECTOR('',#9154,1.);
#1326=VECTOR('',#9155,1.);
#1327=VECTOR('',#9172,1.);
#1328=VECTOR('',#9173,1.);
#1329=VECTOR('',#9176,1.);
#1330=VECTOR('',#9177,1.);
#1331=VECTOR('',#9180,1.);
#1332=VECTOR('',#9181,1.);
#1333=VECTOR('',#9184,1.);
#1334=VECTOR('',#9185,1.);
#1335=VECTOR('',#9188,1.);
#1336=VECTOR('',#9189,1.);
#1337=VECTOR('',#9192,1.);
#1338=VECTOR('',#9195,1.);
#1339=VECTOR('',#9198,1.);
#1340=VECTOR('',#9199,1.);
#1341=VECTOR('',#9202,1.);
#1342=VECTOR('',#9203,1.);
#1343=VECTOR('',#9206,1.);
#1344=VECTOR('',#9207,1.);
#1345=VECTOR('',#9210,1.);
#1346=VECTOR('',#9213,1.);
#1347=VECTOR('',#9232,1.);
#1348=VECTOR('',#9233,1.);
#1349=VECTOR('',#9236,1.);
#1350=VECTOR('',#9237,1.);
#1351=VECTOR('',#9240,1.);
#1352=VECTOR('',#9241,1.);
#1353=VECTOR('',#9244,1.);
#1354=VECTOR('',#9245,1.);
#1355=VECTOR('',#9248,1.);
#1356=VECTOR('',#9249,1.);
#1357=VECTOR('',#9262,1.);
#1358=VECTOR('',#9263,1.);
#1359=VECTOR('',#9266,1.);
#1360=VECTOR('',#9267,1.);
#1361=VECTOR('',#9270,1.);
#1362=VECTOR('',#9271,1.);
#1363=VECTOR('',#9274,1.);
#1364=VECTOR('',#9275,1.);
#1365=VECTOR('',#9278,1.);
#1366=VECTOR('',#9281,1.);
#1367=VECTOR('',#9284,1.);
#1368=VECTOR('',#9285,1.);
#1369=VECTOR('',#9288,1.);
#1370=VECTOR('',#9289,1.);
#1371=VECTOR('',#9292,1.);
#1372=VECTOR('',#9293,1.);
#1373=VECTOR('',#9310,1.);
#1374=VECTOR('',#9311,1.);
#1375=VECTOR('',#9314,1.);
#1376=VECTOR('',#9315,1.);
#1377=VECTOR('',#9318,1.);
#1378=VECTOR('',#9319,1.);
#1379=VECTOR('',#9322,1.);
#1380=VECTOR('',#9323,1.);
#1381=VECTOR('',#9326,1.);
#1382=VECTOR('',#9329,1.);
#1383=VECTOR('',#9332,1.);
#1384=VECTOR('',#9333,1.);
#1385=VECTOR('',#9336,1.);
#1386=VECTOR('',#9337,1.);
#1387=VECTOR('',#9340,1.);
#1388=VECTOR('',#9341,1.);
#1389=VECTOR('',#9344,1.);
#1390=VECTOR('',#9347,1.);
#1391=VECTOR('',#9350,1.);
#1392=VECTOR('',#9351,1.);
#1393=VECTOR('',#9370,1.);
#1394=VECTOR('',#9371,1.);
#1395=VECTOR('',#9374,1.);
#1396=VECTOR('',#9375,1.);
#1397=VECTOR('',#9378,1.);
#1398=VECTOR('',#9379,1.);
#1399=VECTOR('',#9382,1.);
#1400=VECTOR('',#9383,1.);
#1401=VECTOR('',#9386,1.);
#1402=VECTOR('',#9389,1.);
#1403=VECTOR('',#9392,1.);
#1404=VECTOR('',#9393,1.);
#1405=VECTOR('',#9406,1.);
#1406=VECTOR('',#9407,1.);
#1407=VECTOR('',#9410,1.);
#1408=VECTOR('',#9411,1.);
#1409=VECTOR('',#9414,1.);
#1410=VECTOR('',#9415,1.);
#1411=VECTOR('',#9418,1.);
#1412=VECTOR('',#9419,1.);
#1413=VECTOR('',#9422,1.);
#1414=VECTOR('',#9423,1.);
#1415=VECTOR('',#9426,1.);
#1416=VECTOR('',#9427,1.);
#1417=VECTOR('',#9430,1.);
#1418=VECTOR('',#9431,1.);
#1419=VECTOR('',#9448,1.);
#1420=VECTOR('',#9449,1.);
#1421=VECTOR('',#9452,1.);
#1422=VECTOR('',#9453,1.);
#1423=VECTOR('',#9456,1.);
#1424=VECTOR('',#9457,1.);
#1425=VECTOR('',#9460,1.);
#1426=VECTOR('',#9463,1.);
#1427=VECTOR('',#9464,1.);
#1428=VECTOR('',#9475,1.);
#1429=VECTOR('',#9476,1.);
#1430=VECTOR('',#9479,1.);
#1431=VECTOR('',#9482,1.);
#1432=VECTOR('',#9483,1.);
#1433=VECTOR('',#9486,1.);
#1434=VECTOR('',#9487,1.);
#1435=VECTOR('',#9490,1.);
#1436=VECTOR('',#9491,1.);
#1437=VECTOR('',#9494,1.);
#1438=VECTOR('',#9495,1.);
#1439=VECTOR('',#9498,1.);
#1440=VECTOR('',#9499,1.);
#1441=VECTOR('',#9502,1.);
#1442=VECTOR('',#9503,1.);
#1443=VECTOR('',#9520,1.);
#1444=VECTOR('',#9521,1.);
#1445=VECTOR('',#9524,1.);
#1446=VECTOR('',#9525,1.);
#1447=VECTOR('',#9528,1.);
#1448=VECTOR('',#9529,1.);
#1449=VECTOR('',#9532,1.);
#1450=VECTOR('',#9533,1.);
#1451=VECTOR('',#9536,1.);
#1452=VECTOR('',#9539,1.);
#1453=VECTOR('',#9540,1.);
#1454=VECTOR('',#9543,1.);
#1455=VECTOR('',#9544,1.);
#1456=VECTOR('',#9547,1.);
#1457=VECTOR('',#9548,1.);
#1458=VECTOR('',#9565,1.);
#1459=VECTOR('',#9566,1.);
#1460=VECTOR('',#9569,1.);
#1461=VECTOR('',#9570,1.);
#1462=VECTOR('',#9573,1.);
#1463=VECTOR('',#9574,1.);
#1464=VECTOR('',#9577,1.);
#1465=VECTOR('',#9578,1.);
#1466=VECTOR('',#9589,1.);
#1467=VECTOR('',#9590,1.);
#1468=VECTOR('',#9591,1.);
#1469=VECTOR('',#9592,1.);
#1470=VECTOR('',#9595,1.);
#1471=VECTOR('',#9598,1.);
#1472=VECTOR('',#9601,1.);
#1473=VECTOR('',#9604,1.);
#1474=VECTOR('',#9607,1.);
#1475=VECTOR('',#9610,1.);
#1476=VECTOR('',#9613,1.);
#1477=VECTOR('',#9616,1.);
#1478=VECTOR('',#9621,1.);
#1479=VECTOR('',#9622,1.);
#1480=VECTOR('',#9625,1.);
#1481=VECTOR('',#9628,1.);
#1482=VECTOR('',#9631,1.);
#1483=VECTOR('',#9634,1.);
#1484=VECTOR('',#9637,1.);
#1485=VECTOR('',#9640,1.);
#1486=VECTOR('',#9643,1.);
#1487=VECTOR('',#9646,1.);
#1488=VECTOR('',#9649,1.);
#1489=VECTOR('',#9652,1.);
#1490=VECTOR('',#9655,1.);
#1491=VECTOR('',#9658,1.);
#1492=VECTOR('',#9661,1.);
#1493=VECTOR('',#9664,1.);
#1494=VECTOR('',#9669,1.);
#1495=VECTOR('',#9670,1.);
#1496=VECTOR('',#9673,1.);
#1497=VECTOR('',#9674,1.);
#1498=VECTOR('',#9677,1.);
#1499=VECTOR('',#9680,1.);
#1500=VECTOR('',#9681,1.);
#1501=VECTOR('',#9684,1.);
#1502=VECTOR('',#9685,1.);
#1503=VECTOR('',#9688,1.);
#1504=VECTOR('',#9691,1.);
#1505=VECTOR('',#9692,1.);
#1506=VECTOR('',#9697,1.);
#1507=VECTOR('',#9702,1.);
#1508=VECTOR('',#9707,1.);
#1509=VECTOR('',#9710,1.);
#1510=VECTOR('',#9711,1.);
#1511=VECTOR('',#9712,1.);
#1512=VECTOR('',#9713,1.);
#1513=VECTOR('',#9716,1.);
#1514=VECTOR('',#9719,1.);
#1515=VECTOR('',#9722,1.);
#1516=VECTOR('',#9729,1.);
#1517=VECTOR('',#9730,1.);
#1518=VECTOR('',#9731,1.);
#1519=VECTOR('',#9732,1.);
#1520=VECTOR('',#9735,1.);
#1521=VECTOR('',#9736,1.);
#1522=VECTOR('',#9739,1.);
#1523=VECTOR('',#9742,1.);
#1524=VECTOR('',#9743,1.);
#1525=VECTOR('',#9754,1.);
#1526=VECTOR('',#9755,1.);
#1527=VECTOR('',#9758,1.);
#1528=VECTOR('',#9759,1.);
#1529=VECTOR('',#9760,1.);
#1530=VECTOR('',#9761,1.);
#1531=VECTOR('',#9764,1.);
#1532=VECTOR('',#9767,1.);
#1533=VECTOR('',#9770,1.);
#1534=VECTOR('',#9777,1.);
#1535=VECTOR('',#9780,1.);
#1536=VECTOR('',#9783,1.);
#1537=VECTOR('',#9786,1.);
#1538=VECTOR('',#9787,1.);
#1539=VECTOR('',#9790,1.);
#1540=VECTOR('',#9791,1.);
#1541=VECTOR('',#9794,1.);
#1542=VECTOR('',#9795,1.);
#1543=VECTOR('',#9800,1.);
#1544=VECTOR('',#9803,1.);
#1545=VECTOR('',#9806,1.);
#1546=VECTOR('',#9807,1.);
#1547=VECTOR('',#9814,1.);
#1548=VECTOR('',#9815,1.);
#1549=VECTOR('',#9816,1.);
#1550=VECTOR('',#9817,1.);
#1551=VECTOR('',#9820,1.);
#1552=VECTOR('',#9821,1.);
#1553=VECTOR('',#9824,1.);
#1554=VECTOR('',#9825,1.);
#1555=VECTOR('',#9828,1.);
#1556=ORIENTED_EDGE('',*,*,#3644,.F.);
#1557=ORIENTED_EDGE('',*,*,#3645,.T.);
#1558=ORIENTED_EDGE('',*,*,#3646,.F.);
#1559=ORIENTED_EDGE('',*,*,#3647,.F.);
#1560=ORIENTED_EDGE('',*,*,#3648,.T.);
#1561=ORIENTED_EDGE('',*,*,#3649,.F.);
#1562=ORIENTED_EDGE('',*,*,#3650,.T.);
#1563=ORIENTED_EDGE('',*,*,#3651,.F.);
#1564=ORIENTED_EDGE('',*,*,#3652,.F.);
#1565=ORIENTED_EDGE('',*,*,#3653,.T.);
#1566=ORIENTED_EDGE('',*,*,#3654,.T.);
#1567=ORIENTED_EDGE('',*,*,#3655,.T.);
#1568=ORIENTED_EDGE('',*,*,#3656,.T.);
#1569=ORIENTED_EDGE('',*,*,#3657,.T.);
#1570=ORIENTED_EDGE('',*,*,#3658,.T.);
#1571=ORIENTED_EDGE('',*,*,#3659,.T.);
#1572=ORIENTED_EDGE('',*,*,#3660,.F.);
#1573=ORIENTED_EDGE('',*,*,#3661,.F.);
#1574=ORIENTED_EDGE('',*,*,#3662,.F.);
#1575=ORIENTED_EDGE('',*,*,#3663,.F.);
#1576=ORIENTED_EDGE('',*,*,#3664,.F.);
#1577=ORIENTED_EDGE('',*,*,#3665,.F.);
#1578=ORIENTED_EDGE('',*,*,#3666,.F.);
#1579=ORIENTED_EDGE('',*,*,#3667,.F.);
#1580=ORIENTED_EDGE('',*,*,#3668,.F.);
#1581=ORIENTED_EDGE('',*,*,#3669,.T.);
#1582=ORIENTED_EDGE('',*,*,#3670,.F.);
#1583=ORIENTED_EDGE('',*,*,#3671,.T.);
#1584=ORIENTED_EDGE('',*,*,#3672,.F.);
#1585=ORIENTED_EDGE('',*,*,#3673,.T.);
#1586=ORIENTED_EDGE('',*,*,#3674,.F.);
#1587=ORIENTED_EDGE('',*,*,#3675,.T.);
#1588=ORIENTED_EDGE('',*,*,#3676,.F.);
#1589=ORIENTED_EDGE('',*,*,#3677,.T.);
#1590=ORIENTED_EDGE('',*,*,#3678,.F.);
#1591=ORIENTED_EDGE('',*,*,#3679,.F.);
#1592=ORIENTED_EDGE('',*,*,#3680,.F.);
#1593=ORIENTED_EDGE('',*,*,#3681,.T.);
#1594=ORIENTED_EDGE('',*,*,#3682,.F.);
#1595=ORIENTED_EDGE('',*,*,#3683,.T.);
#1596=ORIENTED_EDGE('',*,*,#3684,.F.);
#1597=ORIENTED_EDGE('',*,*,#3685,.T.);
#1598=ORIENTED_EDGE('',*,*,#3686,.F.);
#1599=ORIENTED_EDGE('',*,*,#3687,.T.);
#1600=ORIENTED_EDGE('',*,*,#3688,.F.);
#1601=ORIENTED_EDGE('',*,*,#3689,.T.);
#1602=ORIENTED_EDGE('',*,*,#3690,.F.);
#1603=ORIENTED_EDGE('',*,*,#3691,.T.);
#1604=ORIENTED_EDGE('',*,*,#3692,.F.);
#1605=ORIENTED_EDGE('',*,*,#3693,.F.);
#1606=ORIENTED_EDGE('',*,*,#3694,.F.);
#1607=ORIENTED_EDGE('',*,*,#3695,.F.);
#1608=ORIENTED_EDGE('',*,*,#3696,.F.);
#1609=ORIENTED_EDGE('',*,*,#3697,.F.);
#1610=ORIENTED_EDGE('',*,*,#3698,.F.);
#1611=ORIENTED_EDGE('',*,*,#3699,.F.);
#1612=ORIENTED_EDGE('',*,*,#3700,.F.);
#1613=ORIENTED_EDGE('',*,*,#3701,.F.);
#1614=ORIENTED_EDGE('',*,*,#3702,.F.);
#1615=ORIENTED_EDGE('',*,*,#3703,.F.);
#1616=ORIENTED_EDGE('',*,*,#3704,.T.);
#1617=ORIENTED_EDGE('',*,*,#3705,.F.);
#1618=ORIENTED_EDGE('',*,*,#3706,.T.);
#1619=ORIENTED_EDGE('',*,*,#3707,.F.);
#1620=ORIENTED_EDGE('',*,*,#3708,.F.);
#1621=ORIENTED_EDGE('',*,*,#3709,.F.);
#1622=ORIENTED_EDGE('',*,*,#3710,.F.);
#1623=ORIENTED_EDGE('',*,*,#3711,.F.);
#1624=ORIENTED_EDGE('',*,*,#3712,.F.);
#1625=ORIENTED_EDGE('',*,*,#3713,.F.);
#1626=ORIENTED_EDGE('',*,*,#3714,.F.);
#1627=ORIENTED_EDGE('',*,*,#3715,.F.);
#1628=ORIENTED_EDGE('',*,*,#3716,.F.);
#1629=ORIENTED_EDGE('',*,*,#3717,.F.);
#1630=ORIENTED_EDGE('',*,*,#3718,.F.);
#1631=ORIENTED_EDGE('',*,*,#3719,.T.);
#1632=ORIENTED_EDGE('',*,*,#3720,.F.);
#1633=ORIENTED_EDGE('',*,*,#3721,.T.);
#1634=ORIENTED_EDGE('',*,*,#3722,.F.);
#1635=ORIENTED_EDGE('',*,*,#3723,.F.);
#1636=ORIENTED_EDGE('',*,*,#3724,.F.);
#1637=ORIENTED_EDGE('',*,*,#3725,.F.);
#1638=ORIENTED_EDGE('',*,*,#3726,.F.);
#1639=ORIENTED_EDGE('',*,*,#3727,.F.);
#1640=ORIENTED_EDGE('',*,*,#3728,.F.);
#1641=ORIENTED_EDGE('',*,*,#3729,.F.);
#1642=ORIENTED_EDGE('',*,*,#3730,.F.);
#1643=ORIENTED_EDGE('',*,*,#3731,.T.);
#1644=ORIENTED_EDGE('',*,*,#3732,.F.);
#1645=ORIENTED_EDGE('',*,*,#3733,.T.);
#1646=ORIENTED_EDGE('',*,*,#3734,.T.);
#1647=ORIENTED_EDGE('',*,*,#3735,.T.);
#1648=ORIENTED_EDGE('',*,*,#3736,.T.);
#1649=ORIENTED_EDGE('',*,*,#3737,.T.);
#1650=ORIENTED_EDGE('',*,*,#3738,.F.);
#1651=ORIENTED_EDGE('',*,*,#3739,.F.);
#1652=ORIENTED_EDGE('',*,*,#3740,.F.);
#1653=ORIENTED_EDGE('',*,*,#3741,.T.);
#1654=ORIENTED_EDGE('',*,*,#3742,.F.);
#1655=ORIENTED_EDGE('',*,*,#3743,.F.);
#1656=ORIENTED_EDGE('',*,*,#3744,.F.);
#1657=ORIENTED_EDGE('',*,*,#3745,.T.);
#1658=ORIENTED_EDGE('',*,*,#3746,.F.);
#1659=ORIENTED_EDGE('',*,*,#3747,.F.);
#1660=ORIENTED_EDGE('',*,*,#3748,.F.);
#1661=ORIENTED_EDGE('',*,*,#3749,.T.);
#1662=ORIENTED_EDGE('',*,*,#3750,.F.);
#1663=ORIENTED_EDGE('',*,*,#3751,.F.);
#1664=ORIENTED_EDGE('',*,*,#3752,.F.);
#1665=ORIENTED_EDGE('',*,*,#3753,.F.);
#1666=ORIENTED_EDGE('',*,*,#3754,.F.);
#1667=ORIENTED_EDGE('',*,*,#3755,.F.);
#1668=ORIENTED_EDGE('',*,*,#3756,.F.);
#1669=ORIENTED_EDGE('',*,*,#3757,.F.);
#1670=ORIENTED_EDGE('',*,*,#3758,.F.);
#1671=ORIENTED_EDGE('',*,*,#3759,.T.);
#1672=ORIENTED_EDGE('',*,*,#3760,.F.);
#1673=ORIENTED_EDGE('',*,*,#3761,.T.);
#1674=ORIENTED_EDGE('',*,*,#3762,.F.);
#1675=ORIENTED_EDGE('',*,*,#3763,.T.);
#1676=ORIENTED_EDGE('',*,*,#3764,.F.);
#1677=ORIENTED_EDGE('',*,*,#3765,.T.);
#1678=ORIENTED_EDGE('',*,*,#3766,.F.);
#1679=ORIENTED_EDGE('',*,*,#3767,.T.);
#1680=ORIENTED_EDGE('',*,*,#3768,.F.);
#1681=ORIENTED_EDGE('',*,*,#3769,.T.);
#1682=ORIENTED_EDGE('',*,*,#3770,.F.);
#1683=ORIENTED_EDGE('',*,*,#3771,.T.);
#1684=ORIENTED_EDGE('',*,*,#3772,.T.);
#1685=ORIENTED_EDGE('',*,*,#3773,.F.);
#1686=ORIENTED_EDGE('',*,*,#3774,.T.);
#1687=ORIENTED_EDGE('',*,*,#3775,.F.);
#1688=ORIENTED_EDGE('',*,*,#3776,.T.);
#1689=ORIENTED_EDGE('',*,*,#3777,.F.);
#1690=ORIENTED_EDGE('',*,*,#3778,.T.);
#1691=ORIENTED_EDGE('',*,*,#3779,.F.);
#1692=ORIENTED_EDGE('',*,*,#3780,.T.);
#1693=ORIENTED_EDGE('',*,*,#3781,.F.);
#1694=ORIENTED_EDGE('',*,*,#3782,.F.);
#1695=ORIENTED_EDGE('',*,*,#3783,.F.);
#1696=ORIENTED_EDGE('',*,*,#3784,.T.);
#1697=ORIENTED_EDGE('',*,*,#3785,.F.);
#1698=ORIENTED_EDGE('',*,*,#3786,.F.);
#1699=ORIENTED_EDGE('',*,*,#3787,.F.);
#1700=ORIENTED_EDGE('',*,*,#3788,.F.);
#1701=ORIENTED_EDGE('',*,*,#3789,.F.);
#1702=ORIENTED_EDGE('',*,*,#3790,.T.);
#1703=ORIENTED_EDGE('',*,*,#3791,.F.);
#1704=ORIENTED_EDGE('',*,*,#3792,.T.);
#1705=ORIENTED_EDGE('',*,*,#3793,.F.);
#1706=ORIENTED_EDGE('',*,*,#3794,.T.);
#1707=ORIENTED_EDGE('',*,*,#3795,.F.);
#1708=ORIENTED_EDGE('',*,*,#3796,.T.);
#1709=ORIENTED_EDGE('',*,*,#3797,.F.);
#1710=ORIENTED_EDGE('',*,*,#3798,.T.);
#1711=ORIENTED_EDGE('',*,*,#3799,.F.);
#1712=ORIENTED_EDGE('',*,*,#3800,.T.);
#1713=ORIENTED_EDGE('',*,*,#3801,.F.);
#1714=ORIENTED_EDGE('',*,*,#3802,.T.);
#1715=ORIENTED_EDGE('',*,*,#3803,.F.);
#1716=ORIENTED_EDGE('',*,*,#3804,.F.);
#1717=ORIENTED_EDGE('',*,*,#3805,.F.);
#1718=ORIENTED_EDGE('',*,*,#3806,.F.);
#1719=ORIENTED_EDGE('',*,*,#3807,.F.);
#1720=ORIENTED_EDGE('',*,*,#3808,.T.);
#1721=ORIENTED_EDGE('',*,*,#3809,.F.);
#1722=ORIENTED_EDGE('',*,*,#3810,.T.);
#1723=ORIENTED_EDGE('',*,*,#3811,.F.);
#1724=ORIENTED_EDGE('',*,*,#3812,.F.);
#1725=ORIENTED_EDGE('',*,*,#3813,.F.);
#1726=ORIENTED_EDGE('',*,*,#3814,.F.);
#1727=ORIENTED_EDGE('',*,*,#3815,.F.);
#1728=ORIENTED_EDGE('',*,*,#3816,.F.);
#1729=ORIENTED_EDGE('',*,*,#3817,.F.);
#1730=ORIENTED_EDGE('',*,*,#3818,.F.);
#1731=ORIENTED_EDGE('',*,*,#3819,.F.);
#1732=ORIENTED_EDGE('',*,*,#3820,.F.);
#1733=ORIENTED_EDGE('',*,*,#3821,.F.);
#1734=ORIENTED_EDGE('',*,*,#3822,.T.);
#1735=ORIENTED_EDGE('',*,*,#3823,.F.);
#1736=ORIENTED_EDGE('',*,*,#3824,.F.);
#1737=ORIENTED_EDGE('',*,*,#3825,.F.);
#1738=ORIENTED_EDGE('',*,*,#3826,.F.);
#1739=ORIENTED_EDGE('',*,*,#3827,.F.);
#1740=ORIENTED_EDGE('',*,*,#3828,.F.);
#1741=ORIENTED_EDGE('',*,*,#3829,.F.);
#1742=ORIENTED_EDGE('',*,*,#3830,.F.);
#1743=ORIENTED_EDGE('',*,*,#3831,.F.);
#1744=ORIENTED_EDGE('',*,*,#3832,.F.);
#1745=ORIENTED_EDGE('',*,*,#3833,.F.);
#1746=ORIENTED_EDGE('',*,*,#3834,.F.);
#1747=ORIENTED_EDGE('',*,*,#3835,.F.);
#1748=ORIENTED_EDGE('',*,*,#3836,.F.);
#1749=ORIENTED_EDGE('',*,*,#3837,.F.);
#1750=ORIENTED_EDGE('',*,*,#3838,.T.);
#1751=ORIENTED_EDGE('',*,*,#3839,.F.);
#1752=ORIENTED_EDGE('',*,*,#3840,.T.);
#1753=ORIENTED_EDGE('',*,*,#3841,.F.);
#1754=ORIENTED_EDGE('',*,*,#3842,.T.);
#1755=ORIENTED_EDGE('',*,*,#3843,.F.);
#1756=ORIENTED_EDGE('',*,*,#3844,.F.);
#1757=ORIENTED_EDGE('',*,*,#3845,.F.);
#1758=ORIENTED_EDGE('',*,*,#3846,.F.);
#1759=ORIENTED_EDGE('',*,*,#3847,.F.);
#1760=ORIENTED_EDGE('',*,*,#3848,.T.);
#1761=ORIENTED_EDGE('',*,*,#3849,.F.);
#1762=ORIENTED_EDGE('',*,*,#3850,.T.);
#1763=ORIENTED_EDGE('',*,*,#3851,.F.);
#1764=ORIENTED_EDGE('',*,*,#3852,.T.);
#1765=ORIENTED_EDGE('',*,*,#3853,.F.);
#1766=ORIENTED_EDGE('',*,*,#3854,.F.);
#1767=ORIENTED_EDGE('',*,*,#3855,.F.);
#1768=ORIENTED_EDGE('',*,*,#3856,.F.);
#1769=ORIENTED_EDGE('',*,*,#3857,.T.);
#1770=ORIENTED_EDGE('',*,*,#3858,.F.);
#1771=ORIENTED_EDGE('',*,*,#3859,.F.);
#1772=ORIENTED_EDGE('',*,*,#3860,.F.);
#1773=ORIENTED_EDGE('',*,*,#3861,.F.);
#1774=ORIENTED_EDGE('',*,*,#3862,.F.);
#1775=ORIENTED_EDGE('',*,*,#3863,.F.);
#1776=ORIENTED_EDGE('',*,*,#3864,.F.);
#1777=ORIENTED_EDGE('',*,*,#3865,.F.);
#1778=ORIENTED_EDGE('',*,*,#3866,.F.);
#1779=ORIENTED_EDGE('',*,*,#3867,.F.);
#1780=ORIENTED_EDGE('',*,*,#3868,.F.);
#1781=ORIENTED_EDGE('',*,*,#3869,.F.);
#1782=ORIENTED_EDGE('',*,*,#3870,.F.);
#1783=ORIENTED_EDGE('',*,*,#3871,.T.);
#1784=ORIENTED_EDGE('',*,*,#3872,.F.);
#1785=ORIENTED_EDGE('',*,*,#3873,.F.);
#1786=ORIENTED_EDGE('',*,*,#3874,.F.);
#1787=ORIENTED_EDGE('',*,*,#3875,.F.);
#1788=ORIENTED_EDGE('',*,*,#3876,.T.);
#1789=ORIENTED_EDGE('',*,*,#3877,.F.);
#1790=ORIENTED_EDGE('',*,*,#3878,.F.);
#1791=ORIENTED_EDGE('',*,*,#3879,.T.);
#1792=ORIENTED_EDGE('',*,*,#3880,.F.);
#1793=ORIENTED_EDGE('',*,*,#3881,.T.);
#1794=ORIENTED_EDGE('',*,*,#3882,.F.);
#1795=ORIENTED_EDGE('',*,*,#3883,.T.);
#1796=ORIENTED_EDGE('',*,*,#3884,.F.);
#1797=ORIENTED_EDGE('',*,*,#3885,.T.);
#1798=ORIENTED_EDGE('',*,*,#3886,.F.);
#1799=ORIENTED_EDGE('',*,*,#3887,.F.);
#1800=ORIENTED_EDGE('',*,*,#3888,.T.);
#1801=ORIENTED_EDGE('',*,*,#3889,.F.);
#1802=ORIENTED_EDGE('',*,*,#3890,.F.);
#1803=ORIENTED_EDGE('',*,*,#3891,.F.);
#1804=ORIENTED_EDGE('',*,*,#3892,.F.);
#1805=ORIENTED_EDGE('',*,*,#3893,.F.);
#1806=ORIENTED_EDGE('',*,*,#3894,.F.);
#1807=ORIENTED_EDGE('',*,*,#3895,.F.);
#1808=ORIENTED_EDGE('',*,*,#3896,.F.);
#1809=ORIENTED_EDGE('',*,*,#3897,.F.);
#1810=ORIENTED_EDGE('',*,*,#3898,.T.);
#1811=ORIENTED_EDGE('',*,*,#3899,.F.);
#1812=ORIENTED_EDGE('',*,*,#3900,.F.);
#1813=ORIENTED_EDGE('',*,*,#3901,.F.);
#1814=ORIENTED_EDGE('',*,*,#3902,.F.);
#1815=ORIENTED_EDGE('',*,*,#3903,.F.);
#1816=ORIENTED_EDGE('',*,*,#3904,.F.);
#1817=ORIENTED_EDGE('',*,*,#3905,.F.);
#1818=ORIENTED_EDGE('',*,*,#3906,.F.);
#1819=ORIENTED_EDGE('',*,*,#3907,.T.);
#1820=ORIENTED_EDGE('',*,*,#3908,.F.);
#1821=ORIENTED_EDGE('',*,*,#3909,.T.);
#1822=ORIENTED_EDGE('',*,*,#3910,.F.);
#1823=ORIENTED_EDGE('',*,*,#3911,.T.);
#1824=ORIENTED_EDGE('',*,*,#3912,.F.);
#1825=ORIENTED_EDGE('',*,*,#3913,.F.);
#1826=ORIENTED_EDGE('',*,*,#3914,.F.);
#1827=ORIENTED_EDGE('',*,*,#3915,.T.);
#1828=ORIENTED_EDGE('',*,*,#3916,.T.);
#1829=ORIENTED_EDGE('',*,*,#3917,.T.);
#1830=ORIENTED_EDGE('',*,*,#3918,.T.);
#1831=ORIENTED_EDGE('',*,*,#3919,.T.);
#1832=ORIENTED_EDGE('',*,*,#3920,.F.);
#1833=ORIENTED_EDGE('',*,*,#3921,.F.);
#1834=ORIENTED_EDGE('',*,*,#3922,.F.);
#1835=ORIENTED_EDGE('',*,*,#3923,.F.);
#1836=ORIENTED_EDGE('',*,*,#3924,.F.);
#1837=ORIENTED_EDGE('',*,*,#3925,.T.);
#1838=ORIENTED_EDGE('',*,*,#3926,.F.);
#1839=ORIENTED_EDGE('',*,*,#3927,.F.);
#1840=ORIENTED_EDGE('',*,*,#3928,.T.);
#1841=ORIENTED_EDGE('',*,*,#3929,.F.);
#1842=ORIENTED_EDGE('',*,*,#3930,.T.);
#1843=ORIENTED_EDGE('',*,*,#3931,.F.);
#1844=ORIENTED_EDGE('',*,*,#3932,.F.);
#1845=ORIENTED_EDGE('',*,*,#3933,.F.);
#1846=ORIENTED_EDGE('',*,*,#3934,.F.);
#1847=ORIENTED_EDGE('',*,*,#3935,.F.);
#1848=ORIENTED_EDGE('',*,*,#3936,.F.);
#1849=ORIENTED_EDGE('',*,*,#3937,.F.);
#1850=ORIENTED_EDGE('',*,*,#3938,.F.);
#1851=ORIENTED_EDGE('',*,*,#3939,.F.);
#1852=ORIENTED_EDGE('',*,*,#3940,.F.);
#1853=ORIENTED_EDGE('',*,*,#3941,.F.);
#1854=ORIENTED_EDGE('',*,*,#3942,.F.);
#1855=ORIENTED_EDGE('',*,*,#3943,.F.);
#1856=ORIENTED_EDGE('',*,*,#3944,.F.);
#1857=ORIENTED_EDGE('',*,*,#3945,.F.);
#1858=ORIENTED_EDGE('',*,*,#3946,.F.);
#1859=ORIENTED_EDGE('',*,*,#3947,.F.);
#1860=ORIENTED_EDGE('',*,*,#3948,.F.);
#1861=ORIENTED_EDGE('',*,*,#3949,.F.);
#1862=ORIENTED_EDGE('',*,*,#3950,.T.);
#1863=ORIENTED_EDGE('',*,*,#3951,.F.);
#1864=ORIENTED_EDGE('',*,*,#3952,.T.);
#1865=ORIENTED_EDGE('',*,*,#3953,.F.);
#1866=ORIENTED_EDGE('',*,*,#3954,.F.);
#1867=ORIENTED_EDGE('',*,*,#3955,.F.);
#1868=ORIENTED_EDGE('',*,*,#3956,.F.);
#1869=ORIENTED_EDGE('',*,*,#3957,.T.);
#1870=ORIENTED_EDGE('',*,*,#3958,.F.);
#1871=ORIENTED_EDGE('',*,*,#3959,.T.);
#1872=ORIENTED_EDGE('',*,*,#3960,.F.);
#1873=ORIENTED_EDGE('',*,*,#3961,.F.);
#1874=ORIENTED_EDGE('',*,*,#3962,.F.);
#1875=ORIENTED_EDGE('',*,*,#3963,.F.);
#1876=ORIENTED_EDGE('',*,*,#3964,.F.);
#1877=ORIENTED_EDGE('',*,*,#3965,.F.);
#1878=ORIENTED_EDGE('',*,*,#3966,.T.);
#1879=ORIENTED_EDGE('',*,*,#3967,.F.);
#1880=ORIENTED_EDGE('',*,*,#3968,.F.);
#1881=ORIENTED_EDGE('',*,*,#3969,.T.);
#1882=ORIENTED_EDGE('',*,*,#3970,.F.);
#1883=ORIENTED_EDGE('',*,*,#3971,.F.);
#1884=ORIENTED_EDGE('',*,*,#3972,.F.);
#1885=ORIENTED_EDGE('',*,*,#3973,.F.);
#1886=ORIENTED_EDGE('',*,*,#3974,.F.);
#1887=ORIENTED_EDGE('',*,*,#3975,.F.);
#1888=ORIENTED_EDGE('',*,*,#3976,.F.);
#1889=ORIENTED_EDGE('',*,*,#3977,.F.);
#1890=ORIENTED_EDGE('',*,*,#3978,.F.);
#1891=ORIENTED_EDGE('',*,*,#3979,.F.);
#1892=ORIENTED_EDGE('',*,*,#3980,.F.);
#1893=ORIENTED_EDGE('',*,*,#3981,.T.);
#1894=ORIENTED_EDGE('',*,*,#3982,.F.);
#1895=ORIENTED_EDGE('',*,*,#3983,.F.);
#1896=ORIENTED_EDGE('',*,*,#3984,.T.);
#1897=ORIENTED_EDGE('',*,*,#3985,.F.);
#1898=ORIENTED_EDGE('',*,*,#3986,.F.);
#1899=ORIENTED_EDGE('',*,*,#3987,.F.);
#1900=ORIENTED_EDGE('',*,*,#3988,.F.);
#1901=ORIENTED_EDGE('',*,*,#3989,.F.);
#1902=ORIENTED_EDGE('',*,*,#3990,.T.);
#1903=ORIENTED_EDGE('',*,*,#3991,.T.);
#1904=ORIENTED_EDGE('',*,*,#3992,.F.);
#1905=ORIENTED_EDGE('',*,*,#3993,.T.);
#1906=ORIENTED_EDGE('',*,*,#3994,.T.);
#1907=ORIENTED_EDGE('',*,*,#3995,.F.);
#1908=ORIENTED_EDGE('',*,*,#3996,.T.);
#1909=ORIENTED_EDGE('',*,*,#3997,.F.);
#1910=ORIENTED_EDGE('',*,*,#3998,.F.);
#1911=ORIENTED_EDGE('',*,*,#3999,.T.);
#1912=ORIENTED_EDGE('',*,*,#4000,.F.);
#1913=ORIENTED_EDGE('',*,*,#4001,.T.);
#1914=ORIENTED_EDGE('',*,*,#4002,.F.);
#1915=ORIENTED_EDGE('',*,*,#4003,.T.);
#1916=ORIENTED_EDGE('',*,*,#4004,.F.);
#1917=ORIENTED_EDGE('',*,*,#4005,.F.);
#1918=ORIENTED_EDGE('',*,*,#4006,.T.);
#1919=ORIENTED_EDGE('',*,*,#4007,.T.);
#1920=ORIENTED_EDGE('',*,*,#4008,.T.);
#1921=ORIENTED_EDGE('',*,*,#4009,.T.);
#1922=ORIENTED_EDGE('',*,*,#4010,.F.);
#1923=ORIENTED_EDGE('',*,*,#4011,.F.);
#1924=ORIENTED_EDGE('',*,*,#4012,.T.);
#1925=ORIENTED_EDGE('',*,*,#4013,.F.);
#1926=ORIENTED_EDGE('',*,*,#4014,.F.);
#1927=ORIENTED_EDGE('',*,*,#4015,.T.);
#1928=ORIENTED_EDGE('',*,*,#4016,.T.);
#1929=ORIENTED_EDGE('',*,*,#4017,.T.);
#1930=ORIENTED_EDGE('',*,*,#4018,.T.);
#1931=ORIENTED_EDGE('',*,*,#4019,.F.);
#1932=ORIENTED_EDGE('',*,*,#4020,.F.);
#1933=ORIENTED_EDGE('',*,*,#4021,.F.);
#1934=ORIENTED_EDGE('',*,*,#4022,.F.);
#1935=ORIENTED_EDGE('',*,*,#4023,.F.);
#1936=ORIENTED_EDGE('',*,*,#4024,.F.);
#1937=ORIENTED_EDGE('',*,*,#4025,.T.);
#1938=ORIENTED_EDGE('',*,*,#4026,.F.);
#1939=ORIENTED_EDGE('',*,*,#4027,.F.);
#1940=ORIENTED_EDGE('',*,*,#4028,.F.);
#1941=ORIENTED_EDGE('',*,*,#4029,.T.);
#1942=ORIENTED_EDGE('',*,*,#4030,.F.);
#1943=ORIENTED_EDGE('',*,*,#4031,.F.);
#1944=ORIENTED_EDGE('',*,*,#4032,.T.);
#1945=ORIENTED_EDGE('',*,*,#4033,.F.);
#1946=ORIENTED_EDGE('',*,*,#4034,.T.);
#1947=ORIENTED_EDGE('',*,*,#4035,.F.);
#1948=ORIENTED_EDGE('',*,*,#4036,.F.);
#1949=ORIENTED_EDGE('',*,*,#4037,.F.);
#1950=ORIENTED_EDGE('',*,*,#4038,.T.);
#1951=ORIENTED_EDGE('',*,*,#4039,.F.);
#1952=ORIENTED_EDGE('',*,*,#4040,.T.);
#1953=ORIENTED_EDGE('',*,*,#4041,.F.);
#1954=ORIENTED_EDGE('',*,*,#4042,.F.);
#1955=ORIENTED_EDGE('',*,*,#4043,.F.);
#1956=ORIENTED_EDGE('',*,*,#4044,.F.);
#1957=ORIENTED_EDGE('',*,*,#4045,.F.);
#1958=ORIENTED_EDGE('',*,*,#4046,.F.);
#1959=ORIENTED_EDGE('',*,*,#4047,.F.);
#1960=ORIENTED_EDGE('',*,*,#4048,.F.);
#1961=ORIENTED_EDGE('',*,*,#4049,.F.);
#1962=ORIENTED_EDGE('',*,*,#4050,.F.);
#1963=ORIENTED_EDGE('',*,*,#4051,.T.);
#1964=ORIENTED_EDGE('',*,*,#4052,.F.);
#1965=ORIENTED_EDGE('',*,*,#4053,.F.);
#1966=ORIENTED_EDGE('',*,*,#4054,.F.);
#1967=ORIENTED_EDGE('',*,*,#4055,.F.);
#1968=ORIENTED_EDGE('',*,*,#4056,.F.);
#1969=ORIENTED_EDGE('',*,*,#4057,.F.);
#1970=ORIENTED_EDGE('',*,*,#4058,.F.);
#1971=ORIENTED_EDGE('',*,*,#4059,.F.);
#1972=ORIENTED_EDGE('',*,*,#4060,.F.);
#1973=ORIENTED_EDGE('',*,*,#4061,.T.);
#1974=ORIENTED_EDGE('',*,*,#4062,.T.);
#1975=ORIENTED_EDGE('',*,*,#4063,.F.);
#1976=ORIENTED_EDGE('',*,*,#4064,.T.);
#1977=ORIENTED_EDGE('',*,*,#4065,.F.);
#1978=ORIENTED_EDGE('',*,*,#4066,.T.);
#1979=ORIENTED_EDGE('',*,*,#4067,.F.);
#1980=ORIENTED_EDGE('',*,*,#4068,.T.);
#1981=ORIENTED_EDGE('',*,*,#4069,.F.);
#1982=ORIENTED_EDGE('',*,*,#4070,.T.);
#1983=ORIENTED_EDGE('',*,*,#4071,.F.);
#1984=ORIENTED_EDGE('',*,*,#4072,.F.);
#1985=ORIENTED_EDGE('',*,*,#4073,.T.);
#1986=ORIENTED_EDGE('',*,*,#4074,.F.);
#1987=ORIENTED_EDGE('',*,*,#4075,.F.);
#1988=ORIENTED_EDGE('',*,*,#4076,.F.);
#1989=ORIENTED_EDGE('',*,*,#4077,.T.);
#1990=ORIENTED_EDGE('',*,*,#4078,.T.);
#1991=ORIENTED_EDGE('',*,*,#4079,.F.);
#1992=ORIENTED_EDGE('',*,*,#4080,.F.);
#1993=ORIENTED_EDGE('',*,*,#4081,.F.);
#1994=ORIENTED_EDGE('',*,*,#4082,.F.);
#1995=ORIENTED_EDGE('',*,*,#4083,.F.);
#1996=ORIENTED_EDGE('',*,*,#4084,.F.);
#1997=ORIENTED_EDGE('',*,*,#4085,.F.);
#1998=ORIENTED_EDGE('',*,*,#4086,.F.);
#1999=ORIENTED_EDGE('',*,*,#4087,.F.);
#2000=ORIENTED_EDGE('',*,*,#4088,.F.);
#2001=ORIENTED_EDGE('',*,*,#4089,.F.);
#2002=ORIENTED_EDGE('',*,*,#4090,.F.);
#2003=ORIENTED_EDGE('',*,*,#4091,.F.);
#2004=ORIENTED_EDGE('',*,*,#4092,.T.);
#2005=ORIENTED_EDGE('',*,*,#4093,.F.);
#2006=ORIENTED_EDGE('',*,*,#4094,.F.);
#2007=ORIENTED_EDGE('',*,*,#4095,.T.);
#2008=ORIENTED_EDGE('',*,*,#4096,.F.);
#2009=ORIENTED_EDGE('',*,*,#4097,.T.);
#2010=ORIENTED_EDGE('',*,*,#4098,.F.);
#2011=ORIENTED_EDGE('',*,*,#4099,.T.);
#2012=ORIENTED_EDGE('',*,*,#4100,.F.);
#2013=ORIENTED_EDGE('',*,*,#4101,.T.);
#2014=ORIENTED_EDGE('',*,*,#4102,.F.);
#2015=ORIENTED_EDGE('',*,*,#4103,.F.);
#2016=ORIENTED_EDGE('',*,*,#4104,.T.);
#2017=ORIENTED_EDGE('',*,*,#4105,.F.);
#2018=ORIENTED_EDGE('',*,*,#4106,.F.);
#2019=ORIENTED_EDGE('',*,*,#4107,.T.);
#2020=ORIENTED_EDGE('',*,*,#4108,.F.);
#2021=ORIENTED_EDGE('',*,*,#4109,.T.);
#2022=ORIENTED_EDGE('',*,*,#4110,.T.);
#2023=ORIENTED_EDGE('',*,*,#4111,.T.);
#2024=ORIENTED_EDGE('',*,*,#4112,.F.);
#2025=ORIENTED_EDGE('',*,*,#4113,.F.);
#2026=ORIENTED_EDGE('',*,*,#4114,.F.);
#2027=ORIENTED_EDGE('',*,*,#4115,.F.);
#2028=ORIENTED_EDGE('',*,*,#4116,.F.);
#2029=ORIENTED_EDGE('',*,*,#4117,.F.);
#2030=ORIENTED_EDGE('',*,*,#4118,.F.);
#2031=ORIENTED_EDGE('',*,*,#4119,.F.);
#2032=ORIENTED_EDGE('',*,*,#4120,.T.);
#2033=ORIENTED_EDGE('',*,*,#4121,.F.);
#2034=ORIENTED_EDGE('',*,*,#4122,.F.);
#2035=ORIENTED_EDGE('',*,*,#4123,.F.);
#2036=ORIENTED_EDGE('',*,*,#4124,.F.);
#2037=ORIENTED_EDGE('',*,*,#4125,.F.);
#2038=ORIENTED_EDGE('',*,*,#4126,.F.);
#2039=ORIENTED_EDGE('',*,*,#4127,.F.);
#2040=ORIENTED_EDGE('',*,*,#4128,.T.);
#2041=ORIENTED_EDGE('',*,*,#4129,.F.);
#2042=ORIENTED_EDGE('',*,*,#4130,.F.);
#2043=ORIENTED_EDGE('',*,*,#4131,.F.);
#2044=ORIENTED_EDGE('',*,*,#4132,.F.);
#2045=ORIENTED_EDGE('',*,*,#4133,.F.);
#2046=ORIENTED_EDGE('',*,*,#4134,.F.);
#2047=ORIENTED_EDGE('',*,*,#4135,.F.);
#2048=ORIENTED_EDGE('',*,*,#4136,.F.);
#2049=ORIENTED_EDGE('',*,*,#4137,.F.);
#2050=ORIENTED_EDGE('',*,*,#4138,.F.);
#2051=ORIENTED_EDGE('',*,*,#4139,.T.);
#2052=ORIENTED_EDGE('',*,*,#4140,.F.);
#2053=ORIENTED_EDGE('',*,*,#4141,.T.);
#2054=ORIENTED_EDGE('',*,*,#4142,.F.);
#2055=ORIENTED_EDGE('',*,*,#4143,.T.);
#2056=ORIENTED_EDGE('',*,*,#4144,.T.);
#2057=ORIENTED_EDGE('',*,*,#4145,.T.);
#2058=ORIENTED_EDGE('',*,*,#4146,.F.);
#2059=ORIENTED_EDGE('',*,*,#4147,.T.);
#2060=ORIENTED_EDGE('',*,*,#4148,.F.);
#2061=ORIENTED_EDGE('',*,*,#4149,.T.);
#2062=ORIENTED_EDGE('',*,*,#4150,.F.);
#2063=ORIENTED_EDGE('',*,*,#4151,.T.);
#2064=ORIENTED_EDGE('',*,*,#4152,.F.);
#2065=ORIENTED_EDGE('',*,*,#4153,.F.);
#2066=ORIENTED_EDGE('',*,*,#4154,.T.);
#2067=ORIENTED_EDGE('',*,*,#4155,.F.);
#2068=ORIENTED_EDGE('',*,*,#4156,.F.);
#2069=ORIENTED_EDGE('',*,*,#4157,.F.);
#2070=ORIENTED_EDGE('',*,*,#4158,.F.);
#2071=ORIENTED_EDGE('',*,*,#4159,.T.);
#2072=ORIENTED_EDGE('',*,*,#4160,.F.);
#2073=ORIENTED_EDGE('',*,*,#4161,.T.);
#2074=ORIENTED_EDGE('',*,*,#4162,.F.);
#2075=ORIENTED_EDGE('',*,*,#4163,.F.);
#2076=ORIENTED_EDGE('',*,*,#4164,.T.);
#2077=ORIENTED_EDGE('',*,*,#4165,.F.);
#2078=ORIENTED_EDGE('',*,*,#4166,.T.);
#2079=ORIENTED_EDGE('',*,*,#4167,.F.);
#2080=ORIENTED_EDGE('',*,*,#4168,.T.);
#2081=ORIENTED_EDGE('',*,*,#4169,.F.);
#2082=ORIENTED_EDGE('',*,*,#4170,.T.);
#2083=ORIENTED_EDGE('',*,*,#4171,.F.);
#2084=ORIENTED_EDGE('',*,*,#4172,.T.);
#2085=ORIENTED_EDGE('',*,*,#4173,.T.);
#2086=ORIENTED_EDGE('',*,*,#4174,.F.);
#2087=ORIENTED_EDGE('',*,*,#4175,.T.);
#2088=ORIENTED_EDGE('',*,*,#4176,.F.);
#2089=ORIENTED_EDGE('',*,*,#4177,.F.);
#2090=ORIENTED_EDGE('',*,*,#4178,.T.);
#2091=ORIENTED_EDGE('',*,*,#4179,.F.);
#2092=ORIENTED_EDGE('',*,*,#4180,.T.);
#2093=ORIENTED_EDGE('',*,*,#4181,.F.);
#2094=ORIENTED_EDGE('',*,*,#4182,.T.);
#2095=ORIENTED_EDGE('',*,*,#4183,.T.);
#2096=ORIENTED_EDGE('',*,*,#4184,.T.);
#2097=ORIENTED_EDGE('',*,*,#4185,.F.);
#2098=ORIENTED_EDGE('',*,*,#4186,.F.);
#2099=ORIENTED_EDGE('',*,*,#4187,.F.);
#2100=ORIENTED_EDGE('',*,*,#4188,.F.);
#2101=ORIENTED_EDGE('',*,*,#4189,.F.);
#2102=ORIENTED_EDGE('',*,*,#4190,.T.);
#2103=ORIENTED_EDGE('',*,*,#4191,.F.);
#2104=ORIENTED_EDGE('',*,*,#4192,.T.);
#2105=ORIENTED_EDGE('',*,*,#4193,.F.);
#2106=ORIENTED_EDGE('',*,*,#4194,.F.);
#2107=ORIENTED_EDGE('',*,*,#4195,.F.);
#2108=ORIENTED_EDGE('',*,*,#4196,.F.);
#2109=ORIENTED_EDGE('',*,*,#4197,.F.);
#2110=ORIENTED_EDGE('',*,*,#4198,.F.);
#2111=ORIENTED_EDGE('',*,*,#4199,.F.);
#2112=ORIENTED_EDGE('',*,*,#4200,.F.);
#2113=ORIENTED_EDGE('',*,*,#4201,.F.);
#2114=ORIENTED_EDGE('',*,*,#4202,.T.);
#2115=ORIENTED_EDGE('',*,*,#4203,.F.);
#2116=ORIENTED_EDGE('',*,*,#4204,.F.);
#2117=ORIENTED_EDGE('',*,*,#4205,.T.);
#2118=ORIENTED_EDGE('',*,*,#4206,.F.);
#2119=ORIENTED_EDGE('',*,*,#4207,.T.);
#2120=ORIENTED_EDGE('',*,*,#4208,.F.);
#2121=ORIENTED_EDGE('',*,*,#4209,.F.);
#2122=ORIENTED_EDGE('',*,*,#4210,.F.);
#2123=ORIENTED_EDGE('',*,*,#4211,.F.);
#2124=ORIENTED_EDGE('',*,*,#4212,.F.);
#2125=ORIENTED_EDGE('',*,*,#4213,.T.);
#2126=ORIENTED_EDGE('',*,*,#4214,.F.);
#2127=ORIENTED_EDGE('',*,*,#4215,.F.);
#2128=ORIENTED_EDGE('',*,*,#4216,.F.);
#2129=ORIENTED_EDGE('',*,*,#4217,.F.);
#2130=ORIENTED_EDGE('',*,*,#4218,.F.);
#2131=ORIENTED_EDGE('',*,*,#4219,.F.);
#2132=ORIENTED_EDGE('',*,*,#4220,.F.);
#2133=ORIENTED_EDGE('',*,*,#4221,.F.);
#2134=ORIENTED_EDGE('',*,*,#4222,.F.);
#2135=ORIENTED_EDGE('',*,*,#4223,.F.);
#2136=ORIENTED_EDGE('',*,*,#4224,.F.);
#2137=ORIENTED_EDGE('',*,*,#4225,.F.);
#2138=ORIENTED_EDGE('',*,*,#4226,.F.);
#2139=ORIENTED_EDGE('',*,*,#4227,.F.);
#2140=ORIENTED_EDGE('',*,*,#4228,.F.);
#2141=ORIENTED_EDGE('',*,*,#4229,.F.);
#2142=ORIENTED_EDGE('',*,*,#4230,.F.);
#2143=ORIENTED_EDGE('',*,*,#4231,.F.);
#2144=ORIENTED_EDGE('',*,*,#4232,.F.);
#2145=ORIENTED_EDGE('',*,*,#4233,.T.);
#2146=ORIENTED_EDGE('',*,*,#4234,.T.);
#2147=ORIENTED_EDGE('',*,*,#4235,.T.);
#2148=ORIENTED_EDGE('',*,*,#4236,.F.);
#2149=ORIENTED_EDGE('',*,*,#4237,.F.);
#2150=ORIENTED_EDGE('',*,*,#4238,.F.);
#2151=ORIENTED_EDGE('',*,*,#4239,.T.);
#2152=ORIENTED_EDGE('',*,*,#4240,.T.);
#2153=ORIENTED_EDGE('',*,*,#4241,.F.);
#2154=ORIENTED_EDGE('',*,*,#4242,.F.);
#2155=ORIENTED_EDGE('',*,*,#4243,.T.);
#2156=ORIENTED_EDGE('',*,*,#4244,.F.);
#2157=ORIENTED_EDGE('',*,*,#4245,.F.);
#2158=ORIENTED_EDGE('',*,*,#4246,.T.);
#2159=ORIENTED_EDGE('',*,*,#4247,.F.);
#2160=ORIENTED_EDGE('',*,*,#4248,.T.);
#2161=ORIENTED_EDGE('',*,*,#4249,.F.);
#2162=ORIENTED_EDGE('',*,*,#4250,.F.);
#2163=ORIENTED_EDGE('',*,*,#4251,.F.);
#2164=ORIENTED_EDGE('',*,*,#4252,.T.);
#2165=ORIENTED_EDGE('',*,*,#4253,.F.);
#2166=ORIENTED_EDGE('',*,*,#4254,.T.);
#2167=ORIENTED_EDGE('',*,*,#4255,.F.);
#2168=ORIENTED_EDGE('',*,*,#4256,.T.);
#2169=ORIENTED_EDGE('',*,*,#4257,.F.);
#2170=ORIENTED_EDGE('',*,*,#4258,.T.);
#2171=ORIENTED_EDGE('',*,*,#4259,.F.);
#2172=ORIENTED_EDGE('',*,*,#4260,.T.);
#2173=ORIENTED_EDGE('',*,*,#4261,.F.);
#2174=ORIENTED_EDGE('',*,*,#4262,.F.);
#2175=ORIENTED_EDGE('',*,*,#4263,.F.);
#2176=ORIENTED_EDGE('',*,*,#4264,.T.);
#2177=ORIENTED_EDGE('',*,*,#4265,.F.);
#2178=ORIENTED_EDGE('',*,*,#4266,.T.);
#2179=ORIENTED_EDGE('',*,*,#4267,.F.);
#2180=ORIENTED_EDGE('',*,*,#4268,.T.);
#2181=ORIENTED_EDGE('',*,*,#4269,.F.);
#2182=ORIENTED_EDGE('',*,*,#4270,.T.);
#2183=ORIENTED_EDGE('',*,*,#4271,.F.);
#2184=ORIENTED_EDGE('',*,*,#4272,.T.);
#2185=ORIENTED_EDGE('',*,*,#4273,.F.);
#2186=ORIENTED_EDGE('',*,*,#4274,.T.);
#2187=ORIENTED_EDGE('',*,*,#4275,.T.);
#2188=ORIENTED_EDGE('',*,*,#4276,.T.);
#2189=ORIENTED_EDGE('',*,*,#4277,.F.);
#2190=ORIENTED_EDGE('',*,*,#4278,.T.);
#2191=ORIENTED_EDGE('',*,*,#4279,.F.);
#2192=ORIENTED_EDGE('',*,*,#4280,.F.);
#2193=ORIENTED_EDGE('',*,*,#4281,.F.);
#2194=ORIENTED_EDGE('',*,*,#4282,.F.);
#2195=ORIENTED_EDGE('',*,*,#4283,.F.);
#2196=ORIENTED_EDGE('',*,*,#4284,.T.);
#2197=ORIENTED_EDGE('',*,*,#4285,.T.);
#2198=ORIENTED_EDGE('',*,*,#4286,.T.);
#2199=ORIENTED_EDGE('',*,*,#4287,.T.);
#2200=ORIENTED_EDGE('',*,*,#4288,.T.);
#2201=ORIENTED_EDGE('',*,*,#4289,.F.);
#2202=ORIENTED_EDGE('',*,*,#4290,.F.);
#2203=ORIENTED_EDGE('',*,*,#4291,.F.);
#2204=ORIENTED_EDGE('',*,*,#4292,.F.);
#2205=ORIENTED_EDGE('',*,*,#4293,.F.);
#2206=ORIENTED_EDGE('',*,*,#4294,.F.);
#2207=ORIENTED_EDGE('',*,*,#4295,.F.);
#2208=ORIENTED_EDGE('',*,*,#4296,.F.);
#2209=ORIENTED_EDGE('',*,*,#4297,.F.);
#2210=ORIENTED_EDGE('',*,*,#4298,.T.);
#2211=ORIENTED_EDGE('',*,*,#4299,.T.);
#2212=ORIENTED_EDGE('',*,*,#4300,.T.);
#2213=ORIENTED_EDGE('',*,*,#4301,.T.);
#2214=ORIENTED_EDGE('',*,*,#4302,.T.);
#2215=ORIENTED_EDGE('',*,*,#4303,.F.);
#2216=ORIENTED_EDGE('',*,*,#4304,.T.);
#2217=ORIENTED_EDGE('',*,*,#4305,.T.);
#2218=ORIENTED_EDGE('',*,*,#4306,.F.);
#2219=ORIENTED_EDGE('',*,*,#4307,.T.);
#2220=ORIENTED_EDGE('',*,*,#4308,.F.);
#2221=ORIENTED_EDGE('',*,*,#4309,.T.);
#2222=ORIENTED_EDGE('',*,*,#4310,.F.);
#2223=ORIENTED_EDGE('',*,*,#4311,.T.);
#2224=ORIENTED_EDGE('',*,*,#4312,.F.);
#2225=ORIENTED_EDGE('',*,*,#4313,.T.);
#2226=ORIENTED_EDGE('',*,*,#4314,.F.);
#2227=ORIENTED_EDGE('',*,*,#4315,.T.);
#2228=ORIENTED_EDGE('',*,*,#4316,.T.);
#2229=ORIENTED_EDGE('',*,*,#4317,.T.);
#2230=ORIENTED_EDGE('',*,*,#4318,.T.);
#2231=ORIENTED_EDGE('',*,*,#4319,.T.);
#2232=ORIENTED_EDGE('',*,*,#4320,.T.);
#2233=ORIENTED_EDGE('',*,*,#4321,.T.);
#2234=ORIENTED_EDGE('',*,*,#4322,.T.);
#2235=ORIENTED_EDGE('',*,*,#4323,.T.);
#2236=ORIENTED_EDGE('',*,*,#4324,.F.);
#2237=ORIENTED_EDGE('',*,*,#4325,.T.);
#2238=ORIENTED_EDGE('',*,*,#4326,.F.);
#2239=ORIENTED_EDGE('',*,*,#4327,.T.);
#2240=ORIENTED_EDGE('',*,*,#3736,.F.);
#2241=ORIENTED_EDGE('',*,*,#4328,.T.);
#2242=ORIENTED_EDGE('',*,*,#4324,.T.);
#2243=ORIENTED_EDGE('',*,*,#4329,.T.);
#2244=ORIENTED_EDGE('',*,*,#3734,.F.);
#2245=ORIENTED_EDGE('',*,*,#4330,.T.);
#2246=ORIENTED_EDGE('',*,*,#4326,.T.);
#2247=ORIENTED_EDGE('',*,*,#4331,.T.);
#2248=ORIENTED_EDGE('',*,*,#3732,.T.);
#2249=ORIENTED_EDGE('',*,*,#4332,.T.);
#2250=ORIENTED_EDGE('',*,*,#4320,.F.);
#2251=ORIENTED_EDGE('',*,*,#4333,.T.);
#2252=ORIENTED_EDGE('',*,*,#4322,.F.);
#2253=ORIENTED_EDGE('',*,*,#4334,.T.);
#2254=ORIENTED_EDGE('',*,*,#3730,.T.);
#2255=ORIENTED_EDGE('',*,*,#4335,.T.);
#2256=ORIENTED_EDGE('',*,*,#4336,.T.);
#2257=ORIENTED_EDGE('',*,*,#4238,.T.);
#2258=ORIENTED_EDGE('',*,*,#4337,.F.);
#2259=ORIENTED_EDGE('',*,*,#4338,.T.);
#2260=ORIENTED_EDGE('',*,*,#4337,.T.);
#2261=ORIENTED_EDGE('',*,*,#4241,.T.);
#2262=ORIENTED_EDGE('',*,*,#4339,.F.);
#2263=ORIENTED_EDGE('',*,*,#4340,.T.);
#2264=ORIENTED_EDGE('',*,*,#4240,.F.);
#2265=ORIENTED_EDGE('',*,*,#4341,.F.);
#2266=ORIENTED_EDGE('',*,*,#4342,.F.);
#2267=ORIENTED_EDGE('',*,*,#4339,.T.);
#2268=ORIENTED_EDGE('',*,*,#4312,.T.);
#2269=ORIENTED_EDGE('',*,*,#4343,.T.);
#2270=ORIENTED_EDGE('',*,*,#4344,.T.);
#2271=ORIENTED_EDGE('',*,*,#4345,.T.);
#2272=ORIENTED_EDGE('',*,*,#4346,.F.);
#2273=ORIENTED_EDGE('',*,*,#4347,.T.);
#2274=ORIENTED_EDGE('',*,*,#4318,.F.);
#2275=ORIENTED_EDGE('',*,*,#4348,.T.);
#2276=ORIENTED_EDGE('',*,*,#4349,.F.);
#2277=ORIENTED_EDGE('',*,*,#4350,.T.);
#2278=ORIENTED_EDGE('',*,*,#4316,.F.);
#2279=ORIENTED_EDGE('',*,*,#4351,.T.);
#2280=ORIENTED_EDGE('',*,*,#4352,.T.);
#2281=ORIENTED_EDGE('',*,*,#4353,.T.);
#2282=ORIENTED_EDGE('',*,*,#4314,.T.);
#2283=ORIENTED_EDGE('',*,*,#4354,.T.);
#2284=ORIENTED_EDGE('',*,*,#4239,.F.);
#2285=ORIENTED_EDGE('',*,*,#4336,.F.);
#2286=ORIENTED_EDGE('',*,*,#4355,.F.);
#2287=ORIENTED_EDGE('',*,*,#4341,.T.);
#2288=ORIENTED_EDGE('',*,*,#4344,.F.);
#2289=ORIENTED_EDGE('',*,*,#4356,.T.);
#2290=ORIENTED_EDGE('',*,*,#4346,.T.);
#2291=ORIENTED_EDGE('',*,*,#4357,.T.);
#2292=ORIENTED_EDGE('',*,*,#4349,.T.);
#2293=ORIENTED_EDGE('',*,*,#4358,.T.);
#2294=ORIENTED_EDGE('',*,*,#4352,.F.);
#2295=ORIENTED_EDGE('',*,*,#4359,.T.);
#2296=ORIENTED_EDGE('',*,*,#4338,.F.);
#2297=ORIENTED_EDGE('',*,*,#4340,.F.);
#2298=ORIENTED_EDGE('',*,*,#4342,.T.);
#2299=ORIENTED_EDGE('',*,*,#4355,.T.);
#2300=ORIENTED_EDGE('',*,*,#4356,.F.);
#2301=ORIENTED_EDGE('',*,*,#4343,.F.);
#2302=ORIENTED_EDGE('',*,*,#4319,.F.);
#2303=ORIENTED_EDGE('',*,*,#4347,.F.);
#2304=ORIENTED_EDGE('',*,*,#4357,.F.);
#2305=ORIENTED_EDGE('',*,*,#4348,.F.);
#2306=ORIENTED_EDGE('',*,*,#4317,.F.);
#2307=ORIENTED_EDGE('',*,*,#4350,.F.);
#2308=ORIENTED_EDGE('',*,*,#4358,.F.);
#2309=ORIENTED_EDGE('',*,*,#4351,.F.);
#2310=ORIENTED_EDGE('',*,*,#4315,.F.);
#2311=ORIENTED_EDGE('',*,*,#4353,.F.);
#2312=ORIENTED_EDGE('',*,*,#4359,.F.);
#2313=ORIENTED_EDGE('',*,*,#4354,.F.);
#2314=ORIENTED_EDGE('',*,*,#4313,.F.);
#2315=ORIENTED_EDGE('',*,*,#4345,.F.);
#2316=ORIENTED_EDGE('',*,*,#4321,.F.);
#2317=ORIENTED_EDGE('',*,*,#4332,.F.);
#2318=ORIENTED_EDGE('',*,*,#3731,.F.);
#2319=ORIENTED_EDGE('',*,*,#4334,.F.);
#2320=ORIENTED_EDGE('',*,*,#4327,.F.);
#2321=ORIENTED_EDGE('',*,*,#4330,.F.);
#2322=ORIENTED_EDGE('',*,*,#3733,.F.);
#2323=ORIENTED_EDGE('',*,*,#4333,.F.);
#2324=ORIENTED_EDGE('',*,*,#4325,.F.);
#2325=ORIENTED_EDGE('',*,*,#4328,.F.);
#2326=ORIENTED_EDGE('',*,*,#3735,.F.);
#2327=ORIENTED_EDGE('',*,*,#4331,.F.);
#2328=ORIENTED_EDGE('',*,*,#4323,.F.);
#2329=ORIENTED_EDGE('',*,*,#4335,.F.);
#2330=ORIENTED_EDGE('',*,*,#3737,.F.);
#2331=ORIENTED_EDGE('',*,*,#4329,.F.);
#2332=ORIENTED_EDGE('',*,*,#4360,.T.);
#2333=ORIENTED_EDGE('',*,*,#3720,.T.);
#2334=ORIENTED_EDGE('',*,*,#4361,.T.);
#2335=ORIENTED_EDGE('',*,*,#4234,.F.);
#2336=ORIENTED_EDGE('',*,*,#4231,.T.);
#2337=ORIENTED_EDGE('',*,*,#4362,.F.);
#2338=ORIENTED_EDGE('',*,*,#3723,.T.);
#2339=ORIENTED_EDGE('',*,*,#4363,.F.);
#2340=ORIENTED_EDGE('',*,*,#4229,.T.);
#2341=ORIENTED_EDGE('',*,*,#4364,.F.);
#2342=ORIENTED_EDGE('',*,*,#3725,.T.);
#2343=ORIENTED_EDGE('',*,*,#4365,.F.);
#2344=ORIENTED_EDGE('',*,*,#4227,.T.);
#2345=ORIENTED_EDGE('',*,*,#4366,.F.);
#2346=ORIENTED_EDGE('',*,*,#3727,.T.);
#2347=ORIENTED_EDGE('',*,*,#4367,.F.);
#2348=ORIENTED_EDGE('',*,*,#4237,.T.);
#2349=ORIENTED_EDGE('',*,*,#4368,.F.);
#2350=ORIENTED_EDGE('',*,*,#3729,.T.);
#2351=ORIENTED_EDGE('',*,*,#4369,.F.);
#2352=ORIENTED_EDGE('',*,*,#4361,.F.);
#2353=ORIENTED_EDGE('',*,*,#3719,.F.);
#2354=ORIENTED_EDGE('',*,*,#4370,.F.);
#2355=ORIENTED_EDGE('',*,*,#4235,.F.);
#2356=ORIENTED_EDGE('',*,*,#4371,.F.);
#2357=ORIENTED_EDGE('',*,*,#3721,.F.);
#2358=ORIENTED_EDGE('',*,*,#4360,.F.);
#2359=ORIENTED_EDGE('',*,*,#4233,.F.);
#2360=ORIENTED_EDGE('',*,*,#4236,.T.);
#2361=ORIENTED_EDGE('',*,*,#4370,.T.);
#2362=ORIENTED_EDGE('',*,*,#3718,.T.);
#2363=ORIENTED_EDGE('',*,*,#4368,.T.);
#2364=ORIENTED_EDGE('',*,*,#4226,.T.);
#2365=ORIENTED_EDGE('',*,*,#4369,.T.);
#2366=ORIENTED_EDGE('',*,*,#3728,.T.);
#2367=ORIENTED_EDGE('',*,*,#4366,.T.);
#2368=ORIENTED_EDGE('',*,*,#4228,.T.);
#2369=ORIENTED_EDGE('',*,*,#4367,.T.);
#2370=ORIENTED_EDGE('',*,*,#3726,.T.);
#2371=ORIENTED_EDGE('',*,*,#4364,.T.);
#2372=ORIENTED_EDGE('',*,*,#4230,.T.);
#2373=ORIENTED_EDGE('',*,*,#4365,.T.);
#2374=ORIENTED_EDGE('',*,*,#3724,.T.);
#2375=ORIENTED_EDGE('',*,*,#4362,.T.);
#2376=ORIENTED_EDGE('',*,*,#4232,.T.);
#2377=ORIENTED_EDGE('',*,*,#4363,.T.);
#2378=ORIENTED_EDGE('',*,*,#3722,.T.);
#2379=ORIENTED_EDGE('',*,*,#4371,.T.);
#2380=ORIENTED_EDGE('',*,*,#4222,.T.);
#2381=ORIENTED_EDGE('',*,*,#4372,.F.);
#2382=ORIENTED_EDGE('',*,*,#3710,.T.);
#2383=ORIENTED_EDGE('',*,*,#4373,.F.);
#2384=ORIENTED_EDGE('',*,*,#4220,.T.);
#2385=ORIENTED_EDGE('',*,*,#4374,.F.);
#2386=ORIENTED_EDGE('',*,*,#3712,.T.);
#2387=ORIENTED_EDGE('',*,*,#4375,.F.);
#2388=ORIENTED_EDGE('',*,*,#4218,.T.);
#2389=ORIENTED_EDGE('',*,*,#4376,.F.);
#2390=ORIENTED_EDGE('',*,*,#3714,.T.);
#2391=ORIENTED_EDGE('',*,*,#4377,.F.);
#2392=ORIENTED_EDGE('',*,*,#4216,.T.);
#2393=ORIENTED_EDGE('',*,*,#4378,.F.);
#2394=ORIENTED_EDGE('',*,*,#3716,.T.);
#2395=ORIENTED_EDGE('',*,*,#4379,.F.);
#2396=ORIENTED_EDGE('',*,*,#4224,.T.);
#2397=ORIENTED_EDGE('',*,*,#4380,.F.);
#2398=ORIENTED_EDGE('',*,*,#3708,.T.);
#2399=ORIENTED_EDGE('',*,*,#4381,.F.);
#2400=ORIENTED_EDGE('',*,*,#4223,.T.);
#2401=ORIENTED_EDGE('',*,*,#4373,.T.);
#2402=ORIENTED_EDGE('',*,*,#3709,.T.);
#2403=ORIENTED_EDGE('',*,*,#4380,.T.);
#2404=ORIENTED_EDGE('',*,*,#4225,.T.);
#2405=ORIENTED_EDGE('',*,*,#4381,.T.);
#2406=ORIENTED_EDGE('',*,*,#3717,.T.);
#2407=ORIENTED_EDGE('',*,*,#4378,.T.);
#2408=ORIENTED_EDGE('',*,*,#4217,.T.);
#2409=ORIENTED_EDGE('',*,*,#4379,.T.);
#2410=ORIENTED_EDGE('',*,*,#3715,.T.);
#2411=ORIENTED_EDGE('',*,*,#4376,.T.);
#2412=ORIENTED_EDGE('',*,*,#4219,.T.);
#2413=ORIENTED_EDGE('',*,*,#4377,.T.);
#2414=ORIENTED_EDGE('',*,*,#3713,.T.);
#2415=ORIENTED_EDGE('',*,*,#4374,.T.);
#2416=ORIENTED_EDGE('',*,*,#4221,.T.);
#2417=ORIENTED_EDGE('',*,*,#4375,.T.);
#2418=ORIENTED_EDGE('',*,*,#3711,.T.);
#2419=ORIENTED_EDGE('',*,*,#4372,.T.);
#2420=ORIENTED_EDGE('',*,*,#4382,.T.);
#2421=ORIENTED_EDGE('',*,*,#3738,.T.);
#2422=ORIENTED_EDGE('',*,*,#4383,.F.);
#2423=ORIENTED_EDGE('',*,*,#4246,.F.);
#2424=ORIENTED_EDGE('',*,*,#4250,.T.);
#2425=ORIENTED_EDGE('',*,*,#4384,.F.);
#2426=ORIENTED_EDGE('',*,*,#3743,.T.);
#2427=ORIENTED_EDGE('',*,*,#4385,.F.);
#2428=ORIENTED_EDGE('',*,*,#4386,.F.);
#2429=ORIENTED_EDGE('',*,*,#3745,.F.);
#2430=ORIENTED_EDGE('',*,*,#4387,.F.);
#2431=ORIENTED_EDGE('',*,*,#4248,.F.);
#2432=ORIENTED_EDGE('',*,*,#4245,.T.);
#2433=ORIENTED_EDGE('',*,*,#4388,.F.);
#2434=ORIENTED_EDGE('',*,*,#3739,.T.);
#2435=ORIENTED_EDGE('',*,*,#4382,.F.);
#2436=ORIENTED_EDGE('',*,*,#4389,.F.);
#2437=ORIENTED_EDGE('',*,*,#3741,.F.);
#2438=ORIENTED_EDGE('',*,*,#4390,.F.);
#2439=ORIENTED_EDGE('',*,*,#4243,.F.);
#2440=ORIENTED_EDGE('',*,*,#4244,.T.);
#2441=ORIENTED_EDGE('',*,*,#4390,.T.);
#2442=ORIENTED_EDGE('',*,*,#3740,.T.);
#2443=ORIENTED_EDGE('',*,*,#4388,.T.);
#2444=ORIENTED_EDGE('',*,*,#4249,.T.);
#2445=ORIENTED_EDGE('',*,*,#4387,.T.);
#2446=ORIENTED_EDGE('',*,*,#3744,.T.);
#2447=ORIENTED_EDGE('',*,*,#4384,.T.);
#2448=ORIENTED_EDGE('',*,*,#4242,.T.);
#2449=ORIENTED_EDGE('',*,*,#4385,.T.);
#2450=ORIENTED_EDGE('',*,*,#3742,.T.);
#2451=ORIENTED_EDGE('',*,*,#4389,.T.);
#2452=ORIENTED_EDGE('',*,*,#4247,.T.);
#2453=ORIENTED_EDGE('',*,*,#4383,.T.);
#2454=ORIENTED_EDGE('',*,*,#3746,.T.);
#2455=ORIENTED_EDGE('',*,*,#4386,.T.);
#2456=ORIENTED_EDGE('',*,*,#4211,.T.);
#2457=ORIENTED_EDGE('',*,*,#4391,.F.);
#2458=ORIENTED_EDGE('',*,*,#3751,.T.);
#2459=ORIENTED_EDGE('',*,*,#4392,.F.);
#2460=ORIENTED_EDGE('',*,*,#4209,.T.);
#2461=ORIENTED_EDGE('',*,*,#4393,.F.);
#2462=ORIENTED_EDGE('',*,*,#3753,.T.);
#2463=ORIENTED_EDGE('',*,*,#4394,.F.);
#2464=ORIENTED_EDGE('',*,*,#4215,.T.);
#2465=ORIENTED_EDGE('',*,*,#4395,.F.);
#2466=ORIENTED_EDGE('',*,*,#3747,.T.);
#2467=ORIENTED_EDGE('',*,*,#4396,.F.);
#2468=ORIENTED_EDGE('',*,*,#4397,.F.);
#2469=ORIENTED_EDGE('',*,*,#3749,.F.);
#2470=ORIENTED_EDGE('',*,*,#4398,.F.);
#2471=ORIENTED_EDGE('',*,*,#4213,.F.);
#2472=ORIENTED_EDGE('',*,*,#4214,.T.);
#2473=ORIENTED_EDGE('',*,*,#4398,.T.);
#2474=ORIENTED_EDGE('',*,*,#3748,.T.);
#2475=ORIENTED_EDGE('',*,*,#4395,.T.);
#2476=ORIENTED_EDGE('',*,*,#4208,.T.);
#2477=ORIENTED_EDGE('',*,*,#4396,.T.);
#2478=ORIENTED_EDGE('',*,*,#3754,.T.);
#2479=ORIENTED_EDGE('',*,*,#4393,.T.);
#2480=ORIENTED_EDGE('',*,*,#4210,.T.);
#2481=ORIENTED_EDGE('',*,*,#4394,.T.);
#2482=ORIENTED_EDGE('',*,*,#3752,.T.);
#2483=ORIENTED_EDGE('',*,*,#4391,.T.);
#2484=ORIENTED_EDGE('',*,*,#4212,.T.);
#2485=ORIENTED_EDGE('',*,*,#4392,.T.);
#2486=ORIENTED_EDGE('',*,*,#3750,.T.);
#2487=ORIENTED_EDGE('',*,*,#4397,.T.);
#2488=ORIENTED_EDGE('',*,*,#4399,.F.);
#2489=ORIENTED_EDGE('',*,*,#3694,.T.);
#2490=ORIENTED_EDGE('',*,*,#4400,.T.);
#2491=ORIENTED_EDGE('',*,*,#4202,.F.);
#2492=ORIENTED_EDGE('',*,*,#4198,.T.);
#2493=ORIENTED_EDGE('',*,*,#4401,.F.);
#2494=ORIENTED_EDGE('',*,*,#3698,.T.);
#2495=ORIENTED_EDGE('',*,*,#4402,.F.);
#2496=ORIENTED_EDGE('',*,*,#4196,.T.);
#2497=ORIENTED_EDGE('',*,*,#4403,.F.);
#2498=ORIENTED_EDGE('',*,*,#3700,.T.);
#2499=ORIENTED_EDGE('',*,*,#4404,.F.);
#2500=ORIENTED_EDGE('',*,*,#4194,.T.);
#2501=ORIENTED_EDGE('',*,*,#4405,.F.);
#2502=ORIENTED_EDGE('',*,*,#3702,.T.);
#2503=ORIENTED_EDGE('',*,*,#4406,.F.);
#2504=ORIENTED_EDGE('',*,*,#4407,.F.);
#2505=ORIENTED_EDGE('',*,*,#3704,.F.);
#2506=ORIENTED_EDGE('',*,*,#4408,.F.);
#2507=ORIENTED_EDGE('',*,*,#4207,.F.);
#2508=ORIENTED_EDGE('',*,*,#4409,.F.);
#2509=ORIENTED_EDGE('',*,*,#3706,.F.);
#2510=ORIENTED_EDGE('',*,*,#4410,.F.);
#2511=ORIENTED_EDGE('',*,*,#4205,.F.);
#2512=ORIENTED_EDGE('',*,*,#4203,.T.);
#2513=ORIENTED_EDGE('',*,*,#4400,.F.);
#2514=ORIENTED_EDGE('',*,*,#3693,.T.);
#2515=ORIENTED_EDGE('',*,*,#4411,.F.);
#2516=ORIENTED_EDGE('',*,*,#4200,.T.);
#2517=ORIENTED_EDGE('',*,*,#4412,.F.);
#2518=ORIENTED_EDGE('',*,*,#3696,.T.);
#2519=ORIENTED_EDGE('',*,*,#4413,.F.);
#2520=ORIENTED_EDGE('',*,*,#4204,.T.);
#2521=ORIENTED_EDGE('',*,*,#4411,.T.);
#2522=ORIENTED_EDGE('',*,*,#3707,.T.);
#2523=ORIENTED_EDGE('',*,*,#4409,.T.);
#2524=ORIENTED_EDGE('',*,*,#4206,.T.);
#2525=ORIENTED_EDGE('',*,*,#4410,.T.);
#2526=ORIENTED_EDGE('',*,*,#3705,.T.);
#2527=ORIENTED_EDGE('',*,*,#4407,.T.);
#2528=ORIENTED_EDGE('',*,*,#4193,.T.);
#2529=ORIENTED_EDGE('',*,*,#4408,.T.);
#2530=ORIENTED_EDGE('',*,*,#3703,.T.);
#2531=ORIENTED_EDGE('',*,*,#4405,.T.);
#2532=ORIENTED_EDGE('',*,*,#4195,.T.);
#2533=ORIENTED_EDGE('',*,*,#4406,.T.);
#2534=ORIENTED_EDGE('',*,*,#3701,.T.);
#2535=ORIENTED_EDGE('',*,*,#4403,.T.);
#2536=ORIENTED_EDGE('',*,*,#4197,.T.);
#2537=ORIENTED_EDGE('',*,*,#4404,.T.);
#2538=ORIENTED_EDGE('',*,*,#3699,.T.);
#2539=ORIENTED_EDGE('',*,*,#4401,.T.);
#2540=ORIENTED_EDGE('',*,*,#4199,.T.);
#2541=ORIENTED_EDGE('',*,*,#4402,.T.);
#2542=ORIENTED_EDGE('',*,*,#3697,.T.);
#2543=ORIENTED_EDGE('',*,*,#4412,.T.);
#2544=ORIENTED_EDGE('',*,*,#4201,.T.);
#2545=ORIENTED_EDGE('',*,*,#4413,.T.);
#2546=ORIENTED_EDGE('',*,*,#3695,.T.);
#2547=ORIENTED_EDGE('',*,*,#4399,.T.);
#2548=ORIENTED_EDGE('',*,*,#4414,.T.);
#2549=ORIENTED_EDGE('',*,*,#3760,.T.);
#2550=ORIENTED_EDGE('',*,*,#4415,.T.);
#2551=ORIENTED_EDGE('',*,*,#4183,.F.);
#2552=ORIENTED_EDGE('',*,*,#4415,.F.);
#2553=ORIENTED_EDGE('',*,*,#3759,.F.);
#2554=ORIENTED_EDGE('',*,*,#4416,.F.);
#2555=ORIENTED_EDGE('',*,*,#4184,.F.);
#2556=ORIENTED_EDGE('',*,*,#4417,.F.);
#2557=ORIENTED_EDGE('',*,*,#3761,.F.);
#2558=ORIENTED_EDGE('',*,*,#4414,.F.);
#2559=ORIENTED_EDGE('',*,*,#4182,.F.);
#2560=ORIENTED_EDGE('',*,*,#4418,.F.);
#2561=ORIENTED_EDGE('',*,*,#3763,.F.);
#2562=ORIENTED_EDGE('',*,*,#4419,.F.);
#2563=ORIENTED_EDGE('',*,*,#4180,.F.);
#2564=ORIENTED_EDGE('',*,*,#4420,.F.);
#2565=ORIENTED_EDGE('',*,*,#3765,.F.);
#2566=ORIENTED_EDGE('',*,*,#4421,.F.);
#2567=ORIENTED_EDGE('',*,*,#4178,.F.);
#2568=ORIENTED_EDGE('',*,*,#4422,.F.);
#2569=ORIENTED_EDGE('',*,*,#3767,.F.);
#2570=ORIENTED_EDGE('',*,*,#4423,.F.);
#2571=ORIENTED_EDGE('',*,*,#4192,.F.);
#2572=ORIENTED_EDGE('',*,*,#4424,.F.);
#2573=ORIENTED_EDGE('',*,*,#3769,.F.);
#2574=ORIENTED_EDGE('',*,*,#4425,.F.);
#2575=ORIENTED_EDGE('',*,*,#4190,.F.);
#2576=ORIENTED_EDGE('',*,*,#4188,.T.);
#2577=ORIENTED_EDGE('',*,*,#4426,.F.);
#2578=ORIENTED_EDGE('',*,*,#3755,.T.);
#2579=ORIENTED_EDGE('',*,*,#4427,.F.);
#2580=ORIENTED_EDGE('',*,*,#4186,.T.);
#2581=ORIENTED_EDGE('',*,*,#4428,.F.);
#2582=ORIENTED_EDGE('',*,*,#3757,.T.);
#2583=ORIENTED_EDGE('',*,*,#4429,.F.);
#2584=ORIENTED_EDGE('',*,*,#4187,.T.);
#2585=ORIENTED_EDGE('',*,*,#4429,.T.);
#2586=ORIENTED_EDGE('',*,*,#3756,.T.);
#2587=ORIENTED_EDGE('',*,*,#4426,.T.);
#2588=ORIENTED_EDGE('',*,*,#4189,.T.);
#2589=ORIENTED_EDGE('',*,*,#4427,.T.);
#2590=ORIENTED_EDGE('',*,*,#3770,.T.);
#2591=ORIENTED_EDGE('',*,*,#4424,.T.);
#2592=ORIENTED_EDGE('',*,*,#4191,.T.);
#2593=ORIENTED_EDGE('',*,*,#4425,.T.);
#2594=ORIENTED_EDGE('',*,*,#3768,.T.);
#2595=ORIENTED_EDGE('',*,*,#4422,.T.);
#2596=ORIENTED_EDGE('',*,*,#4177,.T.);
#2597=ORIENTED_EDGE('',*,*,#4423,.T.);
#2598=ORIENTED_EDGE('',*,*,#3766,.T.);
#2599=ORIENTED_EDGE('',*,*,#4420,.T.);
#2600=ORIENTED_EDGE('',*,*,#4179,.T.);
#2601=ORIENTED_EDGE('',*,*,#4421,.T.);
#2602=ORIENTED_EDGE('',*,*,#3764,.T.);
#2603=ORIENTED_EDGE('',*,*,#4418,.T.);
#2604=ORIENTED_EDGE('',*,*,#4181,.T.);
#2605=ORIENTED_EDGE('',*,*,#4419,.T.);
#2606=ORIENTED_EDGE('',*,*,#3762,.T.);
#2607=ORIENTED_EDGE('',*,*,#4417,.T.);
#2608=ORIENTED_EDGE('',*,*,#4185,.T.);
#2609=ORIENTED_EDGE('',*,*,#4416,.T.);
#2610=ORIENTED_EDGE('',*,*,#3758,.T.);
#2611=ORIENTED_EDGE('',*,*,#4428,.T.);
#2612=ORIENTED_EDGE('',*,*,#4430,.F.);
#2613=ORIENTED_EDGE('',*,*,#3683,.F.);
#2614=ORIENTED_EDGE('',*,*,#4431,.F.);
#2615=ORIENTED_EDGE('',*,*,#4258,.F.);
#2616=ORIENTED_EDGE('',*,*,#4432,.F.);
#2617=ORIENTED_EDGE('',*,*,#3685,.F.);
#2618=ORIENTED_EDGE('',*,*,#4433,.F.);
#2619=ORIENTED_EDGE('',*,*,#4256,.F.);
#2620=ORIENTED_EDGE('',*,*,#4434,.F.);
#2621=ORIENTED_EDGE('',*,*,#3687,.F.);
#2622=ORIENTED_EDGE('',*,*,#4435,.F.);
#2623=ORIENTED_EDGE('',*,*,#4254,.F.);
#2624=ORIENTED_EDGE('',*,*,#4436,.F.);
#2625=ORIENTED_EDGE('',*,*,#3689,.F.);
#2626=ORIENTED_EDGE('',*,*,#4437,.F.);
#2627=ORIENTED_EDGE('',*,*,#4252,.F.);
#2628=ORIENTED_EDGE('',*,*,#4438,.F.);
#2629=ORIENTED_EDGE('',*,*,#3691,.F.);
#2630=ORIENTED_EDGE('',*,*,#4439,.F.);
#2631=ORIENTED_EDGE('',*,*,#4264,.F.);
#2632=ORIENTED_EDGE('',*,*,#4262,.T.);
#2633=ORIENTED_EDGE('',*,*,#4440,.F.);
#2634=ORIENTED_EDGE('',*,*,#3679,.T.);
#2635=ORIENTED_EDGE('',*,*,#4441,.F.);
#2636=ORIENTED_EDGE('',*,*,#4442,.F.);
#2637=ORIENTED_EDGE('',*,*,#3681,.F.);
#2638=ORIENTED_EDGE('',*,*,#4443,.F.);
#2639=ORIENTED_EDGE('',*,*,#4260,.F.);
#2640=ORIENTED_EDGE('',*,*,#4261,.T.);
#2641=ORIENTED_EDGE('',*,*,#4443,.T.);
#2642=ORIENTED_EDGE('',*,*,#3680,.T.);
#2643=ORIENTED_EDGE('',*,*,#4440,.T.);
#2644=ORIENTED_EDGE('',*,*,#4263,.T.);
#2645=ORIENTED_EDGE('',*,*,#4441,.T.);
#2646=ORIENTED_EDGE('',*,*,#3692,.T.);
#2647=ORIENTED_EDGE('',*,*,#4438,.T.);
#2648=ORIENTED_EDGE('',*,*,#4251,.T.);
#2649=ORIENTED_EDGE('',*,*,#4439,.T.);
#2650=ORIENTED_EDGE('',*,*,#3690,.T.);
#2651=ORIENTED_EDGE('',*,*,#4436,.T.);
#2652=ORIENTED_EDGE('',*,*,#4253,.T.);
#2653=ORIENTED_EDGE('',*,*,#4437,.T.);
#2654=ORIENTED_EDGE('',*,*,#3688,.T.);
#2655=ORIENTED_EDGE('',*,*,#4434,.T.);
#2656=ORIENTED_EDGE('',*,*,#4255,.T.);
#2657=ORIENTED_EDGE('',*,*,#4435,.T.);
#2658=ORIENTED_EDGE('',*,*,#3686,.T.);
#2659=ORIENTED_EDGE('',*,*,#4432,.T.);
#2660=ORIENTED_EDGE('',*,*,#4257,.T.);
#2661=ORIENTED_EDGE('',*,*,#4433,.T.);
#2662=ORIENTED_EDGE('',*,*,#3684,.T.);
#2663=ORIENTED_EDGE('',*,*,#4430,.T.);
#2664=ORIENTED_EDGE('',*,*,#4259,.T.);
#2665=ORIENTED_EDGE('',*,*,#4431,.T.);
#2666=ORIENTED_EDGE('',*,*,#3682,.T.);
#2667=ORIENTED_EDGE('',*,*,#4442,.T.);
#2668=ORIENTED_EDGE('',*,*,#4444,.F.);
#2669=ORIENTED_EDGE('',*,*,#3776,.F.);
#2670=ORIENTED_EDGE('',*,*,#4445,.F.);
#2671=ORIENTED_EDGE('',*,*,#4168,.F.);
#2672=ORIENTED_EDGE('',*,*,#4446,.F.);
#2673=ORIENTED_EDGE('',*,*,#3778,.F.);
#2674=ORIENTED_EDGE('',*,*,#4447,.F.);
#2675=ORIENTED_EDGE('',*,*,#4166,.F.);
#2676=ORIENTED_EDGE('',*,*,#4448,.F.);
#2677=ORIENTED_EDGE('',*,*,#3780,.F.);
#2678=ORIENTED_EDGE('',*,*,#4449,.F.);
#2679=ORIENTED_EDGE('',*,*,#4164,.F.);
#2680=ORIENTED_EDGE('',*,*,#4162,.T.);
#2681=ORIENTED_EDGE('',*,*,#4450,.F.);
#2682=ORIENTED_EDGE('',*,*,#3782,.T.);
#2683=ORIENTED_EDGE('',*,*,#4451,.F.);
#2684=ORIENTED_EDGE('',*,*,#4452,.F.);
#2685=ORIENTED_EDGE('',*,*,#3784,.F.);
#2686=ORIENTED_EDGE('',*,*,#4453,.F.);
#2687=ORIENTED_EDGE('',*,*,#4175,.F.);
#2688=ORIENTED_EDGE('',*,*,#4454,.T.);
#2689=ORIENTED_EDGE('',*,*,#3771,.F.);
#2690=ORIENTED_EDGE('',*,*,#4455,.F.);
#2691=ORIENTED_EDGE('',*,*,#4173,.F.);
#2692=ORIENTED_EDGE('',*,*,#4456,.F.);
#2693=ORIENTED_EDGE('',*,*,#3772,.F.);
#2694=ORIENTED_EDGE('',*,*,#4454,.F.);
#2695=ORIENTED_EDGE('',*,*,#4172,.F.);
#2696=ORIENTED_EDGE('',*,*,#4457,.F.);
#2697=ORIENTED_EDGE('',*,*,#3774,.F.);
#2698=ORIENTED_EDGE('',*,*,#4458,.F.);
#2699=ORIENTED_EDGE('',*,*,#4170,.F.);
#2700=ORIENTED_EDGE('',*,*,#4171,.T.);
#2701=ORIENTED_EDGE('',*,*,#4458,.T.);
#2702=ORIENTED_EDGE('',*,*,#3773,.T.);
#2703=ORIENTED_EDGE('',*,*,#4456,.T.);
#2704=ORIENTED_EDGE('',*,*,#4174,.T.);
#2705=ORIENTED_EDGE('',*,*,#4455,.T.);
#2706=ORIENTED_EDGE('',*,*,#3785,.T.);
#2707=ORIENTED_EDGE('',*,*,#4452,.T.);
#2708=ORIENTED_EDGE('',*,*,#4176,.T.);
#2709=ORIENTED_EDGE('',*,*,#4453,.T.);
#2710=ORIENTED_EDGE('',*,*,#3783,.T.);
#2711=ORIENTED_EDGE('',*,*,#4450,.T.);
#2712=ORIENTED_EDGE('',*,*,#4163,.T.);
#2713=ORIENTED_EDGE('',*,*,#4451,.T.);
#2714=ORIENTED_EDGE('',*,*,#3781,.T.);
#2715=ORIENTED_EDGE('',*,*,#4448,.T.);
#2716=ORIENTED_EDGE('',*,*,#4165,.T.);
#2717=ORIENTED_EDGE('',*,*,#4449,.T.);
#2718=ORIENTED_EDGE('',*,*,#3779,.T.);
#2719=ORIENTED_EDGE('',*,*,#4446,.T.);
#2720=ORIENTED_EDGE('',*,*,#4167,.T.);
#2721=ORIENTED_EDGE('',*,*,#4447,.T.);
#2722=ORIENTED_EDGE('',*,*,#3777,.T.);
#2723=ORIENTED_EDGE('',*,*,#4444,.T.);
#2724=ORIENTED_EDGE('',*,*,#4169,.T.);
#2725=ORIENTED_EDGE('',*,*,#4445,.T.);
#2726=ORIENTED_EDGE('',*,*,#3775,.T.);
#2727=ORIENTED_EDGE('',*,*,#4457,.T.);
#2728=ORIENTED_EDGE('',*,*,#4459,.T.);
#2729=ORIENTED_EDGE('',*,*,#3797,.T.);
#2730=ORIENTED_EDGE('',*,*,#4460,.T.);
#2731=ORIENTED_EDGE('',*,*,#4144,.F.);
#2732=ORIENTED_EDGE('',*,*,#4461,.T.);
#2733=ORIENTED_EDGE('',*,*,#3787,.T.);
#2734=ORIENTED_EDGE('',*,*,#4462,.T.);
#2735=ORIENTED_EDGE('',*,*,#4154,.F.);
#2736=ORIENTED_EDGE('',*,*,#4463,.F.);
#2737=ORIENTED_EDGE('',*,*,#3790,.F.);
#2738=ORIENTED_EDGE('',*,*,#4464,.F.);
#2739=ORIENTED_EDGE('',*,*,#4151,.F.);
#2740=ORIENTED_EDGE('',*,*,#4465,.F.);
#2741=ORIENTED_EDGE('',*,*,#3792,.F.);
#2742=ORIENTED_EDGE('',*,*,#4466,.F.);
#2743=ORIENTED_EDGE('',*,*,#4149,.F.);
#2744=ORIENTED_EDGE('',*,*,#4467,.F.);
#2745=ORIENTED_EDGE('',*,*,#3794,.F.);
#2746=ORIENTED_EDGE('',*,*,#4468,.F.);
#2747=ORIENTED_EDGE('',*,*,#4147,.F.);
#2748=ORIENTED_EDGE('',*,*,#4460,.F.);
#2749=ORIENTED_EDGE('',*,*,#3796,.F.);
#2750=ORIENTED_EDGE('',*,*,#4469,.F.);
#2751=ORIENTED_EDGE('',*,*,#4145,.F.);
#2752=ORIENTED_EDGE('',*,*,#4470,.F.);
#2753=ORIENTED_EDGE('',*,*,#3798,.F.);
#2754=ORIENTED_EDGE('',*,*,#4459,.F.);
#2755=ORIENTED_EDGE('',*,*,#4143,.F.);
#2756=ORIENTED_EDGE('',*,*,#4471,.F.);
#2757=ORIENTED_EDGE('',*,*,#3800,.F.);
#2758=ORIENTED_EDGE('',*,*,#4472,.F.);
#2759=ORIENTED_EDGE('',*,*,#4161,.F.);
#2760=ORIENTED_EDGE('',*,*,#4473,.F.);
#2761=ORIENTED_EDGE('',*,*,#3802,.F.);
#2762=ORIENTED_EDGE('',*,*,#4474,.F.);
#2763=ORIENTED_EDGE('',*,*,#4159,.F.);
#2764=ORIENTED_EDGE('',*,*,#4157,.T.);
#2765=ORIENTED_EDGE('',*,*,#4475,.F.);
#2766=ORIENTED_EDGE('',*,*,#3804,.T.);
#2767=ORIENTED_EDGE('',*,*,#4476,.F.);
#2768=ORIENTED_EDGE('',*,*,#4155,.T.);
#2769=ORIENTED_EDGE('',*,*,#4462,.F.);
#2770=ORIENTED_EDGE('',*,*,#3786,.T.);
#2771=ORIENTED_EDGE('',*,*,#4477,.F.);
#2772=ORIENTED_EDGE('',*,*,#4153,.T.);
#2773=ORIENTED_EDGE('',*,*,#4478,.F.);
#2774=ORIENTED_EDGE('',*,*,#3788,.T.);
#2775=ORIENTED_EDGE('',*,*,#4461,.F.);
#2776=ORIENTED_EDGE('',*,*,#4156,.T.);
#2777=ORIENTED_EDGE('',*,*,#4477,.T.);
#2778=ORIENTED_EDGE('',*,*,#3805,.T.);
#2779=ORIENTED_EDGE('',*,*,#4475,.T.);
#2780=ORIENTED_EDGE('',*,*,#4158,.T.);
#2781=ORIENTED_EDGE('',*,*,#4476,.T.);
#2782=ORIENTED_EDGE('',*,*,#3803,.T.);
#2783=ORIENTED_EDGE('',*,*,#4473,.T.);
#2784=ORIENTED_EDGE('',*,*,#4160,.T.);
#2785=ORIENTED_EDGE('',*,*,#4474,.T.);
#2786=ORIENTED_EDGE('',*,*,#3801,.T.);
#2787=ORIENTED_EDGE('',*,*,#4471,.T.);
#2788=ORIENTED_EDGE('',*,*,#4142,.T.);
#2789=ORIENTED_EDGE('',*,*,#4472,.T.);
#2790=ORIENTED_EDGE('',*,*,#3799,.T.);
#2791=ORIENTED_EDGE('',*,*,#4470,.T.);
#2792=ORIENTED_EDGE('',*,*,#4146,.T.);
#2793=ORIENTED_EDGE('',*,*,#4469,.T.);
#2794=ORIENTED_EDGE('',*,*,#3795,.T.);
#2795=ORIENTED_EDGE('',*,*,#4467,.T.);
#2796=ORIENTED_EDGE('',*,*,#4148,.T.);
#2797=ORIENTED_EDGE('',*,*,#4468,.T.);
#2798=ORIENTED_EDGE('',*,*,#3793,.T.);
#2799=ORIENTED_EDGE('',*,*,#4465,.T.);
#2800=ORIENTED_EDGE('',*,*,#4150,.T.);
#2801=ORIENTED_EDGE('',*,*,#4466,.T.);
#2802=ORIENTED_EDGE('',*,*,#3791,.T.);
#2803=ORIENTED_EDGE('',*,*,#4463,.T.);
#2804=ORIENTED_EDGE('',*,*,#4152,.T.);
#2805=ORIENTED_EDGE('',*,*,#4464,.T.);
#2806=ORIENTED_EDGE('',*,*,#3789,.T.);
#2807=ORIENTED_EDGE('',*,*,#4478,.T.);
#2808=ORIENTED_EDGE('',*,*,#4479,.F.);
#2809=ORIENTED_EDGE('',*,*,#3673,.F.);
#2810=ORIENTED_EDGE('',*,*,#4480,.F.);
#2811=ORIENTED_EDGE('',*,*,#4272,.F.);
#2812=ORIENTED_EDGE('',*,*,#4481,.F.);
#2813=ORIENTED_EDGE('',*,*,#3675,.F.);
#2814=ORIENTED_EDGE('',*,*,#4482,.F.);
#2815=ORIENTED_EDGE('',*,*,#4270,.F.);
#2816=ORIENTED_EDGE('',*,*,#4483,.F.);
#2817=ORIENTED_EDGE('',*,*,#3677,.F.);
#2818=ORIENTED_EDGE('',*,*,#4484,.F.);
#2819=ORIENTED_EDGE('',*,*,#4268,.F.);
#2820=ORIENTED_EDGE('',*,*,#4485,.F.);
#2821=ORIENTED_EDGE('',*,*,#3669,.F.);
#2822=ORIENTED_EDGE('',*,*,#4486,.F.);
#2823=ORIENTED_EDGE('',*,*,#4266,.F.);
#2824=ORIENTED_EDGE('',*,*,#4487,.F.);
#2825=ORIENTED_EDGE('',*,*,#3671,.F.);
#2826=ORIENTED_EDGE('',*,*,#4488,.F.);
#2827=ORIENTED_EDGE('',*,*,#4274,.F.);
#2828=ORIENTED_EDGE('',*,*,#4273,.T.);
#2829=ORIENTED_EDGE('',*,*,#4480,.T.);
#2830=ORIENTED_EDGE('',*,*,#3672,.T.);
#2831=ORIENTED_EDGE('',*,*,#4487,.T.);
#2832=ORIENTED_EDGE('',*,*,#4265,.T.);
#2833=ORIENTED_EDGE('',*,*,#4488,.T.);
#2834=ORIENTED_EDGE('',*,*,#3670,.T.);
#2835=ORIENTED_EDGE('',*,*,#4485,.T.);
#2836=ORIENTED_EDGE('',*,*,#4267,.T.);
#2837=ORIENTED_EDGE('',*,*,#4486,.T.);
#2838=ORIENTED_EDGE('',*,*,#3678,.T.);
#2839=ORIENTED_EDGE('',*,*,#4483,.T.);
#2840=ORIENTED_EDGE('',*,*,#4269,.T.);
#2841=ORIENTED_EDGE('',*,*,#4484,.T.);
#2842=ORIENTED_EDGE('',*,*,#3676,.T.);
#2843=ORIENTED_EDGE('',*,*,#4481,.T.);
#2844=ORIENTED_EDGE('',*,*,#4271,.T.);
#2845=ORIENTED_EDGE('',*,*,#4482,.T.);
#2846=ORIENTED_EDGE('',*,*,#3674,.T.);
#2847=ORIENTED_EDGE('',*,*,#4479,.T.);
#2848=ORIENTED_EDGE('',*,*,#4489,.T.);
#2849=ORIENTED_EDGE('',*,*,#3821,.T.);
#2850=ORIENTED_EDGE('',*,*,#4490,.T.);
#2851=ORIENTED_EDGE('',*,*,#4128,.F.);
#2852=ORIENTED_EDGE('',*,*,#4135,.T.);
#2853=ORIENTED_EDGE('',*,*,#4491,.F.);
#2854=ORIENTED_EDGE('',*,*,#3814,.T.);
#2855=ORIENTED_EDGE('',*,*,#4492,.F.);
#2856=ORIENTED_EDGE('',*,*,#4133,.T.);
#2857=ORIENTED_EDGE('',*,*,#4493,.F.);
#2858=ORIENTED_EDGE('',*,*,#3816,.T.);
#2859=ORIENTED_EDGE('',*,*,#4494,.F.);
#2860=ORIENTED_EDGE('',*,*,#4131,.T.);
#2861=ORIENTED_EDGE('',*,*,#4495,.F.);
#2862=ORIENTED_EDGE('',*,*,#3818,.T.);
#2863=ORIENTED_EDGE('',*,*,#4496,.F.);
#2864=ORIENTED_EDGE('',*,*,#4129,.T.);
#2865=ORIENTED_EDGE('',*,*,#4490,.F.);
#2866=ORIENTED_EDGE('',*,*,#3820,.T.);
#2867=ORIENTED_EDGE('',*,*,#4497,.F.);
#2868=ORIENTED_EDGE('',*,*,#4127,.T.);
#2869=ORIENTED_EDGE('',*,*,#4498,.F.);
#2870=ORIENTED_EDGE('',*,*,#3806,.T.);
#2871=ORIENTED_EDGE('',*,*,#4489,.F.);
#2872=ORIENTED_EDGE('',*,*,#4499,.F.);
#2873=ORIENTED_EDGE('',*,*,#3808,.F.);
#2874=ORIENTED_EDGE('',*,*,#4500,.F.);
#2875=ORIENTED_EDGE('',*,*,#4141,.F.);
#2876=ORIENTED_EDGE('',*,*,#4501,.F.);
#2877=ORIENTED_EDGE('',*,*,#3810,.F.);
#2878=ORIENTED_EDGE('',*,*,#4502,.F.);
#2879=ORIENTED_EDGE('',*,*,#4139,.F.);
#2880=ORIENTED_EDGE('',*,*,#4137,.T.);
#2881=ORIENTED_EDGE('',*,*,#4503,.F.);
#2882=ORIENTED_EDGE('',*,*,#3812,.T.);
#2883=ORIENTED_EDGE('',*,*,#4504,.F.);
#2884=ORIENTED_EDGE('',*,*,#4136,.T.);
#2885=ORIENTED_EDGE('',*,*,#4492,.T.);
#2886=ORIENTED_EDGE('',*,*,#3813,.T.);
#2887=ORIENTED_EDGE('',*,*,#4503,.T.);
#2888=ORIENTED_EDGE('',*,*,#4138,.T.);
#2889=ORIENTED_EDGE('',*,*,#4504,.T.);
#2890=ORIENTED_EDGE('',*,*,#3811,.T.);
#2891=ORIENTED_EDGE('',*,*,#4501,.T.);
#2892=ORIENTED_EDGE('',*,*,#4140,.T.);
#2893=ORIENTED_EDGE('',*,*,#4502,.T.);
#2894=ORIENTED_EDGE('',*,*,#3809,.T.);
#2895=ORIENTED_EDGE('',*,*,#4499,.T.);
#2896=ORIENTED_EDGE('',*,*,#4126,.T.);
#2897=ORIENTED_EDGE('',*,*,#4500,.T.);
#2898=ORIENTED_EDGE('',*,*,#3807,.T.);
#2899=ORIENTED_EDGE('',*,*,#4498,.T.);
#2900=ORIENTED_EDGE('',*,*,#4130,.T.);
#2901=ORIENTED_EDGE('',*,*,#4497,.T.);
#2902=ORIENTED_EDGE('',*,*,#3819,.T.);
#2903=ORIENTED_EDGE('',*,*,#4495,.T.);
#2904=ORIENTED_EDGE('',*,*,#4132,.T.);
#2905=ORIENTED_EDGE('',*,*,#4496,.T.);
#2906=ORIENTED_EDGE('',*,*,#3817,.T.);
#2907=ORIENTED_EDGE('',*,*,#4493,.T.);
#2908=ORIENTED_EDGE('',*,*,#4134,.T.);
#2909=ORIENTED_EDGE('',*,*,#4494,.T.);
#2910=ORIENTED_EDGE('',*,*,#3815,.T.);
#2911=ORIENTED_EDGE('',*,*,#4491,.T.);
#2912=ORIENTED_EDGE('',*,*,#4505,.T.);
#2913=ORIENTED_EDGE('',*,*,#3839,.T.);
#2914=ORIENTED_EDGE('',*,*,#4506,.T.);
#2915=ORIENTED_EDGE('',*,*,#4110,.F.);
#2916=ORIENTED_EDGE('',*,*,#4507,.T.);
#2917=ORIENTED_EDGE('',*,*,#3829,.T.);
#2918=ORIENTED_EDGE('',*,*,#4508,.T.);
#2919=ORIENTED_EDGE('',*,*,#4120,.F.);
#2920=ORIENTED_EDGE('',*,*,#4115,.T.);
#2921=ORIENTED_EDGE('',*,*,#4509,.F.);
#2922=ORIENTED_EDGE('',*,*,#3834,.T.);
#2923=ORIENTED_EDGE('',*,*,#4510,.F.);
#2924=ORIENTED_EDGE('',*,*,#4113,.T.);
#2925=ORIENTED_EDGE('',*,*,#4511,.F.);
#2926=ORIENTED_EDGE('',*,*,#3836,.T.);
#2927=ORIENTED_EDGE('',*,*,#4512,.F.);
#2928=ORIENTED_EDGE('',*,*,#4506,.F.);
#2929=ORIENTED_EDGE('',*,*,#3838,.F.);
#2930=ORIENTED_EDGE('',*,*,#4513,.F.);
#2931=ORIENTED_EDGE('',*,*,#4111,.F.);
#2932=ORIENTED_EDGE('',*,*,#4514,.F.);
#2933=ORIENTED_EDGE('',*,*,#3840,.F.);
#2934=ORIENTED_EDGE('',*,*,#4505,.F.);
#2935=ORIENTED_EDGE('',*,*,#4109,.F.);
#2936=ORIENTED_EDGE('',*,*,#4515,.F.);
#2937=ORIENTED_EDGE('',*,*,#3822,.F.);
#2938=ORIENTED_EDGE('',*,*,#4516,.F.);
#2939=ORIENTED_EDGE('',*,*,#4107,.F.);
#2940=ORIENTED_EDGE('',*,*,#4125,.T.);
#2941=ORIENTED_EDGE('',*,*,#4517,.F.);
#2942=ORIENTED_EDGE('',*,*,#3824,.T.);
#2943=ORIENTED_EDGE('',*,*,#4518,.F.);
#2944=ORIENTED_EDGE('',*,*,#4123,.T.);
#2945=ORIENTED_EDGE('',*,*,#4519,.F.);
#2946=ORIENTED_EDGE('',*,*,#3826,.T.);
#2947=ORIENTED_EDGE('',*,*,#4520,.F.);
#2948=ORIENTED_EDGE('',*,*,#4121,.T.);
#2949=ORIENTED_EDGE('',*,*,#4508,.F.);
#2950=ORIENTED_EDGE('',*,*,#3828,.T.);
#2951=ORIENTED_EDGE('',*,*,#4521,.F.);
#2952=ORIENTED_EDGE('',*,*,#4119,.T.);
#2953=ORIENTED_EDGE('',*,*,#4522,.F.);
#2954=ORIENTED_EDGE('',*,*,#3830,.T.);
#2955=ORIENTED_EDGE('',*,*,#4507,.F.);
#2956=ORIENTED_EDGE('',*,*,#4117,.T.);
#2957=ORIENTED_EDGE('',*,*,#4523,.F.);
#2958=ORIENTED_EDGE('',*,*,#3832,.T.);
#2959=ORIENTED_EDGE('',*,*,#4524,.F.);
#2960=ORIENTED_EDGE('',*,*,#4118,.T.);
#2961=ORIENTED_EDGE('',*,*,#4524,.T.);
#2962=ORIENTED_EDGE('',*,*,#3831,.T.);
#2963=ORIENTED_EDGE('',*,*,#4522,.T.);
#2964=ORIENTED_EDGE('',*,*,#4122,.T.);
#2965=ORIENTED_EDGE('',*,*,#4521,.T.);
#2966=ORIENTED_EDGE('',*,*,#3827,.T.);
#2967=ORIENTED_EDGE('',*,*,#4519,.T.);
#2968=ORIENTED_EDGE('',*,*,#4124,.T.);
#2969=ORIENTED_EDGE('',*,*,#4520,.T.);
#2970=ORIENTED_EDGE('',*,*,#3825,.T.);
#2971=ORIENTED_EDGE('',*,*,#4517,.T.);
#2972=ORIENTED_EDGE('',*,*,#4106,.T.);
#2973=ORIENTED_EDGE('',*,*,#4518,.T.);
#2974=ORIENTED_EDGE('',*,*,#3823,.T.);
#2975=ORIENTED_EDGE('',*,*,#4515,.T.);
#2976=ORIENTED_EDGE('',*,*,#4108,.T.);
#2977=ORIENTED_EDGE('',*,*,#4516,.T.);
#2978=ORIENTED_EDGE('',*,*,#3841,.T.);
#2979=ORIENTED_EDGE('',*,*,#4514,.T.);
#2980=ORIENTED_EDGE('',*,*,#4112,.T.);
#2981=ORIENTED_EDGE('',*,*,#4513,.T.);
#2982=ORIENTED_EDGE('',*,*,#3837,.T.);
#2983=ORIENTED_EDGE('',*,*,#4511,.T.);
#2984=ORIENTED_EDGE('',*,*,#4114,.T.);
#2985=ORIENTED_EDGE('',*,*,#4512,.T.);
#2986=ORIENTED_EDGE('',*,*,#3835,.T.);
#2987=ORIENTED_EDGE('',*,*,#4509,.T.);
#2988=ORIENTED_EDGE('',*,*,#4116,.T.);
#2989=ORIENTED_EDGE('',*,*,#4510,.T.);
#2990=ORIENTED_EDGE('',*,*,#3833,.T.);
#2991=ORIENTED_EDGE('',*,*,#4523,.T.);
#2992=ORIENTED_EDGE('',*,*,#4525,.T.);
#2993=ORIENTED_EDGE('',*,*,#3845,.T.);
#2994=ORIENTED_EDGE('',*,*,#4526,.T.);
#2995=ORIENTED_EDGE('',*,*,#4104,.F.);
#2996=ORIENTED_EDGE('',*,*,#4527,.F.);
#2997=ORIENTED_EDGE('',*,*,#3850,.F.);
#2998=ORIENTED_EDGE('',*,*,#4528,.F.);
#2999=ORIENTED_EDGE('',*,*,#4099,.F.);
#3000=ORIENTED_EDGE('',*,*,#4529,.F.);
#3001=ORIENTED_EDGE('',*,*,#3852,.F.);
#3002=ORIENTED_EDGE('',*,*,#4530,.F.);
#3003=ORIENTED_EDGE('',*,*,#4097,.F.);
#3004=ORIENTED_EDGE('',*,*,#4531,.F.);
#3005=ORIENTED_EDGE('',*,*,#3842,.F.);
#3006=ORIENTED_EDGE('',*,*,#4532,.F.);
#3007=ORIENTED_EDGE('',*,*,#4095,.F.);
#3008=ORIENTED_EDGE('',*,*,#4105,.T.);
#3009=ORIENTED_EDGE('',*,*,#4526,.F.);
#3010=ORIENTED_EDGE('',*,*,#3844,.T.);
#3011=ORIENTED_EDGE('',*,*,#4533,.F.);
#3012=ORIENTED_EDGE('',*,*,#4103,.T.);
#3013=ORIENTED_EDGE('',*,*,#4534,.F.);
#3014=ORIENTED_EDGE('',*,*,#3846,.T.);
#3015=ORIENTED_EDGE('',*,*,#4525,.F.);
#3016=ORIENTED_EDGE('',*,*,#4535,.F.);
#3017=ORIENTED_EDGE('',*,*,#3848,.F.);
#3018=ORIENTED_EDGE('',*,*,#4536,.F.);
#3019=ORIENTED_EDGE('',*,*,#4101,.F.);
#3020=ORIENTED_EDGE('',*,*,#4102,.T.);
#3021=ORIENTED_EDGE('',*,*,#4536,.T.);
#3022=ORIENTED_EDGE('',*,*,#3847,.T.);
#3023=ORIENTED_EDGE('',*,*,#4534,.T.);
#3024=ORIENTED_EDGE('',*,*,#4094,.T.);
#3025=ORIENTED_EDGE('',*,*,#4533,.T.);
#3026=ORIENTED_EDGE('',*,*,#3843,.T.);
#3027=ORIENTED_EDGE('',*,*,#4531,.T.);
#3028=ORIENTED_EDGE('',*,*,#4096,.T.);
#3029=ORIENTED_EDGE('',*,*,#4532,.T.);
#3030=ORIENTED_EDGE('',*,*,#3853,.T.);
#3031=ORIENTED_EDGE('',*,*,#4529,.T.);
#3032=ORIENTED_EDGE('',*,*,#4098,.T.);
#3033=ORIENTED_EDGE('',*,*,#4530,.T.);
#3034=ORIENTED_EDGE('',*,*,#3851,.T.);
#3035=ORIENTED_EDGE('',*,*,#4527,.T.);
#3036=ORIENTED_EDGE('',*,*,#4100,.T.);
#3037=ORIENTED_EDGE('',*,*,#4528,.T.);
#3038=ORIENTED_EDGE('',*,*,#3849,.T.);
#3039=ORIENTED_EDGE('',*,*,#4535,.T.);
#3040=ORIENTED_EDGE('',*,*,#4086,.T.);
#3041=ORIENTED_EDGE('',*,*,#4537,.F.);
#3042=ORIENTED_EDGE('',*,*,#3863,.T.);
#3043=ORIENTED_EDGE('',*,*,#4538,.F.);
#3044=ORIENTED_EDGE('',*,*,#4084,.T.);
#3045=ORIENTED_EDGE('',*,*,#4539,.F.);
#3046=ORIENTED_EDGE('',*,*,#3865,.T.);
#3047=ORIENTED_EDGE('',*,*,#4540,.F.);
#3048=ORIENTED_EDGE('',*,*,#4082,.T.);
#3049=ORIENTED_EDGE('',*,*,#4541,.F.);
#3050=ORIENTED_EDGE('',*,*,#3867,.T.);
#3051=ORIENTED_EDGE('',*,*,#4542,.F.);
#3052=ORIENTED_EDGE('',*,*,#4080,.T.);
#3053=ORIENTED_EDGE('',*,*,#4543,.F.);
#3054=ORIENTED_EDGE('',*,*,#3855,.T.);
#3055=ORIENTED_EDGE('',*,*,#4544,.F.);
#3056=ORIENTED_EDGE('',*,*,#4545,.F.);
#3057=ORIENTED_EDGE('',*,*,#3857,.F.);
#3058=ORIENTED_EDGE('',*,*,#4546,.F.);
#3059=ORIENTED_EDGE('',*,*,#4092,.F.);
#3060=ORIENTED_EDGE('',*,*,#4090,.T.);
#3061=ORIENTED_EDGE('',*,*,#4547,.F.);
#3062=ORIENTED_EDGE('',*,*,#3859,.T.);
#3063=ORIENTED_EDGE('',*,*,#4548,.F.);
#3064=ORIENTED_EDGE('',*,*,#4088,.T.);
#3065=ORIENTED_EDGE('',*,*,#4549,.F.);
#3066=ORIENTED_EDGE('',*,*,#3861,.T.);
#3067=ORIENTED_EDGE('',*,*,#4550,.F.);
#3068=ORIENTED_EDGE('',*,*,#4089,.T.);
#3069=ORIENTED_EDGE('',*,*,#4550,.T.);
#3070=ORIENTED_EDGE('',*,*,#3860,.T.);
#3071=ORIENTED_EDGE('',*,*,#4547,.T.);
#3072=ORIENTED_EDGE('',*,*,#4091,.T.);
#3073=ORIENTED_EDGE('',*,*,#4548,.T.);
#3074=ORIENTED_EDGE('',*,*,#3858,.T.);
#3075=ORIENTED_EDGE('',*,*,#4545,.T.);
#3076=ORIENTED_EDGE('',*,*,#4093,.T.);
#3077=ORIENTED_EDGE('',*,*,#4546,.T.);
#3078=ORIENTED_EDGE('',*,*,#3856,.T.);
#3079=ORIENTED_EDGE('',*,*,#4543,.T.);
#3080=ORIENTED_EDGE('',*,*,#4081,.T.);
#3081=ORIENTED_EDGE('',*,*,#4544,.T.);
#3082=ORIENTED_EDGE('',*,*,#3854,.T.);
#3083=ORIENTED_EDGE('',*,*,#4541,.T.);
#3084=ORIENTED_EDGE('',*,*,#4083,.T.);
#3085=ORIENTED_EDGE('',*,*,#4542,.T.);
#3086=ORIENTED_EDGE('',*,*,#3866,.T.);
#3087=ORIENTED_EDGE('',*,*,#4539,.T.);
#3088=ORIENTED_EDGE('',*,*,#4085,.T.);
#3089=ORIENTED_EDGE('',*,*,#4540,.T.);
#3090=ORIENTED_EDGE('',*,*,#3864,.T.);
#3091=ORIENTED_EDGE('',*,*,#4537,.T.);
#3092=ORIENTED_EDGE('',*,*,#4087,.T.);
#3093=ORIENTED_EDGE('',*,*,#4538,.T.);
#3094=ORIENTED_EDGE('',*,*,#3862,.T.);
#3095=ORIENTED_EDGE('',*,*,#4549,.T.);
#3096=ORIENTED_EDGE('',*,*,#4551,.F.);
#3097=ORIENTED_EDGE('',*,*,#3872,.T.);
#3098=ORIENTED_EDGE('',*,*,#4552,.T.);
#3099=ORIENTED_EDGE('',*,*,#4077,.F.);
#3100=ORIENTED_EDGE('',*,*,#4553,.F.);
#3101=ORIENTED_EDGE('',*,*,#3876,.F.);
#3102=ORIENTED_EDGE('',*,*,#4554,.F.);
#3103=ORIENTED_EDGE('',*,*,#4073,.F.);
#3104=ORIENTED_EDGE('',*,*,#4071,.T.);
#3105=ORIENTED_EDGE('',*,*,#4555,.F.);
#3106=ORIENTED_EDGE('',*,*,#3869,.T.);
#3107=ORIENTED_EDGE('',*,*,#4556,.F.);
#3108=ORIENTED_EDGE('',*,*,#4552,.F.);
#3109=ORIENTED_EDGE('',*,*,#3871,.F.);
#3110=ORIENTED_EDGE('',*,*,#4557,.F.);
#3111=ORIENTED_EDGE('',*,*,#4078,.F.);
#3112=ORIENTED_EDGE('',*,*,#4075,.T.);
#3113=ORIENTED_EDGE('',*,*,#4558,.F.);
#3114=ORIENTED_EDGE('',*,*,#3874,.T.);
#3115=ORIENTED_EDGE('',*,*,#4559,.F.);
#3116=ORIENTED_EDGE('',*,*,#4079,.T.);
#3117=ORIENTED_EDGE('',*,*,#4557,.T.);
#3118=ORIENTED_EDGE('',*,*,#3870,.T.);
#3119=ORIENTED_EDGE('',*,*,#4555,.T.);
#3120=ORIENTED_EDGE('',*,*,#4072,.T.);
#3121=ORIENTED_EDGE('',*,*,#4556,.T.);
#3122=ORIENTED_EDGE('',*,*,#3868,.T.);
#3123=ORIENTED_EDGE('',*,*,#4553,.T.);
#3124=ORIENTED_EDGE('',*,*,#4074,.T.);
#3125=ORIENTED_EDGE('',*,*,#4554,.T.);
#3126=ORIENTED_EDGE('',*,*,#3875,.T.);
#3127=ORIENTED_EDGE('',*,*,#4558,.T.);
#3128=ORIENTED_EDGE('',*,*,#4076,.T.);
#3129=ORIENTED_EDGE('',*,*,#4559,.T.);
#3130=ORIENTED_EDGE('',*,*,#3873,.T.);
#3131=ORIENTED_EDGE('',*,*,#4551,.T.);
#3132=ORIENTED_EDGE('',*,*,#4560,.T.);
#3133=ORIENTED_EDGE('',*,*,#3887,.T.);
#3134=ORIENTED_EDGE('',*,*,#4561,.F.);
#3135=ORIENTED_EDGE('',*,*,#4062,.F.);
#3136=ORIENTED_EDGE('',*,*,#4562,.F.);
#3137=ORIENTED_EDGE('',*,*,#3888,.F.);
#3138=ORIENTED_EDGE('',*,*,#4560,.F.);
#3139=ORIENTED_EDGE('',*,*,#4061,.F.);
#3140=ORIENTED_EDGE('',*,*,#4059,.T.);
#3141=ORIENTED_EDGE('',*,*,#4563,.F.);
#3142=ORIENTED_EDGE('',*,*,#3890,.T.);
#3143=ORIENTED_EDGE('',*,*,#4564,.F.);
#3144=ORIENTED_EDGE('',*,*,#4057,.T.);
#3145=ORIENTED_EDGE('',*,*,#4565,.F.);
#3146=ORIENTED_EDGE('',*,*,#3877,.T.);
#3147=ORIENTED_EDGE('',*,*,#4566,.F.);
#3148=ORIENTED_EDGE('',*,*,#4567,.F.);
#3149=ORIENTED_EDGE('',*,*,#3879,.F.);
#3150=ORIENTED_EDGE('',*,*,#4568,.F.);
#3151=ORIENTED_EDGE('',*,*,#4070,.F.);
#3152=ORIENTED_EDGE('',*,*,#4569,.F.);
#3153=ORIENTED_EDGE('',*,*,#3881,.F.);
#3154=ORIENTED_EDGE('',*,*,#4570,.F.);
#3155=ORIENTED_EDGE('',*,*,#4068,.F.);
#3156=ORIENTED_EDGE('',*,*,#4571,.F.);
#3157=ORIENTED_EDGE('',*,*,#3883,.F.);
#3158=ORIENTED_EDGE('',*,*,#4572,.F.);
#3159=ORIENTED_EDGE('',*,*,#4066,.F.);
#3160=ORIENTED_EDGE('',*,*,#4573,.F.);
#3161=ORIENTED_EDGE('',*,*,#3885,.F.);
#3162=ORIENTED_EDGE('',*,*,#4574,.F.);
#3163=ORIENTED_EDGE('',*,*,#4064,.F.);
#3164=ORIENTED_EDGE('',*,*,#4065,.T.);
#3165=ORIENTED_EDGE('',*,*,#4574,.T.);
#3166=ORIENTED_EDGE('',*,*,#3884,.T.);
#3167=ORIENTED_EDGE('',*,*,#4571,.T.);
#3168=ORIENTED_EDGE('',*,*,#4067,.T.);
#3169=ORIENTED_EDGE('',*,*,#4572,.T.);
#3170=ORIENTED_EDGE('',*,*,#3882,.T.);
#3171=ORIENTED_EDGE('',*,*,#4569,.T.);
#3172=ORIENTED_EDGE('',*,*,#4069,.T.);
#3173=ORIENTED_EDGE('',*,*,#4570,.T.);
#3174=ORIENTED_EDGE('',*,*,#3880,.T.);
#3175=ORIENTED_EDGE('',*,*,#4567,.T.);
#3176=ORIENTED_EDGE('',*,*,#4056,.T.);
#3177=ORIENTED_EDGE('',*,*,#4568,.T.);
#3178=ORIENTED_EDGE('',*,*,#3878,.T.);
#3179=ORIENTED_EDGE('',*,*,#4565,.T.);
#3180=ORIENTED_EDGE('',*,*,#4058,.T.);
#3181=ORIENTED_EDGE('',*,*,#4566,.T.);
#3182=ORIENTED_EDGE('',*,*,#3891,.T.);
#3183=ORIENTED_EDGE('',*,*,#4563,.T.);
#3184=ORIENTED_EDGE('',*,*,#4060,.T.);
#3185=ORIENTED_EDGE('',*,*,#4564,.T.);
#3186=ORIENTED_EDGE('',*,*,#3889,.T.);
#3187=ORIENTED_EDGE('',*,*,#4562,.T.);
#3188=ORIENTED_EDGE('',*,*,#4063,.T.);
#3189=ORIENTED_EDGE('',*,*,#4561,.T.);
#3190=ORIENTED_EDGE('',*,*,#3886,.T.);
#3191=ORIENTED_EDGE('',*,*,#4573,.T.);
#3192=ORIENTED_EDGE('',*,*,#4047,.T.);
#3193=ORIENTED_EDGE('',*,*,#4575,.F.);
#3194=ORIENTED_EDGE('',*,*,#3902,.T.);
#3195=ORIENTED_EDGE('',*,*,#4576,.F.);
#3196=ORIENTED_EDGE('',*,*,#4045,.T.);
#3197=ORIENTED_EDGE('',*,*,#4577,.F.);
#3198=ORIENTED_EDGE('',*,*,#3904,.T.);
#3199=ORIENTED_EDGE('',*,*,#4578,.F.);
#3200=ORIENTED_EDGE('',*,*,#4043,.T.);
#3201=ORIENTED_EDGE('',*,*,#4579,.F.);
#3202=ORIENTED_EDGE('',*,*,#3906,.T.);
#3203=ORIENTED_EDGE('',*,*,#4580,.F.);
#3204=ORIENTED_EDGE('',*,*,#4041,.T.);
#3205=ORIENTED_EDGE('',*,*,#4581,.T.);
#3206=ORIENTED_EDGE('',*,*,#3893,.T.);
#3207=ORIENTED_EDGE('',*,*,#4582,.F.);
#3208=ORIENTED_EDGE('',*,*,#4055,.T.);
#3209=ORIENTED_EDGE('',*,*,#4583,.F.);
#3210=ORIENTED_EDGE('',*,*,#3894,.T.);
#3211=ORIENTED_EDGE('',*,*,#4581,.F.);
#3212=ORIENTED_EDGE('',*,*,#4053,.T.);
#3213=ORIENTED_EDGE('',*,*,#4584,.F.);
#3214=ORIENTED_EDGE('',*,*,#3896,.T.);
#3215=ORIENTED_EDGE('',*,*,#4585,.F.);
#3216=ORIENTED_EDGE('',*,*,#4586,.F.);
#3217=ORIENTED_EDGE('',*,*,#3898,.F.);
#3218=ORIENTED_EDGE('',*,*,#4587,.F.);
#3219=ORIENTED_EDGE('',*,*,#4051,.F.);
#3220=ORIENTED_EDGE('',*,*,#4049,.T.);
#3221=ORIENTED_EDGE('',*,*,#4588,.F.);
#3222=ORIENTED_EDGE('',*,*,#3900,.T.);
#3223=ORIENTED_EDGE('',*,*,#4589,.F.);
#3224=ORIENTED_EDGE('',*,*,#4050,.T.);
#3225=ORIENTED_EDGE('',*,*,#4589,.T.);
#3226=ORIENTED_EDGE('',*,*,#3899,.T.);
#3227=ORIENTED_EDGE('',*,*,#4586,.T.);
#3228=ORIENTED_EDGE('',*,*,#4052,.T.);
#3229=ORIENTED_EDGE('',*,*,#4587,.T.);
#3230=ORIENTED_EDGE('',*,*,#3897,.T.);
#3231=ORIENTED_EDGE('',*,*,#4584,.T.);
#3232=ORIENTED_EDGE('',*,*,#4054,.T.);
#3233=ORIENTED_EDGE('',*,*,#4585,.T.);
#3234=ORIENTED_EDGE('',*,*,#3895,.T.);
#3235=ORIENTED_EDGE('',*,*,#4583,.T.);
#3236=ORIENTED_EDGE('',*,*,#4042,.T.);
#3237=ORIENTED_EDGE('',*,*,#4582,.T.);
#3238=ORIENTED_EDGE('',*,*,#3892,.T.);
#3239=ORIENTED_EDGE('',*,*,#4579,.T.);
#3240=ORIENTED_EDGE('',*,*,#4044,.T.);
#3241=ORIENTED_EDGE('',*,*,#4580,.T.);
#3242=ORIENTED_EDGE('',*,*,#3905,.T.);
#3243=ORIENTED_EDGE('',*,*,#4577,.T.);
#3244=ORIENTED_EDGE('',*,*,#4046,.T.);
#3245=ORIENTED_EDGE('',*,*,#4578,.T.);
#3246=ORIENTED_EDGE('',*,*,#3903,.T.);
#3247=ORIENTED_EDGE('',*,*,#4575,.T.);
#3248=ORIENTED_EDGE('',*,*,#4048,.T.);
#3249=ORIENTED_EDGE('',*,*,#4576,.T.);
#3250=ORIENTED_EDGE('',*,*,#3901,.T.);
#3251=ORIENTED_EDGE('',*,*,#4588,.T.);
#3252=ORIENTED_EDGE('',*,*,#4036,.T.);
#3253=ORIENTED_EDGE('',*,*,#4590,.F.);
#3254=ORIENTED_EDGE('',*,*,#3913,.T.);
#3255=ORIENTED_EDGE('',*,*,#4591,.F.);
#3256=ORIENTED_EDGE('',*,*,#4592,.F.);
#3257=ORIENTED_EDGE('',*,*,#3907,.F.);
#3258=ORIENTED_EDGE('',*,*,#4593,.F.);
#3259=ORIENTED_EDGE('',*,*,#4034,.F.);
#3260=ORIENTED_EDGE('',*,*,#4594,.F.);
#3261=ORIENTED_EDGE('',*,*,#3909,.F.);
#3262=ORIENTED_EDGE('',*,*,#4595,.F.);
#3263=ORIENTED_EDGE('',*,*,#4040,.F.);
#3264=ORIENTED_EDGE('',*,*,#4596,.F.);
#3265=ORIENTED_EDGE('',*,*,#3911,.F.);
#3266=ORIENTED_EDGE('',*,*,#4597,.F.);
#3267=ORIENTED_EDGE('',*,*,#4038,.F.);
#3268=ORIENTED_EDGE('',*,*,#4039,.T.);
#3269=ORIENTED_EDGE('',*,*,#4597,.T.);
#3270=ORIENTED_EDGE('',*,*,#3910,.T.);
#3271=ORIENTED_EDGE('',*,*,#4594,.T.);
#3272=ORIENTED_EDGE('',*,*,#4033,.T.);
#3273=ORIENTED_EDGE('',*,*,#4595,.T.);
#3274=ORIENTED_EDGE('',*,*,#3908,.T.);
#3275=ORIENTED_EDGE('',*,*,#4592,.T.);
#3276=ORIENTED_EDGE('',*,*,#4035,.T.);
#3277=ORIENTED_EDGE('',*,*,#4593,.T.);
#3278=ORIENTED_EDGE('',*,*,#3914,.T.);
#3279=ORIENTED_EDGE('',*,*,#4590,.T.);
#3280=ORIENTED_EDGE('',*,*,#4037,.T.);
#3281=ORIENTED_EDGE('',*,*,#4591,.T.);
#3282=ORIENTED_EDGE('',*,*,#3912,.T.);
#3283=ORIENTED_EDGE('',*,*,#4596,.T.);
#3284=ORIENTED_EDGE('',*,*,#4598,.T.);
#3285=ORIENTED_EDGE('',*,*,#3915,.F.);
#3286=ORIENTED_EDGE('',*,*,#4599,.F.);
#3287=ORIENTED_EDGE('',*,*,#4276,.F.);
#3288=ORIENTED_EDGE('',*,*,#4277,.T.);
#3289=ORIENTED_EDGE('',*,*,#4599,.T.);
#3290=ORIENTED_EDGE('',*,*,#3926,.T.);
#3291=ORIENTED_EDGE('',*,*,#4600,.F.);
#3292=ORIENTED_EDGE('',*,*,#4600,.T.);
#3293=ORIENTED_EDGE('',*,*,#3925,.F.);
#3294=ORIENTED_EDGE('',*,*,#4601,.F.);
#3295=ORIENTED_EDGE('',*,*,#4278,.F.);
#3296=ORIENTED_EDGE('',*,*,#4279,.T.);
#3297=ORIENTED_EDGE('',*,*,#4601,.T.);
#3298=ORIENTED_EDGE('',*,*,#3924,.T.);
#3299=ORIENTED_EDGE('',*,*,#4602,.F.);
#3300=ORIENTED_EDGE('',*,*,#4280,.T.);
#3301=ORIENTED_EDGE('',*,*,#4602,.T.);
#3302=ORIENTED_EDGE('',*,*,#3923,.T.);
#3303=ORIENTED_EDGE('',*,*,#4603,.F.);
#3304=ORIENTED_EDGE('',*,*,#4281,.T.);
#3305=ORIENTED_EDGE('',*,*,#4603,.T.);
#3306=ORIENTED_EDGE('',*,*,#3922,.T.);
#3307=ORIENTED_EDGE('',*,*,#4604,.F.);
#3308=ORIENTED_EDGE('',*,*,#4282,.T.);
#3309=ORIENTED_EDGE('',*,*,#4604,.T.);
#3310=ORIENTED_EDGE('',*,*,#3921,.T.);
#3311=ORIENTED_EDGE('',*,*,#4605,.F.);
#3312=ORIENTED_EDGE('',*,*,#4283,.T.);
#3313=ORIENTED_EDGE('',*,*,#4605,.T.);
#3314=ORIENTED_EDGE('',*,*,#3920,.T.);
#3315=ORIENTED_EDGE('',*,*,#4606,.F.);
#3316=ORIENTED_EDGE('',*,*,#4606,.T.);
#3317=ORIENTED_EDGE('',*,*,#3919,.F.);
#3318=ORIENTED_EDGE('',*,*,#4607,.F.);
#3319=ORIENTED_EDGE('',*,*,#4284,.F.);
#3320=ORIENTED_EDGE('',*,*,#4607,.T.);
#3321=ORIENTED_EDGE('',*,*,#3918,.F.);
#3322=ORIENTED_EDGE('',*,*,#4608,.F.);
#3323=ORIENTED_EDGE('',*,*,#4285,.F.);
#3324=ORIENTED_EDGE('',*,*,#4608,.T.);
#3325=ORIENTED_EDGE('',*,*,#3917,.F.);
#3326=ORIENTED_EDGE('',*,*,#4609,.F.);
#3327=ORIENTED_EDGE('',*,*,#4286,.F.);
#3328=ORIENTED_EDGE('',*,*,#4609,.T.);
#3329=ORIENTED_EDGE('',*,*,#3916,.F.);
#3330=ORIENTED_EDGE('',*,*,#4598,.F.);
#3331=ORIENTED_EDGE('',*,*,#4275,.F.);
#3332=ORIENTED_EDGE('',*,*,#4610,.T.);
#3333=ORIENTED_EDGE('',*,*,#3653,.F.);
#3334=ORIENTED_EDGE('',*,*,#4611,.F.);
#3335=ORIENTED_EDGE('',*,*,#4288,.F.);
#3336=ORIENTED_EDGE('',*,*,#4289,.T.);
#3337=ORIENTED_EDGE('',*,*,#4611,.T.);
#3338=ORIENTED_EDGE('',*,*,#3668,.T.);
#3339=ORIENTED_EDGE('',*,*,#4612,.F.);
#3340=ORIENTED_EDGE('',*,*,#4290,.T.);
#3341=ORIENTED_EDGE('',*,*,#4612,.T.);
#3342=ORIENTED_EDGE('',*,*,#3667,.T.);
#3343=ORIENTED_EDGE('',*,*,#4613,.F.);
#3344=ORIENTED_EDGE('',*,*,#4291,.T.);
#3345=ORIENTED_EDGE('',*,*,#4613,.T.);
#3346=ORIENTED_EDGE('',*,*,#3666,.T.);
#3347=ORIENTED_EDGE('',*,*,#4614,.F.);
#3348=ORIENTED_EDGE('',*,*,#4292,.T.);
#3349=ORIENTED_EDGE('',*,*,#4614,.T.);
#3350=ORIENTED_EDGE('',*,*,#3665,.T.);
#3351=ORIENTED_EDGE('',*,*,#4615,.F.);
#3352=ORIENTED_EDGE('',*,*,#4293,.T.);
#3353=ORIENTED_EDGE('',*,*,#4615,.T.);
#3354=ORIENTED_EDGE('',*,*,#3664,.T.);
#3355=ORIENTED_EDGE('',*,*,#4616,.F.);
#3356=ORIENTED_EDGE('',*,*,#4294,.T.);
#3357=ORIENTED_EDGE('',*,*,#4616,.T.);
#3358=ORIENTED_EDGE('',*,*,#3663,.T.);
#3359=ORIENTED_EDGE('',*,*,#4617,.F.);
#3360=ORIENTED_EDGE('',*,*,#4295,.T.);
#3361=ORIENTED_EDGE('',*,*,#4617,.T.);
#3362=ORIENTED_EDGE('',*,*,#3662,.T.);
#3363=ORIENTED_EDGE('',*,*,#4618,.F.);
#3364=ORIENTED_EDGE('',*,*,#4296,.T.);
#3365=ORIENTED_EDGE('',*,*,#4618,.T.);
#3366=ORIENTED_EDGE('',*,*,#3661,.T.);
#3367=ORIENTED_EDGE('',*,*,#4619,.F.);
#3368=ORIENTED_EDGE('',*,*,#4297,.T.);
#3369=ORIENTED_EDGE('',*,*,#4619,.T.);
#3370=ORIENTED_EDGE('',*,*,#3660,.T.);
#3371=ORIENTED_EDGE('',*,*,#4620,.F.);
#3372=ORIENTED_EDGE('',*,*,#4620,.T.);
#3373=ORIENTED_EDGE('',*,*,#3659,.F.);
#3374=ORIENTED_EDGE('',*,*,#4621,.F.);
#3375=ORIENTED_EDGE('',*,*,#4298,.F.);
#3376=ORIENTED_EDGE('',*,*,#4621,.T.);
#3377=ORIENTED_EDGE('',*,*,#3658,.F.);
#3378=ORIENTED_EDGE('',*,*,#4622,.F.);
#3379=ORIENTED_EDGE('',*,*,#4299,.F.);
#3380=ORIENTED_EDGE('',*,*,#4622,.T.);
#3381=ORIENTED_EDGE('',*,*,#3657,.F.);
#3382=ORIENTED_EDGE('',*,*,#4623,.F.);
#3383=ORIENTED_EDGE('',*,*,#4300,.F.);
#3384=ORIENTED_EDGE('',*,*,#4623,.T.);
#3385=ORIENTED_EDGE('',*,*,#3656,.F.);
#3386=ORIENTED_EDGE('',*,*,#4624,.F.);
#3387=ORIENTED_EDGE('',*,*,#4301,.F.);
#3388=ORIENTED_EDGE('',*,*,#4624,.T.);
#3389=ORIENTED_EDGE('',*,*,#3655,.F.);
#3390=ORIENTED_EDGE('',*,*,#4625,.F.);
#3391=ORIENTED_EDGE('',*,*,#4302,.F.);
#3392=ORIENTED_EDGE('',*,*,#4625,.T.);
#3393=ORIENTED_EDGE('',*,*,#3654,.F.);
#3394=ORIENTED_EDGE('',*,*,#4610,.F.);
#3395=ORIENTED_EDGE('',*,*,#4287,.F.);
#3396=ORIENTED_EDGE('',*,*,#4031,.T.);
#3397=ORIENTED_EDGE('',*,*,#4626,.T.);
#3398=ORIENTED_EDGE('',*,*,#3936,.T.);
#3399=ORIENTED_EDGE('',*,*,#4627,.T.);
#3400=ORIENTED_EDGE('',*,*,#4628,.T.);
#3401=ORIENTED_EDGE('',*,*,#3933,.T.);
#3402=ORIENTED_EDGE('',*,*,#4629,.T.);
#3403=ORIENTED_EDGE('',*,*,#4012,.F.);
#3404=ORIENTED_EDGE('',*,*,#4627,.F.);
#3405=ORIENTED_EDGE('',*,*,#3935,.T.);
#3406=ORIENTED_EDGE('',*,*,#4630,.T.);
#3407=ORIENTED_EDGE('',*,*,#4032,.F.);
#3408=ORIENTED_EDGE('',*,*,#4631,.T.);
#3409=ORIENTED_EDGE('',*,*,#3927,.T.);
#3410=ORIENTED_EDGE('',*,*,#4632,.F.);
#3411=ORIENTED_EDGE('',*,*,#4018,.F.);
#3412=ORIENTED_EDGE('',*,*,#4633,.T.);
#3413=ORIENTED_EDGE('',*,*,#3929,.T.);
#3414=ORIENTED_EDGE('',*,*,#4634,.T.);
#3415=ORIENTED_EDGE('',*,*,#4016,.F.);
#3416=ORIENTED_EDGE('',*,*,#4013,.T.);
#3417=ORIENTED_EDGE('',*,*,#4629,.F.);
#3418=ORIENTED_EDGE('',*,*,#3932,.T.);
#3419=ORIENTED_EDGE('',*,*,#4635,.F.);
#3420=ORIENTED_EDGE('',*,*,#4011,.T.);
#3421=ORIENTED_EDGE('',*,*,#4630,.F.);
#3422=ORIENTED_EDGE('',*,*,#3934,.T.);
#3423=ORIENTED_EDGE('',*,*,#4628,.F.);
#3424=ORIENTED_EDGE('',*,*,#4020,.T.);
#3425=ORIENTED_EDGE('',*,*,#4636,.F.);
#3426=ORIENTED_EDGE('',*,*,#3947,.T.);
#3427=ORIENTED_EDGE('',*,*,#4637,.F.);
#3428=ORIENTED_EDGE('',*,*,#4634,.F.);
#3429=ORIENTED_EDGE('',*,*,#3928,.F.);
#3430=ORIENTED_EDGE('',*,*,#4631,.F.);
#3431=ORIENTED_EDGE('',*,*,#4017,.F.);
#3432=ORIENTED_EDGE('',*,*,#4638,.F.);
#3433=ORIENTED_EDGE('',*,*,#3930,.F.);
#3434=ORIENTED_EDGE('',*,*,#4633,.F.);
#3435=ORIENTED_EDGE('',*,*,#4015,.F.);
#3436=ORIENTED_EDGE('',*,*,#4019,.T.);
#3437=ORIENTED_EDGE('',*,*,#4632,.T.);
#3438=ORIENTED_EDGE('',*,*,#3948,.T.);
#3439=ORIENTED_EDGE('',*,*,#4636,.T.);
#3440=ORIENTED_EDGE('',*,*,#4021,.T.);
#3441=ORIENTED_EDGE('',*,*,#4637,.T.);
#3442=ORIENTED_EDGE('',*,*,#3946,.T.);
#3443=ORIENTED_EDGE('',*,*,#4639,.T.);
#3444=ORIENTED_EDGE('',*,*,#4014,.T.);
#3445=ORIENTED_EDGE('',*,*,#4635,.T.);
#3446=ORIENTED_EDGE('',*,*,#3931,.T.);
#3447=ORIENTED_EDGE('',*,*,#4638,.T.);
#3448=ORIENTED_EDGE('',*,*,#4030,.T.);
#3449=ORIENTED_EDGE('',*,*,#4640,.T.);
#3450=ORIENTED_EDGE('',*,*,#3937,.T.);
#3451=ORIENTED_EDGE('',*,*,#4626,.F.);
#3452=ORIENTED_EDGE('',*,*,#4641,.F.);
#3453=ORIENTED_EDGE('',*,*,#3942,.T.);
#3454=ORIENTED_EDGE('',*,*,#4642,.T.);
#3455=ORIENTED_EDGE('',*,*,#4025,.F.);
#3456=ORIENTED_EDGE('',*,*,#4023,.T.);
#3457=ORIENTED_EDGE('',*,*,#4643,.F.);
#3458=ORIENTED_EDGE('',*,*,#3944,.T.);
#3459=ORIENTED_EDGE('',*,*,#4644,.F.);
#3460=ORIENTED_EDGE('',*,*,#4645,.T.);
#3461=ORIENTED_EDGE('',*,*,#3938,.T.);
#3462=ORIENTED_EDGE('',*,*,#4640,.F.);
#3463=ORIENTED_EDGE('',*,*,#4029,.F.);
#3464=ORIENTED_EDGE('',*,*,#4026,.T.);
#3465=ORIENTED_EDGE('',*,*,#4642,.F.);
#3466=ORIENTED_EDGE('',*,*,#3941,.T.);
#3467=ORIENTED_EDGE('',*,*,#4646,.F.);
#3468=ORIENTED_EDGE('',*,*,#4028,.T.);
#3469=ORIENTED_EDGE('',*,*,#4647,.F.);
#3470=ORIENTED_EDGE('',*,*,#3939,.T.);
#3471=ORIENTED_EDGE('',*,*,#4645,.F.);
#3472=ORIENTED_EDGE('',*,*,#4024,.T.);
#3473=ORIENTED_EDGE('',*,*,#4644,.T.);
#3474=ORIENTED_EDGE('',*,*,#3943,.T.);
#3475=ORIENTED_EDGE('',*,*,#4641,.T.);
#3476=ORIENTED_EDGE('',*,*,#4027,.T.);
#3477=ORIENTED_EDGE('',*,*,#4646,.T.);
#3478=ORIENTED_EDGE('',*,*,#3940,.T.);
#3479=ORIENTED_EDGE('',*,*,#4647,.T.);
#3480=ORIENTED_EDGE('',*,*,#4022,.T.);
#3481=ORIENTED_EDGE('',*,*,#4639,.F.);
#3482=ORIENTED_EDGE('',*,*,#3945,.T.);
#3483=ORIENTED_EDGE('',*,*,#4643,.T.);
#3484=ORIENTED_EDGE('',*,*,#4648,.F.);
#3485=ORIENTED_EDGE('',*,*,#3648,.F.);
#3486=ORIENTED_EDGE('',*,*,#4649,.F.);
#3487=ORIENTED_EDGE('',*,*,#4311,.F.);
#3488=ORIENTED_EDGE('',*,*,#4650,.F.);
#3489=ORIENTED_EDGE('',*,*,#3650,.F.);
#3490=ORIENTED_EDGE('',*,*,#4651,.F.);
#3491=ORIENTED_EDGE('',*,*,#4309,.F.);
#3492=ORIENTED_EDGE('',*,*,#4652,.F.);
#3493=ORIENTED_EDGE('',*,*,#3645,.F.);
#3494=ORIENTED_EDGE('',*,*,#4653,.F.);
#3495=ORIENTED_EDGE('',*,*,#4305,.F.);
#3496=ORIENTED_EDGE('',*,*,#4654,.F.);
#3497=ORIENTED_EDGE('',*,*,#3646,.T.);
#3498=ORIENTED_EDGE('',*,*,#4652,.T.);
#3499=ORIENTED_EDGE('',*,*,#4304,.F.);
#3500=ORIENTED_EDGE('',*,*,#4655,.F.);
#3501=ORIENTED_EDGE('',*,*,#3652,.T.);
#3502=ORIENTED_EDGE('',*,*,#4656,.F.);
#3503=ORIENTED_EDGE('',*,*,#4307,.F.);
#3504=ORIENTED_EDGE('',*,*,#4310,.T.);
#3505=ORIENTED_EDGE('',*,*,#4651,.T.);
#3506=ORIENTED_EDGE('',*,*,#3649,.T.);
#3507=ORIENTED_EDGE('',*,*,#4648,.T.);
#3508=ORIENTED_EDGE('',*,*,#4306,.T.);
#3509=ORIENTED_EDGE('',*,*,#4653,.T.);
#3510=ORIENTED_EDGE('',*,*,#3644,.T.);
#3511=ORIENTED_EDGE('',*,*,#4655,.T.);
#3512=ORIENTED_EDGE('',*,*,#4303,.T.);
#3513=ORIENTED_EDGE('',*,*,#4649,.T.);
#3514=ORIENTED_EDGE('',*,*,#3647,.T.);
#3515=ORIENTED_EDGE('',*,*,#4654,.T.);
#3516=ORIENTED_EDGE('',*,*,#4308,.T.);
#3517=ORIENTED_EDGE('',*,*,#4656,.T.);
#3518=ORIENTED_EDGE('',*,*,#3651,.T.);
#3519=ORIENTED_EDGE('',*,*,#4650,.T.);
#3520=ORIENTED_EDGE('',*,*,#3989,.T.);
#3521=ORIENTED_EDGE('',*,*,#4657,.T.);
#3522=ORIENTED_EDGE('',*,*,#3954,.T.);
#3523=ORIENTED_EDGE('',*,*,#4658,.T.);
#3524=ORIENTED_EDGE('',*,*,#4659,.T.);
#3525=ORIENTED_EDGE('',*,*,#3949,.T.);
#3526=ORIENTED_EDGE('',*,*,#4660,.F.);
#3527=ORIENTED_EDGE('',*,*,#3994,.F.);
#3528=ORIENTED_EDGE('',*,*,#4661,.F.);
#3529=ORIENTED_EDGE('',*,*,#3969,.F.);
#3530=ORIENTED_EDGE('',*,*,#4662,.F.);
#3531=ORIENTED_EDGE('',*,*,#3996,.F.);
#3532=ORIENTED_EDGE('',*,*,#4658,.F.);
#3533=ORIENTED_EDGE('',*,*,#3953,.T.);
#3534=ORIENTED_EDGE('',*,*,#4663,.T.);
#3535=ORIENTED_EDGE('',*,*,#3990,.F.);
#3536=ORIENTED_EDGE('',*,*,#4663,.F.);
#3537=ORIENTED_EDGE('',*,*,#3952,.F.);
#3538=ORIENTED_EDGE('',*,*,#4664,.F.);
#3539=ORIENTED_EDGE('',*,*,#3991,.F.);
#3540=ORIENTED_EDGE('',*,*,#4665,.F.);
#3541=ORIENTED_EDGE('',*,*,#3950,.F.);
#3542=ORIENTED_EDGE('',*,*,#4659,.F.);
#3543=ORIENTED_EDGE('',*,*,#3993,.F.);
#3544=ORIENTED_EDGE('',*,*,#3992,.T.);
#3545=ORIENTED_EDGE('',*,*,#4664,.T.);
#3546=ORIENTED_EDGE('',*,*,#3951,.T.);
#3547=ORIENTED_EDGE('',*,*,#4665,.T.);
#3548=ORIENTED_EDGE('',*,*,#3995,.T.);
#3549=ORIENTED_EDGE('',*,*,#4660,.T.);
#3550=ORIENTED_EDGE('',*,*,#3970,.T.);
#3551=ORIENTED_EDGE('',*,*,#4661,.T.);
#3552=ORIENTED_EDGE('',*,*,#3997,.T.);
#3553=ORIENTED_EDGE('',*,*,#4662,.T.);
#3554=ORIENTED_EDGE('',*,*,#3968,.T.);
#3555=ORIENTED_EDGE('',*,*,#4666,.T.);
#3556=ORIENTED_EDGE('',*,*,#4010,.T.);
#3557=ORIENTED_EDGE('',*,*,#4667,.T.);
#3558=ORIENTED_EDGE('',*,*,#3955,.T.);
#3559=ORIENTED_EDGE('',*,*,#4657,.F.);
#3560=ORIENTED_EDGE('',*,*,#4668,.T.);
#3561=ORIENTED_EDGE('',*,*,#3956,.T.);
#3562=ORIENTED_EDGE('',*,*,#4667,.F.);
#3563=ORIENTED_EDGE('',*,*,#4009,.F.);
#3564=ORIENTED_EDGE('',*,*,#4669,.T.);
#3565=ORIENTED_EDGE('',*,*,#3958,.T.);
#3566=ORIENTED_EDGE('',*,*,#4670,.T.);
#3567=ORIENTED_EDGE('',*,*,#4007,.F.);
#3568=ORIENTED_EDGE('',*,*,#4671,.T.);
#3569=ORIENTED_EDGE('',*,*,#3962,.T.);
#3570=ORIENTED_EDGE('',*,*,#4672,.T.);
#3571=ORIENTED_EDGE('',*,*,#4003,.F.);
#3572=ORIENTED_EDGE('',*,*,#4673,.F.);
#3573=ORIENTED_EDGE('',*,*,#3964,.T.);
#3574=ORIENTED_EDGE('',*,*,#4674,.T.);
#3575=ORIENTED_EDGE('',*,*,#4001,.F.);
#3576=ORIENTED_EDGE('',*,*,#4670,.F.);
#3577=ORIENTED_EDGE('',*,*,#3957,.F.);
#3578=ORIENTED_EDGE('',*,*,#4668,.F.);
#3579=ORIENTED_EDGE('',*,*,#4008,.F.);
#3580=ORIENTED_EDGE('',*,*,#4675,.F.);
#3581=ORIENTED_EDGE('',*,*,#3959,.F.);
#3582=ORIENTED_EDGE('',*,*,#4669,.F.);
#3583=ORIENTED_EDGE('',*,*,#4006,.F.);
#3584=ORIENTED_EDGE('',*,*,#4004,.T.);
#3585=ORIENTED_EDGE('',*,*,#4672,.F.);
#3586=ORIENTED_EDGE('',*,*,#3961,.T.);
#3587=ORIENTED_EDGE('',*,*,#4676,.F.);
#3588=ORIENTED_EDGE('',*,*,#4002,.T.);
#3589=ORIENTED_EDGE('',*,*,#4674,.F.);
#3590=ORIENTED_EDGE('',*,*,#3963,.T.);
#3591=ORIENTED_EDGE('',*,*,#4671,.F.);
#3592=ORIENTED_EDGE('',*,*,#4677,.F.);
#3593=ORIENTED_EDGE('',*,*,#3966,.F.);
#3594=ORIENTED_EDGE('',*,*,#4678,.F.);
#3595=ORIENTED_EDGE('',*,*,#3999,.F.);
#3596=ORIENTED_EDGE('',*,*,#4005,.T.);
#3597=ORIENTED_EDGE('',*,*,#4676,.T.);
#3598=ORIENTED_EDGE('',*,*,#3960,.T.);
#3599=ORIENTED_EDGE('',*,*,#4675,.T.);
#3600=ORIENTED_EDGE('',*,*,#3998,.T.);
#3601=ORIENTED_EDGE('',*,*,#4666,.F.);
#3602=ORIENTED_EDGE('',*,*,#3967,.T.);
#3603=ORIENTED_EDGE('',*,*,#4677,.T.);
#3604=ORIENTED_EDGE('',*,*,#4000,.T.);
#3605=ORIENTED_EDGE('',*,*,#4678,.T.);
#3606=ORIENTED_EDGE('',*,*,#3965,.T.);
#3607=ORIENTED_EDGE('',*,*,#4673,.T.);
#3608=ORIENTED_EDGE('',*,*,#3986,.T.);
#3609=ORIENTED_EDGE('',*,*,#4679,.F.);
#3610=ORIENTED_EDGE('',*,*,#3973,.T.);
#3611=ORIENTED_EDGE('',*,*,#4680,.F.);
#3612=ORIENTED_EDGE('',*,*,#3988,.T.);
#3613=ORIENTED_EDGE('',*,*,#4681,.F.);
#3614=ORIENTED_EDGE('',*,*,#3971,.T.);
#3615=ORIENTED_EDGE('',*,*,#4682,.F.);
#3616=ORIENTED_EDGE('',*,*,#3983,.T.);
#3617=ORIENTED_EDGE('',*,*,#4683,.F.);
#3618=ORIENTED_EDGE('',*,*,#3976,.T.);
#3619=ORIENTED_EDGE('',*,*,#4684,.F.);
#3620=ORIENTED_EDGE('',*,*,#4685,.F.);
#3621=ORIENTED_EDGE('',*,*,#3978,.T.);
#3622=ORIENTED_EDGE('',*,*,#4686,.F.);
#3623=ORIENTED_EDGE('',*,*,#3981,.F.);
#3624=ORIENTED_EDGE('',*,*,#4684,.T.);
#3625=ORIENTED_EDGE('',*,*,#3975,.T.);
#3626=ORIENTED_EDGE('',*,*,#4687,.F.);
#3627=ORIENTED_EDGE('',*,*,#3984,.F.);
#3628=ORIENTED_EDGE('',*,*,#3987,.T.);
#3629=ORIENTED_EDGE('',*,*,#4680,.T.);
#3630=ORIENTED_EDGE('',*,*,#3972,.T.);
#3631=ORIENTED_EDGE('',*,*,#4681,.T.);
#3632=ORIENTED_EDGE('',*,*,#3980,.T.);
#3633=ORIENTED_EDGE('',*,*,#4682,.T.);
#3634=ORIENTED_EDGE('',*,*,#3979,.T.);
#3635=ORIENTED_EDGE('',*,*,#4685,.T.);
#3636=ORIENTED_EDGE('',*,*,#3982,.T.);
#3637=ORIENTED_EDGE('',*,*,#4686,.T.);
#3638=ORIENTED_EDGE('',*,*,#3977,.T.);
#3639=ORIENTED_EDGE('',*,*,#4683,.T.);
#3640=ORIENTED_EDGE('',*,*,#3985,.T.);
#3641=ORIENTED_EDGE('',*,*,#4687,.T.);
#3642=ORIENTED_EDGE('',*,*,#3974,.T.);
#3643=ORIENTED_EDGE('',*,*,#4679,.T.);
#3644=EDGE_CURVE('',#4688,#4689,#5384,.T.);
#3645=EDGE_CURVE('',#4688,#4690,#220,.T.);
#3646=EDGE_CURVE('',#4691,#4690,#5385,.F.);
#3647=EDGE_CURVE('',#4692,#4691,#5386,.T.);
#3648=EDGE_CURVE('',#4692,#4693,#200,.T.);
#3649=EDGE_CURVE('',#4694,#4693,#5387,.T.);
#3650=EDGE_CURVE('',#4694,#4695,#201,.T.);
#3651=EDGE_CURVE('',#4696,#4695,#5388,.T.);
#3652=EDGE_CURVE('',#4689,#4696,#5389,.F.);
#3653=EDGE_CURVE('',#4697,#4698,#221,.T.);
#3654=EDGE_CURVE('',#4698,#4699,#222,.T.);
#3655=EDGE_CURVE('',#4699,#4700,#223,.T.);
#3656=EDGE_CURVE('',#4700,#4701,#224,.T.);
#3657=EDGE_CURVE('',#4701,#4702,#225,.T.);
#3658=EDGE_CURVE('',#4702,#4703,#226,.T.);
#3659=EDGE_CURVE('',#4703,#4704,#227,.T.);
#3660=EDGE_CURVE('',#4705,#4704,#5390,.T.);
#3661=EDGE_CURVE('',#4706,#4705,#228,.T.);
#3662=EDGE_CURVE('',#4707,#4706,#229,.T.);
#3663=EDGE_CURVE('',#4708,#4707,#230,.T.);
#3664=EDGE_CURVE('',#4709,#4708,#231,.T.);
#3665=EDGE_CURVE('',#4710,#4709,#232,.T.);
#3666=EDGE_CURVE('',#4711,#4710,#233,.T.);
#3667=EDGE_CURVE('',#4712,#4711,#234,.T.);
#3668=EDGE_CURVE('',#4697,#4712,#5391,.T.);
#3669=EDGE_CURVE('',#4713,#4714,#235,.T.);
#3670=EDGE_CURVE('',#4715,#4714,#5392,.T.);
#3671=EDGE_CURVE('',#4715,#4716,#236,.T.);
#3672=EDGE_CURVE('',#4717,#4716,#5393,.T.);
#3673=EDGE_CURVE('',#4717,#4718,#237,.T.);
#3674=EDGE_CURVE('',#4719,#4718,#5394,.T.);
#3675=EDGE_CURVE('',#4719,#4720,#238,.T.);
#3676=EDGE_CURVE('',#4721,#4720,#5395,.T.);
#3677=EDGE_CURVE('',#4721,#4722,#239,.T.);
#3678=EDGE_CURVE('',#4713,#4722,#5396,.T.);
#3679=EDGE_CURVE('',#4723,#4724,#240,.T.);
#3680=EDGE_CURVE('',#4725,#4723,#5397,.T.);
#3681=EDGE_CURVE('',#4725,#4726,#241,.T.);
#3682=EDGE_CURVE('',#4727,#4726,#5398,.T.);
#3683=EDGE_CURVE('',#4727,#4728,#242,.T.);
#3684=EDGE_CURVE('',#4729,#4728,#5399,.T.);
#3685=EDGE_CURVE('',#4729,#4730,#243,.T.);
#3686=EDGE_CURVE('',#4731,#4730,#5400,.T.);
#3687=EDGE_CURVE('',#4731,#4732,#244,.T.);
#3688=EDGE_CURVE('',#4733,#4732,#5401,.T.);
#3689=EDGE_CURVE('',#4733,#4734,#245,.T.);
#3690=EDGE_CURVE('',#4735,#4734,#5402,.T.);
#3691=EDGE_CURVE('',#4735,#4736,#246,.T.);
#3692=EDGE_CURVE('',#4724,#4736,#5403,.T.);
#3693=EDGE_CURVE('',#4737,#4738,#247,.T.);
#3694=EDGE_CURVE('',#4739,#4737,#5404,.F.);
#3695=EDGE_CURVE('',#4740,#4739,#5405,.T.);
#3696=EDGE_CURVE('',#4741,#4740,#248,.T.);
#3697=EDGE_CURVE('',#4742,#4741,#5406,.T.);
#3698=EDGE_CURVE('',#4743,#4742,#249,.T.);
#3699=EDGE_CURVE('',#4744,#4743,#5407,.T.);
#3700=EDGE_CURVE('',#4745,#4744,#250,.T.);
#3701=EDGE_CURVE('',#4746,#4745,#5408,.T.);
#3702=EDGE_CURVE('',#4747,#4746,#251,.T.);
#3703=EDGE_CURVE('',#4748,#4747,#5409,.T.);
#3704=EDGE_CURVE('',#4748,#4749,#252,.T.);
#3705=EDGE_CURVE('',#4750,#4749,#5410,.T.);
#3706=EDGE_CURVE('',#4750,#4751,#253,.T.);
#3707=EDGE_CURVE('',#4738,#4751,#5411,.T.);
#3708=EDGE_CURVE('',#4752,#4753,#254,.T.);
#3709=EDGE_CURVE('',#4754,#4752,#5412,.T.);
#3710=EDGE_CURVE('',#4755,#4754,#255,.T.);
#3711=EDGE_CURVE('',#4756,#4755,#5413,.T.);
#3712=EDGE_CURVE('',#4757,#4756,#256,.T.);
#3713=EDGE_CURVE('',#4758,#4757,#5414,.T.);
#3714=EDGE_CURVE('',#4759,#4758,#257,.T.);
#3715=EDGE_CURVE('',#4760,#4759,#5415,.T.);
#3716=EDGE_CURVE('',#4761,#4760,#258,.T.);
#3717=EDGE_CURVE('',#4753,#4761,#5416,.T.);
#3718=EDGE_CURVE('',#4762,#4763,#5417,.T.);
#3719=EDGE_CURVE('',#4762,#4764,#5418,.F.);
#3720=EDGE_CURVE('',#4765,#4764,#5419,.F.);
#3721=EDGE_CURVE('',#4765,#4766,#259,.T.);
#3722=EDGE_CURVE('',#4767,#4766,#5420,.T.);
#3723=EDGE_CURVE('',#4768,#4767,#260,.T.);
#3724=EDGE_CURVE('',#4769,#4768,#5421,.T.);
#3725=EDGE_CURVE('',#4770,#4769,#261,.T.);
#3726=EDGE_CURVE('',#4771,#4770,#5422,.T.);
#3727=EDGE_CURVE('',#4772,#4771,#262,.T.);
#3728=EDGE_CURVE('',#4773,#4772,#5423,.T.);
#3729=EDGE_CURVE('',#4763,#4773,#263,.T.);
#3730=EDGE_CURVE('',#4774,#4775,#264,.T.);
#3731=EDGE_CURVE('',#4774,#4776,#5424,.F.);
#3732=EDGE_CURVE('',#4777,#4776,#265,.T.);
#3733=EDGE_CURVE('',#4777,#4778,#5425,.F.);
#3734=EDGE_CURVE('',#4778,#4779,#266,.T.);
#3735=EDGE_CURVE('',#4779,#4780,#5426,.F.);
#3736=EDGE_CURVE('',#4780,#4781,#267,.T.);
#3737=EDGE_CURVE('',#4781,#4775,#5427,.F.);
#3738=EDGE_CURVE('',#4782,#4783,#5428,.F.);
#3739=EDGE_CURVE('',#4784,#4782,#5429,.F.);
#3740=EDGE_CURVE('',#4785,#4784,#5430,.T.);
#3741=EDGE_CURVE('',#4785,#4786,#268,.T.);
#3742=EDGE_CURVE('',#4787,#4786,#5431,.T.);
#3743=EDGE_CURVE('',#4788,#4787,#269,.T.);
#3744=EDGE_CURVE('',#4789,#4788,#5432,.T.);
#3745=EDGE_CURVE('',#4789,#4790,#270,.T.);
#3746=EDGE_CURVE('',#4783,#4790,#5433,.T.);
#3747=EDGE_CURVE('',#4791,#4792,#271,.T.);
#3748=EDGE_CURVE('',#4793,#4791,#5434,.T.);
#3749=EDGE_CURVE('',#4793,#4794,#272,.T.);
#3750=EDGE_CURVE('',#4795,#4794,#5435,.T.);
#3751=EDGE_CURVE('',#4796,#4795,#273,.T.);
#3752=EDGE_CURVE('',#4797,#4796,#5436,.T.);
#3753=EDGE_CURVE('',#4798,#4797,#274,.T.);
#3754=EDGE_CURVE('',#4792,#4798,#5437,.T.);
#3755=EDGE_CURVE('',#4799,#4800,#275,.T.);
#3756=EDGE_CURVE('',#4801,#4799,#5438,.T.);
#3757=EDGE_CURVE('',#4802,#4801,#5439,.F.);
#3758=EDGE_CURVE('',#4803,#4802,#5440,.T.);
#3759=EDGE_CURVE('',#4803,#4804,#276,.T.);
#3760=EDGE_CURVE('',#4805,#4804,#5441,.F.);
#3761=EDGE_CURVE('',#4805,#4806,#277,.T.);
#3762=EDGE_CURVE('',#4807,#4806,#5442,.T.);
#3763=EDGE_CURVE('',#4807,#4808,#278,.T.);
#3764=EDGE_CURVE('',#4809,#4808,#5443,.T.);
#3765=EDGE_CURVE('',#4809,#4810,#279,.T.);
#3766=EDGE_CURVE('',#4811,#4810,#5444,.T.);
#3767=EDGE_CURVE('',#4811,#4812,#280,.T.);
#3768=EDGE_CURVE('',#4813,#4812,#5445,.T.);
#3769=EDGE_CURVE('',#4813,#4814,#281,.T.);
#3770=EDGE_CURVE('',#4800,#4814,#5446,.T.);
#3771=EDGE_CURVE('',#4815,#4816,#282,.T.);
#3772=EDGE_CURVE('',#4816,#4817,#5447,.F.);
#3773=EDGE_CURVE('',#4818,#4817,#5448,.T.);
#3774=EDGE_CURVE('',#4818,#4819,#283,.T.);
#3775=EDGE_CURVE('',#4820,#4819,#5449,.T.);
#3776=EDGE_CURVE('',#4820,#4821,#284,.T.);
#3777=EDGE_CURVE('',#4822,#4821,#5450,.T.);
#3778=EDGE_CURVE('',#4822,#4823,#285,.T.);
#3779=EDGE_CURVE('',#4824,#4823,#5451,.T.);
#3780=EDGE_CURVE('',#4824,#4825,#286,.T.);
#3781=EDGE_CURVE('',#4826,#4825,#5452,.T.);
#3782=EDGE_CURVE('',#4827,#4826,#287,.T.);
#3783=EDGE_CURVE('',#4828,#4827,#5453,.T.);
#3784=EDGE_CURVE('',#4828,#4829,#288,.T.);
#3785=EDGE_CURVE('',#4815,#4829,#5454,.T.);
#3786=EDGE_CURVE('',#4830,#4831,#289,.T.);
#3787=EDGE_CURVE('',#4832,#4830,#5455,.F.);
#3788=EDGE_CURVE('',#4833,#4832,#290,.T.);
#3789=EDGE_CURVE('',#4834,#4833,#5456,.T.);
#3790=EDGE_CURVE('',#4834,#4835,#291,.T.);
#3791=EDGE_CURVE('',#4836,#4835,#5457,.T.);
#3792=EDGE_CURVE('',#4836,#4837,#292,.T.);
#3793=EDGE_CURVE('',#4838,#4837,#5458,.T.);
#3794=EDGE_CURVE('',#4838,#4839,#293,.T.);
#3795=EDGE_CURVE('',#4840,#4839,#5459,.T.);
#3796=EDGE_CURVE('',#4840,#4841,#294,.T.);
#3797=EDGE_CURVE('',#4842,#4841,#5460,.F.);
#3798=EDGE_CURVE('',#4842,#4843,#295,.T.);
#3799=EDGE_CURVE('',#4844,#4843,#5461,.T.);
#3800=EDGE_CURVE('',#4844,#4845,#296,.T.);
#3801=EDGE_CURVE('',#4846,#4845,#5462,.T.);
#3802=EDGE_CURVE('',#4846,#4847,#297,.T.);
#3803=EDGE_CURVE('',#4848,#4847,#5463,.T.);
#3804=EDGE_CURVE('',#4849,#4848,#298,.T.);
#3805=EDGE_CURVE('',#4831,#4849,#5464,.T.);
#3806=EDGE_CURVE('',#4850,#4851,#299,.T.);
#3807=EDGE_CURVE('',#4852,#4850,#5465,.T.);
#3808=EDGE_CURVE('',#4852,#4853,#5466,.T.);
#3809=EDGE_CURVE('',#4854,#4853,#5467,.T.);
#3810=EDGE_CURVE('',#4854,#4855,#300,.T.);
#3811=EDGE_CURVE('',#4856,#4855,#5468,.T.);
#3812=EDGE_CURVE('',#4857,#4856,#301,.T.);
#3813=EDGE_CURVE('',#4858,#4857,#5469,.T.);
#3814=EDGE_CURVE('',#4859,#4858,#302,.T.);
#3815=EDGE_CURVE('',#4860,#4859,#5470,.T.);
#3816=EDGE_CURVE('',#4861,#4860,#303,.T.);
#3817=EDGE_CURVE('',#4862,#4861,#5471,.T.);
#3818=EDGE_CURVE('',#4863,#4862,#304,.T.);
#3819=EDGE_CURVE('',#4864,#4863,#5472,.T.);
#3820=EDGE_CURVE('',#4865,#4864,#305,.T.);
#3821=EDGE_CURVE('',#4851,#4865,#5473,.F.);
#3822=EDGE_CURVE('',#4866,#4867,#306,.T.);
#3823=EDGE_CURVE('',#4868,#4867,#5474,.T.);
#3824=EDGE_CURVE('',#4869,#4868,#307,.T.);
#3825=EDGE_CURVE('',#4870,#4869,#5475,.T.);
#3826=EDGE_CURVE('',#4871,#4870,#308,.T.);
#3827=EDGE_CURVE('',#4872,#4871,#5476,.T.);
#3828=EDGE_CURVE('',#4873,#4872,#309,.T.);
#3829=EDGE_CURVE('',#4874,#4873,#5477,.F.);
#3830=EDGE_CURVE('',#4875,#4874,#310,.T.);
#3831=EDGE_CURVE('',#4876,#4875,#5478,.T.);
#3832=EDGE_CURVE('',#4877,#4876,#311,.T.);
#3833=EDGE_CURVE('',#4878,#4877,#5479,.T.);
#3834=EDGE_CURVE('',#4879,#4878,#312,.T.);
#3835=EDGE_CURVE('',#4880,#4879,#5480,.T.);
#3836=EDGE_CURVE('',#4881,#4880,#313,.T.);
#3837=EDGE_CURVE('',#4882,#4881,#5481,.T.);
#3838=EDGE_CURVE('',#4882,#4883,#314,.T.);
#3839=EDGE_CURVE('',#4884,#4883,#5482,.F.);
#3840=EDGE_CURVE('',#4884,#4885,#315,.T.);
#3841=EDGE_CURVE('',#4866,#4885,#5483,.T.);
#3842=EDGE_CURVE('',#4886,#4887,#316,.T.);
#3843=EDGE_CURVE('',#4888,#4887,#5484,.T.);
#3844=EDGE_CURVE('',#4889,#4888,#317,.T.);
#3845=EDGE_CURVE('',#4890,#4889,#5485,.F.);
#3846=EDGE_CURVE('',#4891,#4890,#5486,.T.);
#3847=EDGE_CURVE('',#4892,#4891,#5487,.T.);
#3848=EDGE_CURVE('',#4892,#4893,#318,.T.);
#3849=EDGE_CURVE('',#4894,#4893,#5488,.T.);
#3850=EDGE_CURVE('',#4894,#4895,#319,.T.);
#3851=EDGE_CURVE('',#4896,#4895,#5489,.T.);
#3852=EDGE_CURVE('',#4896,#4897,#320,.T.);
#3853=EDGE_CURVE('',#4886,#4897,#5490,.T.);
#3854=EDGE_CURVE('',#4898,#4899,#5491,.T.);
#3855=EDGE_CURVE('',#4900,#4898,#321,.T.);
#3856=EDGE_CURVE('',#4901,#4900,#5492,.T.);
#3857=EDGE_CURVE('',#4901,#4902,#322,.T.);
#3858=EDGE_CURVE('',#4903,#4902,#5493,.T.);
#3859=EDGE_CURVE('',#4904,#4903,#323,.T.);
#3860=EDGE_CURVE('',#4905,#4904,#5494,.T.);
#3861=EDGE_CURVE('',#4906,#4905,#324,.T.);
#3862=EDGE_CURVE('',#4907,#4906,#5495,.T.);
#3863=EDGE_CURVE('',#4908,#4907,#325,.T.);
#3864=EDGE_CURVE('',#4909,#4908,#5496,.T.);
#3865=EDGE_CURVE('',#4910,#4909,#326,.T.);
#3866=EDGE_CURVE('',#4911,#4910,#5497,.T.);
#3867=EDGE_CURVE('',#4899,#4911,#327,.T.);
#3868=EDGE_CURVE('',#4912,#4913,#5498,.T.);
#3869=EDGE_CURVE('',#4914,#4912,#328,.T.);
#3870=EDGE_CURVE('',#4915,#4914,#5499,.T.);
#3871=EDGE_CURVE('',#4915,#4916,#5500,.T.);
#3872=EDGE_CURVE('',#4917,#4916,#5501,.F.);
#3873=EDGE_CURVE('',#4918,#4917,#5502,.T.);
#3874=EDGE_CURVE('',#4919,#4918,#329,.T.);
#3875=EDGE_CURVE('',#4920,#4919,#5503,.T.);
#3876=EDGE_CURVE('',#4920,#4913,#330,.T.);
#3877=EDGE_CURVE('',#4921,#4922,#331,.T.);
#3878=EDGE_CURVE('',#4923,#4921,#5504,.T.);
#3879=EDGE_CURVE('',#4923,#4924,#332,.T.);
#3880=EDGE_CURVE('',#4925,#4924,#5505,.T.);
#3881=EDGE_CURVE('',#4925,#4926,#333,.T.);
#3882=EDGE_CURVE('',#4927,#4926,#5506,.T.);
#3883=EDGE_CURVE('',#4927,#4928,#334,.T.);
#3884=EDGE_CURVE('',#4929,#4928,#5507,.T.);
#3885=EDGE_CURVE('',#4929,#4930,#335,.T.);
#3886=EDGE_CURVE('',#4931,#4930,#5508,.T.);
#3887=EDGE_CURVE('',#4932,#4931,#5509,.F.);
#3888=EDGE_CURVE('',#4932,#4933,#336,.T.);
#3889=EDGE_CURVE('',#4934,#4933,#5510,.T.);
#3890=EDGE_CURVE('',#4935,#4934,#337,.T.);
#3891=EDGE_CURVE('',#4922,#4935,#5511,.T.);
#3892=EDGE_CURVE('',#4936,#4937,#5512,.T.);
#3893=EDGE_CURVE('',#4938,#4936,#5513,.T.);
#3894=EDGE_CURVE('',#4939,#4938,#338,.T.);
#3895=EDGE_CURVE('',#4940,#4939,#5514,.T.);
#3896=EDGE_CURVE('',#4941,#4940,#339,.T.);
#3897=EDGE_CURVE('',#4942,#4941,#5515,.T.);
#3898=EDGE_CURVE('',#4942,#4943,#340,.T.);
#3899=EDGE_CURVE('',#4944,#4943,#5516,.T.);
#3900=EDGE_CURVE('',#4945,#4944,#341,.T.);
#3901=EDGE_CURVE('',#4946,#4945,#5517,.T.);
#3902=EDGE_CURVE('',#4947,#4946,#342,.T.);
#3903=EDGE_CURVE('',#4948,#4947,#5518,.T.);
#3904=EDGE_CURVE('',#4949,#4948,#343,.T.);
#3905=EDGE_CURVE('',#4950,#4949,#5519,.T.);
#3906=EDGE_CURVE('',#4937,#4950,#344,.T.);
#3907=EDGE_CURVE('',#4951,#4952,#345,.T.);
#3908=EDGE_CURVE('',#4953,#4952,#5520,.T.);
#3909=EDGE_CURVE('',#4953,#4954,#346,.T.);
#3910=EDGE_CURVE('',#4955,#4954,#5521,.T.);
#3911=EDGE_CURVE('',#4955,#4956,#347,.T.);
#3912=EDGE_CURVE('',#4957,#4956,#5522,.T.);
#3913=EDGE_CURVE('',#4958,#4957,#348,.T.);
#3914=EDGE_CURVE('',#4951,#4958,#5523,.T.);
#3915=EDGE_CURVE('',#4959,#4960,#349,.T.);
#3916=EDGE_CURVE('',#4960,#4961,#350,.T.);
#3917=EDGE_CURVE('',#4961,#4962,#351,.T.);
#3918=EDGE_CURVE('',#4962,#4963,#352,.T.);
#3919=EDGE_CURVE('',#4963,#4964,#353,.T.);
#3920=EDGE_CURVE('',#4965,#4964,#354,.T.);
#3921=EDGE_CURVE('',#4966,#4965,#355,.T.);
#3922=EDGE_CURVE('',#4967,#4966,#356,.T.);
#3923=EDGE_CURVE('',#4968,#4967,#357,.T.);
#3924=EDGE_CURVE('',#4969,#4968,#358,.T.);
#3925=EDGE_CURVE('',#4969,#4970,#202,.T.);
#3926=EDGE_CURVE('',#4959,#4970,#203,.T.);
#3927=EDGE_CURVE('',#4971,#4972,#5524,.F.);
#3928=EDGE_CURVE('',#4971,#4973,#359,.T.);
#3929=EDGE_CURVE('',#4974,#4973,#5525,.F.);
#3930=EDGE_CURVE('',#4974,#4975,#360,.T.);
#3931=EDGE_CURVE('',#4976,#4975,#5526,.T.);
#3932=EDGE_CURVE('',#4977,#4976,#361,.T.);
#3933=EDGE_CURVE('',#4978,#4977,#5527,.F.);
#3934=EDGE_CURVE('',#4979,#4978,#362,.T.);
#3935=EDGE_CURVE('',#4980,#4979,#5528,.F.);
#3936=EDGE_CURVE('',#4981,#4980,#5529,.T.);
#3937=EDGE_CURVE('',#4982,#4981,#5530,.T.);
#3938=EDGE_CURVE('',#4983,#4982,#5531,.F.);
#3939=EDGE_CURVE('',#4984,#4983,#363,.T.);
#3940=EDGE_CURVE('',#4985,#4984,#5532,.T.);
#3941=EDGE_CURVE('',#4986,#4985,#364,.T.);
#3942=EDGE_CURVE('',#4987,#4986,#5533,.F.);
#3943=EDGE_CURVE('',#4988,#4987,#5534,.T.);
#3944=EDGE_CURVE('',#4989,#4988,#204,.T.);
#3945=EDGE_CURVE('',#4990,#4989,#5535,.T.);
#3946=EDGE_CURVE('',#4991,#4990,#5536,.T.);
#3947=EDGE_CURVE('',#4992,#4991,#205,.T.);
#3948=EDGE_CURVE('',#4972,#4992,#5537,.T.);
#3949=EDGE_CURVE('',#4993,#4994,#5538,.F.);
#3950=EDGE_CURVE('',#4993,#4995,#365,.T.);
#3951=EDGE_CURVE('',#4996,#4995,#5539,.T.);
#3952=EDGE_CURVE('',#4996,#4997,#366,.T.);
#3953=EDGE_CURVE('',#4998,#4997,#5540,.F.);
#3954=EDGE_CURVE('',#4999,#4998,#5541,.T.);
#3955=EDGE_CURVE('',#5000,#4999,#5542,.T.);
#3956=EDGE_CURVE('',#5001,#5000,#5543,.F.);
#3957=EDGE_CURVE('',#5001,#5002,#367,.T.);
#3958=EDGE_CURVE('',#5003,#5002,#5544,.F.);
#3959=EDGE_CURVE('',#5003,#5004,#368,.T.);
#3960=EDGE_CURVE('',#5005,#5004,#5545,.T.);
#3961=EDGE_CURVE('',#5006,#5005,#369,.T.);
#3962=EDGE_CURVE('',#5007,#5006,#5546,.F.);
#3963=EDGE_CURVE('',#5008,#5007,#370,.T.);
#3964=EDGE_CURVE('',#5009,#5008,#5547,.F.);
#3965=EDGE_CURVE('',#5010,#5009,#5548,.T.);
#3966=EDGE_CURVE('',#5010,#5011,#206,.T.);
#3967=EDGE_CURVE('',#5012,#5011,#5549,.T.);
#3968=EDGE_CURVE('',#5013,#5012,#5550,.T.);
#3969=EDGE_CURVE('',#5013,#5014,#207,.T.);
#3970=EDGE_CURVE('',#4994,#5014,#5551,.T.);
#3971=EDGE_CURVE('',#5015,#5016,#208,.T.);
#3972=EDGE_CURVE('',#5017,#5015,#5552,.T.);
#3973=EDGE_CURVE('',#5018,#5017,#209,.T.);
#3974=EDGE_CURVE('',#5019,#5018,#5553,.T.);
#3975=EDGE_CURVE('',#5020,#5019,#5554,.F.);
#3976=EDGE_CURVE('',#5021,#5020,#371,.T.);
#3977=EDGE_CURVE('',#5022,#5021,#5555,.T.);
#3978=EDGE_CURVE('',#5023,#5022,#5556,.F.);
#3979=EDGE_CURVE('',#5016,#5023,#5557,.T.);
#3980=EDGE_CURVE('',#5024,#5025,#5558,.T.);
#3981=EDGE_CURVE('',#5024,#5026,#5559,.T.);
#3982=EDGE_CURVE('',#5027,#5026,#5560,.T.);
#3983=EDGE_CURVE('',#5028,#5027,#372,.T.);
#3984=EDGE_CURVE('',#5028,#5029,#5561,.T.);
#3985=EDGE_CURVE('',#5030,#5029,#5562,.T.);
#3986=EDGE_CURVE('',#5031,#5030,#210,.T.);
#3987=EDGE_CURVE('',#5032,#5031,#5563,.T.);
#3988=EDGE_CURVE('',#5025,#5032,#211,.T.);
#3989=EDGE_CURVE('',#5033,#5034,#5564,.T.);
#3990=EDGE_CURVE('',#5033,#5035,#5565,.T.);
#3991=EDGE_CURVE('',#5035,#5036,#373,.T.);
#3992=EDGE_CURVE('',#5037,#5036,#5566,.T.);
#3993=EDGE_CURVE('',#5037,#5038,#374,.T.);
#3994=EDGE_CURVE('',#5038,#5039,#5567,.T.);
#3995=EDGE_CURVE('',#5040,#5039,#5568,.T.);
#3996=EDGE_CURVE('',#5040,#5041,#212,.T.);
#3997=EDGE_CURVE('',#5042,#5041,#5569,.T.);
#3998=EDGE_CURVE('',#5043,#5042,#5570,.T.);
#3999=EDGE_CURVE('',#5043,#5044,#213,.T.);
#4000=EDGE_CURVE('',#5045,#5044,#5571,.T.);
#4001=EDGE_CURVE('',#5045,#5046,#5572,.T.);
#4002=EDGE_CURVE('',#5047,#5046,#375,.T.);
#4003=EDGE_CURVE('',#5047,#5048,#5573,.T.);
#4004=EDGE_CURVE('',#5049,#5048,#376,.T.);
#4005=EDGE_CURVE('',#5050,#5049,#5574,.T.);
#4006=EDGE_CURVE('',#5050,#5051,#377,.T.);
#4007=EDGE_CURVE('',#5051,#5052,#5575,.T.);
#4008=EDGE_CURVE('',#5052,#5053,#378,.T.);
#4009=EDGE_CURVE('',#5053,#5054,#5576,.T.);
#4010=EDGE_CURVE('',#5034,#5054,#5577,.T.);
#4011=EDGE_CURVE('',#5055,#5056,#379,.T.);
#4012=EDGE_CURVE('',#5055,#5057,#5578,.T.);
#4013=EDGE_CURVE('',#5058,#5057,#380,.T.);
#4014=EDGE_CURVE('',#5059,#5058,#5579,.T.);
#4015=EDGE_CURVE('',#5059,#5060,#381,.T.);
#4016=EDGE_CURVE('',#5060,#5061,#5580,.T.);
#4017=EDGE_CURVE('',#5061,#5062,#382,.T.);
#4018=EDGE_CURVE('',#5062,#5063,#5581,.T.);
#4019=EDGE_CURVE('',#5064,#5063,#5582,.T.);
#4020=EDGE_CURVE('',#5065,#5064,#214,.T.);
#4021=EDGE_CURVE('',#5066,#5065,#5583,.T.);
#4022=EDGE_CURVE('',#5067,#5066,#5584,.T.);
#4023=EDGE_CURVE('',#5068,#5067,#215,.T.);
#4024=EDGE_CURVE('',#5069,#5068,#5585,.T.);
#4025=EDGE_CURVE('',#5069,#5070,#5586,.T.);
#4026=EDGE_CURVE('',#5071,#5070,#383,.T.);
#4027=EDGE_CURVE('',#5072,#5071,#5587,.T.);
#4028=EDGE_CURVE('',#5073,#5072,#384,.T.);
#4029=EDGE_CURVE('',#5073,#5074,#5588,.T.);
#4030=EDGE_CURVE('',#5075,#5074,#5589,.T.);
#4031=EDGE_CURVE('',#5076,#5075,#5590,.T.);
#4032=EDGE_CURVE('',#5076,#5056,#5591,.T.);
#4033=EDGE_CURVE('',#5077,#5078,#5592,.T.);
#4034=EDGE_CURVE('',#5077,#5079,#385,.T.);
#4035=EDGE_CURVE('',#5080,#5079,#5593,.T.);
#4036=EDGE_CURVE('',#5081,#5080,#386,.T.);
#4037=EDGE_CURVE('',#5082,#5081,#5594,.T.);
#4038=EDGE_CURVE('',#5082,#5083,#387,.T.);
#4039=EDGE_CURVE('',#5084,#5083,#5595,.T.);
#4040=EDGE_CURVE('',#5084,#5078,#388,.T.);
#4041=EDGE_CURVE('',#5085,#5086,#5596,.T.);
#4042=EDGE_CURVE('',#5087,#5085,#5597,.T.);
#4043=EDGE_CURVE('',#5088,#5087,#389,.T.);
#4044=EDGE_CURVE('',#5089,#5088,#5598,.T.);
#4045=EDGE_CURVE('',#5090,#5089,#390,.T.);
#4046=EDGE_CURVE('',#5091,#5090,#5599,.T.);
#4047=EDGE_CURVE('',#5092,#5091,#391,.T.);
#4048=EDGE_CURVE('',#5093,#5092,#5600,.T.);
#4049=EDGE_CURVE('',#5094,#5093,#392,.T.);
#4050=EDGE_CURVE('',#5095,#5094,#5601,.T.);
#4051=EDGE_CURVE('',#5095,#5096,#393,.T.);
#4052=EDGE_CURVE('',#5097,#5096,#5602,.T.);
#4053=EDGE_CURVE('',#5098,#5097,#394,.T.);
#4054=EDGE_CURVE('',#5099,#5098,#5603,.T.);
#4055=EDGE_CURVE('',#5086,#5099,#395,.T.);
#4056=EDGE_CURVE('',#5100,#5101,#5604,.T.);
#4057=EDGE_CURVE('',#5102,#5100,#396,.T.);
#4058=EDGE_CURVE('',#5103,#5102,#5605,.T.);
#4059=EDGE_CURVE('',#5104,#5103,#397,.T.);
#4060=EDGE_CURVE('',#5105,#5104,#5606,.T.);
#4061=EDGE_CURVE('',#5105,#5106,#398,.T.);
#4062=EDGE_CURVE('',#5106,#5107,#5607,.T.);
#4063=EDGE_CURVE('',#5108,#5107,#5608,.T.);
#4064=EDGE_CURVE('',#5108,#5109,#399,.T.);
#4065=EDGE_CURVE('',#5110,#5109,#5609,.T.);
#4066=EDGE_CURVE('',#5110,#5111,#400,.T.);
#4067=EDGE_CURVE('',#5112,#5111,#5610,.T.);
#4068=EDGE_CURVE('',#5112,#5113,#401,.T.);
#4069=EDGE_CURVE('',#5114,#5113,#5611,.T.);
#4070=EDGE_CURVE('',#5114,#5101,#402,.T.);
#4071=EDGE_CURVE('',#5115,#5116,#403,.T.);
#4072=EDGE_CURVE('',#5117,#5115,#5612,.T.);
#4073=EDGE_CURVE('',#5117,#5118,#404,.T.);
#4074=EDGE_CURVE('',#5119,#5118,#5613,.T.);
#4075=EDGE_CURVE('',#5120,#5119,#405,.T.);
#4076=EDGE_CURVE('',#5121,#5120,#5614,.T.);
#4077=EDGE_CURVE('',#5121,#5122,#5615,.T.);
#4078=EDGE_CURVE('',#5122,#5123,#5616,.T.);
#4079=EDGE_CURVE('',#5116,#5123,#5617,.T.);
#4080=EDGE_CURVE('',#5124,#5125,#406,.T.);
#4081=EDGE_CURVE('',#5126,#5124,#5618,.T.);
#4082=EDGE_CURVE('',#5127,#5126,#407,.T.);
#4083=EDGE_CURVE('',#5128,#5127,#5619,.T.);
#4084=EDGE_CURVE('',#5129,#5128,#408,.T.);
#4085=EDGE_CURVE('',#5130,#5129,#5620,.T.);
#4086=EDGE_CURVE('',#5131,#5130,#409,.T.);
#4087=EDGE_CURVE('',#5132,#5131,#5621,.T.);
#4088=EDGE_CURVE('',#5133,#5132,#410,.T.);
#4089=EDGE_CURVE('',#5134,#5133,#5622,.T.);
#4090=EDGE_CURVE('',#5135,#5134,#411,.T.);
#4091=EDGE_CURVE('',#5136,#5135,#5623,.T.);
#4092=EDGE_CURVE('',#5136,#5137,#412,.T.);
#4093=EDGE_CURVE('',#5125,#5137,#5624,.T.);
#4094=EDGE_CURVE('',#5138,#5139,#5625,.T.);
#4095=EDGE_CURVE('',#5138,#5140,#413,.T.);
#4096=EDGE_CURVE('',#5141,#5140,#5626,.T.);
#4097=EDGE_CURVE('',#5141,#5142,#414,.T.);
#4098=EDGE_CURVE('',#5143,#5142,#5627,.T.);
#4099=EDGE_CURVE('',#5143,#5144,#415,.T.);
#4100=EDGE_CURVE('',#5145,#5144,#5628,.T.);
#4101=EDGE_CURVE('',#5145,#5146,#416,.T.);
#4102=EDGE_CURVE('',#5147,#5146,#5629,.T.);
#4103=EDGE_CURVE('',#5148,#5147,#5630,.T.);
#4104=EDGE_CURVE('',#5148,#5149,#5631,.T.);
#4105=EDGE_CURVE('',#5139,#5149,#417,.T.);
#4106=EDGE_CURVE('',#5150,#5151,#5632,.T.);
#4107=EDGE_CURVE('',#5150,#5152,#418,.T.);
#4108=EDGE_CURVE('',#5153,#5152,#5633,.T.);
#4109=EDGE_CURVE('',#5153,#5154,#419,.T.);
#4110=EDGE_CURVE('',#5154,#5155,#5634,.T.);
#4111=EDGE_CURVE('',#5155,#5156,#420,.T.);
#4112=EDGE_CURVE('',#5157,#5156,#5635,.T.);
#4113=EDGE_CURVE('',#5158,#5157,#421,.T.);
#4114=EDGE_CURVE('',#5159,#5158,#5636,.T.);
#4115=EDGE_CURVE('',#5160,#5159,#422,.T.);
#4116=EDGE_CURVE('',#5161,#5160,#5637,.T.);
#4117=EDGE_CURVE('',#5162,#5161,#423,.T.);
#4118=EDGE_CURVE('',#5163,#5162,#5638,.T.);
#4119=EDGE_CURVE('',#5164,#5163,#424,.T.);
#4120=EDGE_CURVE('',#5164,#5165,#5639,.T.);
#4121=EDGE_CURVE('',#5166,#5165,#425,.T.);
#4122=EDGE_CURVE('',#5167,#5166,#5640,.T.);
#4123=EDGE_CURVE('',#5168,#5167,#426,.T.);
#4124=EDGE_CURVE('',#5169,#5168,#5641,.T.);
#4125=EDGE_CURVE('',#5151,#5169,#427,.T.);
#4126=EDGE_CURVE('',#5170,#5171,#5642,.T.);
#4127=EDGE_CURVE('',#5172,#5170,#428,.T.);
#4128=EDGE_CURVE('',#5172,#5173,#5643,.T.);
#4129=EDGE_CURVE('',#5174,#5173,#429,.T.);
#4130=EDGE_CURVE('',#5175,#5174,#5644,.T.);
#4131=EDGE_CURVE('',#5176,#5175,#430,.T.);
#4132=EDGE_CURVE('',#5177,#5176,#5645,.T.);
#4133=EDGE_CURVE('',#5178,#5177,#431,.T.);
#4134=EDGE_CURVE('',#5179,#5178,#5646,.T.);
#4135=EDGE_CURVE('',#5180,#5179,#432,.T.);
#4136=EDGE_CURVE('',#5181,#5180,#5647,.T.);
#4137=EDGE_CURVE('',#5182,#5181,#433,.T.);
#4138=EDGE_CURVE('',#5183,#5182,#5648,.T.);
#4139=EDGE_CURVE('',#5183,#5184,#434,.T.);
#4140=EDGE_CURVE('',#5185,#5184,#5649,.T.);
#4141=EDGE_CURVE('',#5185,#5171,#5650,.T.);
#4142=EDGE_CURVE('',#5186,#5187,#5651,.T.);
#4143=EDGE_CURVE('',#5186,#5188,#435,.T.);
#4144=EDGE_CURVE('',#5188,#5189,#5652,.T.);
#4145=EDGE_CURVE('',#5189,#5190,#436,.T.);
#4146=EDGE_CURVE('',#5191,#5190,#5653,.T.);
#4147=EDGE_CURVE('',#5191,#5192,#437,.T.);
#4148=EDGE_CURVE('',#5193,#5192,#5654,.T.);
#4149=EDGE_CURVE('',#5193,#5194,#438,.T.);
#4150=EDGE_CURVE('',#5195,#5194,#5655,.T.);
#4151=EDGE_CURVE('',#5195,#5196,#439,.T.);
#4152=EDGE_CURVE('',#5197,#5196,#5656,.T.);
#4153=EDGE_CURVE('',#5198,#5197,#440,.T.);
#4154=EDGE_CURVE('',#5198,#5199,#5657,.T.);
#4155=EDGE_CURVE('',#5200,#5199,#441,.T.);
#4156=EDGE_CURVE('',#5201,#5200,#5658,.T.);
#4157=EDGE_CURVE('',#5202,#5201,#442,.T.);
#4158=EDGE_CURVE('',#5203,#5202,#5659,.T.);
#4159=EDGE_CURVE('',#5203,#5204,#443,.T.);
#4160=EDGE_CURVE('',#5205,#5204,#5660,.T.);
#4161=EDGE_CURVE('',#5205,#5187,#444,.T.);
#4162=EDGE_CURVE('',#5206,#5207,#445,.T.);
#4163=EDGE_CURVE('',#5208,#5206,#5661,.T.);
#4164=EDGE_CURVE('',#5208,#5209,#446,.T.);
#4165=EDGE_CURVE('',#5210,#5209,#5662,.T.);
#4166=EDGE_CURVE('',#5210,#5211,#447,.T.);
#4167=EDGE_CURVE('',#5212,#5211,#5663,.T.);
#4168=EDGE_CURVE('',#5212,#5213,#448,.T.);
#4169=EDGE_CURVE('',#5214,#5213,#5664,.T.);
#4170=EDGE_CURVE('',#5214,#5215,#449,.T.);
#4171=EDGE_CURVE('',#5216,#5215,#5665,.T.);
#4172=EDGE_CURVE('',#5216,#5217,#5666,.F.);
#4173=EDGE_CURVE('',#5217,#5218,#450,.T.);
#4174=EDGE_CURVE('',#5219,#5218,#5667,.T.);
#4175=EDGE_CURVE('',#5219,#5220,#451,.T.);
#4176=EDGE_CURVE('',#5207,#5220,#5668,.T.);
#4177=EDGE_CURVE('',#5221,#5222,#5669,.T.);
#4178=EDGE_CURVE('',#5221,#5223,#452,.T.);
#4179=EDGE_CURVE('',#5224,#5223,#5670,.T.);
#4180=EDGE_CURVE('',#5224,#5225,#453,.T.);
#4181=EDGE_CURVE('',#5226,#5225,#5671,.T.);
#4182=EDGE_CURVE('',#5226,#5227,#454,.T.);
#4183=EDGE_CURVE('',#5227,#5228,#5672,.T.);
#4184=EDGE_CURVE('',#5228,#5229,#455,.T.);
#4185=EDGE_CURVE('',#5230,#5229,#5673,.T.);
#4186=EDGE_CURVE('',#5231,#5230,#5674,.F.);
#4187=EDGE_CURVE('',#5232,#5231,#5675,.T.);
#4188=EDGE_CURVE('',#5233,#5232,#456,.T.);
#4189=EDGE_CURVE('',#5234,#5233,#5676,.T.);
#4190=EDGE_CURVE('',#5234,#5235,#457,.T.);
#4191=EDGE_CURVE('',#5236,#5235,#5677,.T.);
#4192=EDGE_CURVE('',#5236,#5222,#458,.T.);
#4193=EDGE_CURVE('',#5237,#5238,#5678,.T.);
#4194=EDGE_CURVE('',#5239,#5237,#459,.T.);
#4195=EDGE_CURVE('',#5240,#5239,#5679,.T.);
#4196=EDGE_CURVE('',#5241,#5240,#460,.T.);
#4197=EDGE_CURVE('',#5242,#5241,#5680,.T.);
#4198=EDGE_CURVE('',#5243,#5242,#461,.T.);
#4199=EDGE_CURVE('',#5244,#5243,#5681,.T.);
#4200=EDGE_CURVE('',#5245,#5244,#462,.T.);
#4201=EDGE_CURVE('',#5246,#5245,#5682,.T.);
#4202=EDGE_CURVE('',#5246,#5247,#5683,.T.);
#4203=EDGE_CURVE('',#5248,#5247,#463,.T.);
#4204=EDGE_CURVE('',#5249,#5248,#5684,.T.);
#4205=EDGE_CURVE('',#5249,#5250,#464,.T.);
#4206=EDGE_CURVE('',#5251,#5250,#5685,.T.);
#4207=EDGE_CURVE('',#5251,#5238,#465,.T.);
#4208=EDGE_CURVE('',#5252,#5253,#5686,.T.);
#4209=EDGE_CURVE('',#5254,#5252,#466,.T.);
#4210=EDGE_CURVE('',#5255,#5254,#5687,.T.);
#4211=EDGE_CURVE('',#5256,#5255,#467,.T.);
#4212=EDGE_CURVE('',#5257,#5256,#5688,.T.);
#4213=EDGE_CURVE('',#5257,#5258,#468,.T.);
#4214=EDGE_CURVE('',#5259,#5258,#5689,.T.);
#4215=EDGE_CURVE('',#5253,#5259,#469,.T.);
#4216=EDGE_CURVE('',#5260,#5261,#470,.T.);
#4217=EDGE_CURVE('',#5262,#5260,#5690,.T.);
#4218=EDGE_CURVE('',#5263,#5262,#471,.T.);
#4219=EDGE_CURVE('',#5264,#5263,#5691,.T.);
#4220=EDGE_CURVE('',#5265,#5264,#472,.T.);
#4221=EDGE_CURVE('',#5266,#5265,#5692,.T.);
#4222=EDGE_CURVE('',#5267,#5266,#473,.T.);
#4223=EDGE_CURVE('',#5268,#5267,#5693,.T.);
#4224=EDGE_CURVE('',#5269,#5268,#474,.T.);
#4225=EDGE_CURVE('',#5261,#5269,#5694,.T.);
#4226=EDGE_CURVE('',#5270,#5271,#5695,.T.);
#4227=EDGE_CURVE('',#5272,#5270,#475,.T.);
#4228=EDGE_CURVE('',#5273,#5272,#5696,.T.);
#4229=EDGE_CURVE('',#5274,#5273,#476,.T.);
#4230=EDGE_CURVE('',#5275,#5274,#5697,.T.);
#4231=EDGE_CURVE('',#5276,#5275,#477,.T.);
#4232=EDGE_CURVE('',#5277,#5276,#5698,.T.);
#4233=EDGE_CURVE('',#5277,#5278,#478,.T.);
#4234=EDGE_CURVE('',#5278,#5279,#5699,.T.);
#4235=EDGE_CURVE('',#5279,#5280,#5700,.F.);
#4236=EDGE_CURVE('',#5281,#5280,#5701,.T.);
#4237=EDGE_CURVE('',#5271,#5281,#479,.T.);
#4238=EDGE_CURVE('',#5282,#5283,#480,.T.);
#4239=EDGE_CURVE('',#5282,#5284,#481,.T.);
#4240=EDGE_CURVE('',#5284,#5285,#482,.T.);
#4241=EDGE_CURVE('',#5283,#5285,#483,.T.);
#4242=EDGE_CURVE('',#5286,#5287,#5702,.T.);
#4243=EDGE_CURVE('',#5286,#5288,#484,.T.);
#4244=EDGE_CURVE('',#5289,#5288,#5703,.T.);
#4245=EDGE_CURVE('',#5290,#5289,#5704,.F.);
#4246=EDGE_CURVE('',#5290,#5291,#5705,.T.);
#4247=EDGE_CURVE('',#5292,#5291,#5706,.T.);
#4248=EDGE_CURVE('',#5292,#5293,#485,.T.);
#4249=EDGE_CURVE('',#5294,#5293,#5707,.T.);
#4250=EDGE_CURVE('',#5287,#5294,#486,.T.);
#4251=EDGE_CURVE('',#5295,#5296,#5708,.T.);
#4252=EDGE_CURVE('',#5295,#5297,#487,.T.);
#4253=EDGE_CURVE('',#5298,#5297,#5709,.T.);
#4254=EDGE_CURVE('',#5298,#5299,#488,.T.);
#4255=EDGE_CURVE('',#5300,#5299,#5710,.T.);
#4256=EDGE_CURVE('',#5300,#5301,#489,.T.);
#4257=EDGE_CURVE('',#5302,#5301,#5711,.T.);
#4258=EDGE_CURVE('',#5302,#5303,#490,.T.);
#4259=EDGE_CURVE('',#5304,#5303,#5712,.T.);
#4260=EDGE_CURVE('',#5304,#5305,#491,.T.);
#4261=EDGE_CURVE('',#5306,#5305,#5713,.T.);
#4262=EDGE_CURVE('',#5307,#5306,#492,.T.);
#4263=EDGE_CURVE('',#5308,#5307,#5714,.T.);
#4264=EDGE_CURVE('',#5308,#5296,#493,.T.);
#4265=EDGE_CURVE('',#5309,#5310,#5715,.T.);
#4266=EDGE_CURVE('',#5309,#5311,#494,.T.);
#4267=EDGE_CURVE('',#5312,#5311,#5716,.T.);
#4268=EDGE_CURVE('',#5312,#5313,#495,.T.);
#4269=EDGE_CURVE('',#5314,#5313,#5717,.T.);
#4270=EDGE_CURVE('',#5314,#5315,#496,.T.);
#4271=EDGE_CURVE('',#5316,#5315,#5718,.T.);
#4272=EDGE_CURVE('',#5316,#5317,#497,.T.);
#4273=EDGE_CURVE('',#5318,#5317,#5719,.T.);
#4274=EDGE_CURVE('',#5318,#5310,#498,.T.);
#4275=EDGE_CURVE('',#5319,#5320,#499,.T.);
#4276=EDGE_CURVE('',#5320,#5321,#500,.T.);
#4277=EDGE_CURVE('',#5322,#5321,#216,.F.);
#4278=EDGE_CURVE('',#5322,#5323,#217,.F.);
#4279=EDGE_CURVE('',#5324,#5323,#501,.T.);
#4280=EDGE_CURVE('',#5325,#5324,#502,.T.);
#4281=EDGE_CURVE('',#5326,#5325,#503,.T.);
#4282=EDGE_CURVE('',#5327,#5326,#504,.T.);
#4283=EDGE_CURVE('',#5328,#5327,#505,.T.);
#4284=EDGE_CURVE('',#5328,#5329,#506,.T.);
#4285=EDGE_CURVE('',#5329,#5330,#507,.T.);
#4286=EDGE_CURVE('',#5330,#5319,#508,.T.);
#4287=EDGE_CURVE('',#5331,#5332,#509,.T.);
#4288=EDGE_CURVE('',#5332,#5333,#510,.T.);
#4289=EDGE_CURVE('',#5334,#5333,#5720,.T.);
#4290=EDGE_CURVE('',#5335,#5334,#511,.T.);
#4291=EDGE_CURVE('',#5336,#5335,#512,.T.);
#4292=EDGE_CURVE('',#5337,#5336,#513,.T.);
#4293=EDGE_CURVE('',#5338,#5337,#514,.T.);
#4294=EDGE_CURVE('',#5339,#5338,#515,.T.);
#4295=EDGE_CURVE('',#5340,#5339,#516,.T.);
#4296=EDGE_CURVE('',#5341,#5340,#517,.T.);
#4297=EDGE_CURVE('',#5342,#5341,#5721,.T.);
#4298=EDGE_CURVE('',#5342,#5343,#518,.T.);
#4299=EDGE_CURVE('',#5343,#5344,#519,.T.);
#4300=EDGE_CURVE('',#5344,#5345,#520,.T.);
#4301=EDGE_CURVE('',#5345,#5346,#521,.T.);
#4302=EDGE_CURVE('',#5346,#5331,#522,.T.);
#4303=EDGE_CURVE('',#5347,#5348,#5722,.T.);
#4304=EDGE_CURVE('',#5347,#5349,#5723,.T.);
#4305=EDGE_CURVE('',#5349,#5350,#523,.T.);
#4306=EDGE_CURVE('',#5351,#5350,#5724,.T.);
#4307=EDGE_CURVE('',#5351,#5352,#5725,.T.);
#4308=EDGE_CURVE('',#5353,#5352,#5726,.T.);
#4309=EDGE_CURVE('',#5353,#5354,#218,.T.);
#4310=EDGE_CURVE('',#5355,#5354,#5727,.T.);
#4311=EDGE_CURVE('',#5355,#5348,#219,.T.);
#4312=EDGE_CURVE('',#5356,#5357,#524,.T.);
#4313=EDGE_CURVE('',#5356,#5358,#5728,.F.);
#4314=EDGE_CURVE('',#5359,#5358,#525,.T.);
#4315=EDGE_CURVE('',#5359,#5360,#5729,.F.);
#4316=EDGE_CURVE('',#5360,#5361,#526,.T.);
#4317=EDGE_CURVE('',#5361,#5362,#5730,.F.);
#4318=EDGE_CURVE('',#5362,#5363,#527,.T.);
#4319=EDGE_CURVE('',#5363,#5357,#5731,.F.);
#4320=EDGE_CURVE('',#5364,#5365,#528,.T.);
#4321=EDGE_CURVE('',#5365,#5366,#5732,.T.);
#4322=EDGE_CURVE('',#5366,#5367,#529,.T.);
#4323=EDGE_CURVE('',#5367,#5368,#5733,.T.);
#4324=EDGE_CURVE('',#5369,#5368,#530,.T.);
#4325=EDGE_CURVE('',#5369,#5370,#5734,.T.);
#4326=EDGE_CURVE('',#5371,#5370,#531,.T.);
#4327=EDGE_CURVE('',#5371,#5364,#5735,.T.);
#4328=EDGE_CURVE('',#4780,#5369,#532,.F.);
#4329=EDGE_CURVE('',#5368,#4781,#533,.T.);
#4330=EDGE_CURVE('',#4778,#5371,#534,.F.);
#4331=EDGE_CURVE('',#5370,#4779,#535,.T.);
#4332=EDGE_CURVE('',#4776,#5365,#536,.F.);
#4333=EDGE_CURVE('',#5364,#4777,#537,.T.);
#4334=EDGE_CURVE('',#5366,#4774,#538,.T.);
#4335=EDGE_CURVE('',#4775,#5367,#539,.F.);
#4336=EDGE_CURVE('',#5372,#5282,#540,.T.);
#4337=EDGE_CURVE('',#5373,#5283,#541,.T.);
#4338=EDGE_CURVE('',#5373,#5372,#542,.T.);
#4339=EDGE_CURVE('',#5374,#5285,#543,.T.);
#4340=EDGE_CURVE('',#5374,#5373,#544,.T.);
#4341=EDGE_CURVE('',#5375,#5284,#545,.T.);
#4342=EDGE_CURVE('',#5374,#5375,#546,.T.);
#4343=EDGE_CURVE('',#5357,#5376,#547,.F.);
#4344=EDGE_CURVE('',#5376,#5377,#548,.T.);
#4345=EDGE_CURVE('',#5377,#5356,#549,.T.);
#4346=EDGE_CURVE('',#5378,#5379,#550,.T.);
#4347=EDGE_CURVE('',#5378,#5363,#551,.T.);
#4348=EDGE_CURVE('',#5362,#5379,#552,.F.);
#4349=EDGE_CURVE('',#5380,#5381,#553,.T.);
#4350=EDGE_CURVE('',#5380,#5361,#554,.T.);
#4351=EDGE_CURVE('',#5360,#5381,#555,.F.);
#4352=EDGE_CURVE('',#5382,#5383,#556,.T.);
#4353=EDGE_CURVE('',#5383,#5359,#557,.T.);
#4354=EDGE_CURVE('',#5358,#5382,#558,.F.);
#4355=EDGE_CURVE('',#5375,#5372,#559,.T.);
#4356=EDGE_CURVE('',#5376,#5378,#5736,.T.);
#4357=EDGE_CURVE('',#5379,#5380,#5737,.T.);
#4358=EDGE_CURVE('',#5381,#5383,#5738,.T.);
#4359=EDGE_CURVE('',#5382,#5377,#5739,.T.);
#4360=EDGE_CURVE('',#5278,#4765,#560,.F.);
#4361=EDGE_CURVE('',#4764,#5279,#561,.F.);
#4362=EDGE_CURVE('',#4768,#5275,#562,.F.);
#4363=EDGE_CURVE('',#5276,#4767,#563,.F.);
#4364=EDGE_CURVE('',#4770,#5273,#564,.T.);
#4365=EDGE_CURVE('',#5274,#4769,#565,.T.);
#4366=EDGE_CURVE('',#4772,#5270,#566,.T.);
#4367=EDGE_CURVE('',#5272,#4771,#567,.F.);
#4368=EDGE_CURVE('',#4763,#5281,#568,.T.);
#4369=EDGE_CURVE('',#5271,#4773,#569,.F.);
#4370=EDGE_CURVE('',#5280,#4762,#570,.T.);
#4371=EDGE_CURVE('',#4766,#5277,#571,.T.);
#4372=EDGE_CURVE('',#4755,#5266,#572,.T.);
#4373=EDGE_CURVE('',#5267,#4754,#573,.T.);
#4374=EDGE_CURVE('',#4757,#5264,#574,.F.);
#4375=EDGE_CURVE('',#5265,#4756,#575,.F.);
#4376=EDGE_CURVE('',#4759,#5262,#576,.T.);
#4377=EDGE_CURVE('',#5263,#4758,#577,.T.);
#4378=EDGE_CURVE('',#4761,#5261,#578,.T.);
#4379=EDGE_CURVE('',#5260,#4760,#579,.F.);
#4380=EDGE_CURVE('',#4752,#5268,#580,.F.);
#4381=EDGE_CURVE('',#5269,#4753,#581,.F.);
#4382=EDGE_CURVE('',#5290,#4782,#582,.T.);
#4383=EDGE_CURVE('',#5291,#4783,#583,.T.);
#4384=EDGE_CURVE('',#4788,#5294,#584,.T.);
#4385=EDGE_CURVE('',#5287,#4787,#585,.F.);
#4386=EDGE_CURVE('',#4790,#5292,#586,.F.);
#4387=EDGE_CURVE('',#5293,#4789,#587,.F.);
#4388=EDGE_CURVE('',#4784,#5289,#588,.F.);
#4389=EDGE_CURVE('',#4786,#5286,#589,.T.);
#4390=EDGE_CURVE('',#5288,#4785,#590,.F.);
#4391=EDGE_CURVE('',#4796,#5255,#591,.T.);
#4392=EDGE_CURVE('',#5256,#4795,#592,.F.);
#4393=EDGE_CURVE('',#4798,#5252,#593,.T.);
#4394=EDGE_CURVE('',#5254,#4797,#594,.F.);
#4395=EDGE_CURVE('',#4791,#5259,#595,.T.);
#4396=EDGE_CURVE('',#5253,#4792,#596,.F.);
#4397=EDGE_CURVE('',#4794,#5257,#597,.T.);
#4398=EDGE_CURVE('',#5258,#4793,#598,.F.);
#4399=EDGE_CURVE('',#4739,#5246,#599,.T.);
#4400=EDGE_CURVE('',#4737,#5247,#600,.T.);
#4401=EDGE_CURVE('',#4743,#5242,#601,.T.);
#4402=EDGE_CURVE('',#5243,#4742,#602,.F.);
#4403=EDGE_CURVE('',#4745,#5240,#603,.T.);
#4404=EDGE_CURVE('',#5241,#4744,#604,.F.);
#4405=EDGE_CURVE('',#4747,#5237,#605,.T.);
#4406=EDGE_CURVE('',#5239,#4746,#606,.F.);
#4407=EDGE_CURVE('',#4749,#5251,#607,.T.);
#4408=EDGE_CURVE('',#5238,#4748,#608,.F.);
#4409=EDGE_CURVE('',#4751,#5249,#609,.T.);
#4410=EDGE_CURVE('',#5250,#4750,#610,.F.);
#4411=EDGE_CURVE('',#5248,#4738,#611,.F.);
#4412=EDGE_CURVE('',#4741,#5244,#612,.T.);
#4413=EDGE_CURVE('',#5245,#4740,#613,.T.);
#4414=EDGE_CURVE('',#5227,#4805,#614,.F.);
#4415=EDGE_CURVE('',#4804,#5228,#615,.T.);
#4416=EDGE_CURVE('',#5229,#4803,#616,.F.);
#4417=EDGE_CURVE('',#4806,#5226,#617,.T.);
#4418=EDGE_CURVE('',#4808,#5224,#618,.T.);
#4419=EDGE_CURVE('',#5225,#4807,#619,.F.);
#4420=EDGE_CURVE('',#4810,#5221,#620,.T.);
#4421=EDGE_CURVE('',#5223,#4809,#621,.F.);
#4422=EDGE_CURVE('',#4812,#5236,#622,.F.);
#4423=EDGE_CURVE('',#5222,#4811,#623,.F.);
#4424=EDGE_CURVE('',#4814,#5234,#624,.T.);
#4425=EDGE_CURVE('',#5235,#4813,#625,.T.);
#4426=EDGE_CURVE('',#4799,#5232,#626,.F.);
#4427=EDGE_CURVE('',#5233,#4800,#627,.F.);
#4428=EDGE_CURVE('',#4802,#5230,#628,.F.);
#4429=EDGE_CURVE('',#5231,#4801,#629,.T.);
#4430=EDGE_CURVE('',#4728,#5302,#630,.T.);
#4431=EDGE_CURVE('',#5303,#4727,#631,.F.);
#4432=EDGE_CURVE('',#4730,#5300,#632,.T.);
#4433=EDGE_CURVE('',#5301,#4729,#633,.F.);
#4434=EDGE_CURVE('',#4732,#5298,#634,.T.);
#4435=EDGE_CURVE('',#5299,#4731,#635,.F.);
#4436=EDGE_CURVE('',#4734,#5295,#636,.T.);
#4437=EDGE_CURVE('',#5297,#4733,#637,.F.);
#4438=EDGE_CURVE('',#4736,#5308,#638,.T.);
#4439=EDGE_CURVE('',#5296,#4735,#639,.F.);
#4440=EDGE_CURVE('',#4723,#5306,#640,.T.);
#4441=EDGE_CURVE('',#5307,#4724,#641,.F.);
#4442=EDGE_CURVE('',#4726,#5304,#642,.T.);
#4443=EDGE_CURVE('',#5305,#4725,#643,.F.);
#4444=EDGE_CURVE('',#4821,#5212,#644,.T.);
#4445=EDGE_CURVE('',#5213,#4820,#645,.F.);
#4446=EDGE_CURVE('',#4823,#5210,#646,.T.);
#4447=EDGE_CURVE('',#5211,#4822,#647,.F.);
#4448=EDGE_CURVE('',#4825,#5208,#648,.T.);
#4449=EDGE_CURVE('',#5209,#4824,#649,.F.);
#4450=EDGE_CURVE('',#4827,#5207,#650,.T.);
#4451=EDGE_CURVE('',#5206,#4826,#651,.F.);
#4452=EDGE_CURVE('',#4829,#5219,#652,.T.);
#4453=EDGE_CURVE('',#5220,#4828,#653,.F.);
#4454=EDGE_CURVE('',#5217,#4816,#654,.T.);
#4455=EDGE_CURVE('',#5218,#4815,#655,.F.);
#4456=EDGE_CURVE('',#4817,#5216,#656,.F.);
#4457=EDGE_CURVE('',#4819,#5214,#657,.T.);
#4458=EDGE_CURVE('',#5215,#4818,#658,.T.);
#4459=EDGE_CURVE('',#5188,#4842,#659,.F.);
#4460=EDGE_CURVE('',#4841,#5189,#660,.T.);
#4461=EDGE_CURVE('',#5198,#4832,#661,.F.);
#4462=EDGE_CURVE('',#4830,#5199,#662,.T.);
#4463=EDGE_CURVE('',#4835,#5195,#663,.T.);
#4464=EDGE_CURVE('',#5196,#4834,#664,.F.);
#4465=EDGE_CURVE('',#4837,#5193,#665,.T.);
#4466=EDGE_CURVE('',#5194,#4836,#666,.F.);
#4467=EDGE_CURVE('',#4839,#5191,#667,.T.);
#4468=EDGE_CURVE('',#5192,#4838,#668,.F.);
#4469=EDGE_CURVE('',#5190,#4840,#669,.F.);
#4470=EDGE_CURVE('',#4843,#5186,#670,.T.);
#4471=EDGE_CURVE('',#4845,#5205,#671,.T.);
#4472=EDGE_CURVE('',#5187,#4844,#672,.F.);
#4473=EDGE_CURVE('',#4847,#5203,#673,.T.);
#4474=EDGE_CURVE('',#5204,#4846,#674,.F.);
#4475=EDGE_CURVE('',#4849,#5201,#675,.T.);
#4476=EDGE_CURVE('',#5202,#4848,#676,.F.);
#4477=EDGE_CURVE('',#5200,#4831,#677,.F.);
#4478=EDGE_CURVE('',#4833,#5197,#678,.T.);
#4479=EDGE_CURVE('',#4718,#5316,#679,.T.);
#4480=EDGE_CURVE('',#5317,#4717,#680,.T.);
#4481=EDGE_CURVE('',#4720,#5314,#681,.F.);
#4482=EDGE_CURVE('',#5315,#4719,#682,.F.);
#4483=EDGE_CURVE('',#4722,#5312,#683,.T.);
#4484=EDGE_CURVE('',#5313,#4721,#684,.T.);
#4485=EDGE_CURVE('',#4714,#5309,#685,.T.);
#4486=EDGE_CURVE('',#5311,#4713,#686,.F.);
#4487=EDGE_CURVE('',#4716,#5318,#687,.F.);
#4488=EDGE_CURVE('',#5310,#4715,#688,.F.);
#4489=EDGE_CURVE('',#5172,#4851,#689,.F.);
#4490=EDGE_CURVE('',#4865,#5173,#690,.T.);
#4491=EDGE_CURVE('',#4859,#5179,#691,.T.);
#4492=EDGE_CURVE('',#5180,#4858,#692,.T.);
#4493=EDGE_CURVE('',#4861,#5177,#693,.T.);
#4494=EDGE_CURVE('',#5178,#4860,#694,.F.);
#4495=EDGE_CURVE('',#4863,#5175,#695,.T.);
#4496=EDGE_CURVE('',#5176,#4862,#696,.F.);
#4497=EDGE_CURVE('',#5174,#4864,#697,.F.);
#4498=EDGE_CURVE('',#4850,#5170,#698,.T.);
#4499=EDGE_CURVE('',#4853,#5185,#699,.F.);
#4500=EDGE_CURVE('',#5171,#4852,#700,.T.);
#4501=EDGE_CURVE('',#4855,#5183,#701,.T.);
#4502=EDGE_CURVE('',#5184,#4854,#702,.T.);
#4503=EDGE_CURVE('',#4857,#5181,#703,.F.);
#4504=EDGE_CURVE('',#5182,#4856,#704,.F.);
#4505=EDGE_CURVE('',#5154,#4884,#705,.F.);
#4506=EDGE_CURVE('',#4883,#5155,#706,.T.);
#4507=EDGE_CURVE('',#5164,#4874,#707,.F.);
#4508=EDGE_CURVE('',#4873,#5165,#708,.T.);
#4509=EDGE_CURVE('',#4879,#5159,#709,.T.);
#4510=EDGE_CURVE('',#5160,#4878,#710,.F.);
#4511=EDGE_CURVE('',#4881,#5157,#711,.T.);
#4512=EDGE_CURVE('',#5158,#4880,#712,.F.);
#4513=EDGE_CURVE('',#5156,#4882,#713,.F.);
#4514=EDGE_CURVE('',#4885,#5153,#714,.T.);
#4515=EDGE_CURVE('',#4867,#5150,#715,.T.);
#4516=EDGE_CURVE('',#5152,#4866,#716,.F.);
#4517=EDGE_CURVE('',#4869,#5169,#717,.T.);
#4518=EDGE_CURVE('',#5151,#4868,#718,.F.);
#4519=EDGE_CURVE('',#4871,#5167,#719,.T.);
#4520=EDGE_CURVE('',#5168,#4870,#720,.F.);
#4521=EDGE_CURVE('',#5166,#4872,#721,.F.);
#4522=EDGE_CURVE('',#4875,#5163,#722,.T.);
#4523=EDGE_CURVE('',#4877,#5161,#723,.T.);
#4524=EDGE_CURVE('',#5162,#4876,#724,.F.);
#4525=EDGE_CURVE('',#5148,#4890,#725,.T.);
#4526=EDGE_CURVE('',#4889,#5149,#726,.T.);
#4527=EDGE_CURVE('',#4895,#5143,#727,.T.);
#4528=EDGE_CURVE('',#5144,#4894,#728,.F.);
#4529=EDGE_CURVE('',#4897,#5141,#729,.F.);
#4530=EDGE_CURVE('',#5142,#4896,#730,.F.);
#4531=EDGE_CURVE('',#4887,#5138,#731,.T.);
#4532=EDGE_CURVE('',#5140,#4886,#732,.T.);
#4533=EDGE_CURVE('',#5139,#4888,#733,.F.);
#4534=EDGE_CURVE('',#4891,#5147,#734,.F.);
#4535=EDGE_CURVE('',#4893,#5145,#735,.T.);
#4536=EDGE_CURVE('',#5146,#4892,#736,.F.);
#4537=EDGE_CURVE('',#4908,#5130,#737,.T.);
#4538=EDGE_CURVE('',#5131,#4907,#738,.F.);
#4539=EDGE_CURVE('',#4910,#5128,#739,.T.);
#4540=EDGE_CURVE('',#5129,#4909,#740,.F.);
#4541=EDGE_CURVE('',#4899,#5126,#741,.T.);
#4542=EDGE_CURVE('',#5127,#4911,#742,.F.);
#4543=EDGE_CURVE('',#4900,#5125,#743,.T.);
#4544=EDGE_CURVE('',#5124,#4898,#744,.F.);
#4545=EDGE_CURVE('',#4902,#5136,#745,.T.);
#4546=EDGE_CURVE('',#5137,#4901,#746,.F.);
#4547=EDGE_CURVE('',#4904,#5134,#747,.T.);
#4548=EDGE_CURVE('',#5135,#4903,#748,.F.);
#4549=EDGE_CURVE('',#4906,#5132,#749,.T.);
#4550=EDGE_CURVE('',#5133,#4905,#750,.F.);
#4551=EDGE_CURVE('',#4917,#5121,#751,.F.);
#4552=EDGE_CURVE('',#4916,#5122,#752,.F.);
#4553=EDGE_CURVE('',#4913,#5117,#753,.T.);
#4554=EDGE_CURVE('',#5118,#4920,#754,.F.);
#4555=EDGE_CURVE('',#4914,#5116,#755,.T.);
#4556=EDGE_CURVE('',#5115,#4912,#756,.F.);
#4557=EDGE_CURVE('',#5123,#4915,#757,.T.);
#4558=EDGE_CURVE('',#4919,#5119,#758,.T.);
#4559=EDGE_CURVE('',#5120,#4918,#759,.F.);
#4560=EDGE_CURVE('',#5106,#4932,#760,.F.);
#4561=EDGE_CURVE('',#5107,#4931,#761,.F.);
#4562=EDGE_CURVE('',#4933,#5105,#762,.T.);
#4563=EDGE_CURVE('',#4935,#5103,#763,.T.);
#4564=EDGE_CURVE('',#5104,#4934,#764,.F.);
#4565=EDGE_CURVE('',#4921,#5100,#765,.T.);
#4566=EDGE_CURVE('',#5102,#4922,#766,.F.);
#4567=EDGE_CURVE('',#4924,#5114,#767,.T.);
#4568=EDGE_CURVE('',#5101,#4923,#768,.F.);
#4569=EDGE_CURVE('',#4926,#5112,#769,.T.);
#4570=EDGE_CURVE('',#5113,#4925,#770,.F.);
#4571=EDGE_CURVE('',#4928,#5110,#771,.T.);
#4572=EDGE_CURVE('',#5111,#4927,#772,.F.);
#4573=EDGE_CURVE('',#4930,#5108,#773,.T.);
#4574=EDGE_CURVE('',#5109,#4929,#774,.F.);
#4575=EDGE_CURVE('',#4947,#5091,#775,.T.);
#4576=EDGE_CURVE('',#5092,#4946,#776,.F.);
#4577=EDGE_CURVE('',#4949,#5089,#777,.T.);
#4578=EDGE_CURVE('',#5090,#4948,#778,.F.);
#4579=EDGE_CURVE('',#4937,#5087,#779,.F.);
#4580=EDGE_CURVE('',#5088,#4950,#780,.F.);
#4581=EDGE_CURVE('',#5086,#4938,#781,.F.);
#4582=EDGE_CURVE('',#5085,#4936,#782,.T.);
#4583=EDGE_CURVE('',#4939,#5099,#783,.T.);
#4584=EDGE_CURVE('',#4941,#5097,#784,.T.);
#4585=EDGE_CURVE('',#5098,#4940,#785,.F.);
#4586=EDGE_CURVE('',#4943,#5095,#786,.T.);
#4587=EDGE_CURVE('',#5096,#4942,#787,.F.);
#4588=EDGE_CURVE('',#4945,#5093,#788,.T.);
#4589=EDGE_CURVE('',#5094,#4944,#789,.F.);
#4590=EDGE_CURVE('',#4958,#5080,#790,.T.);
#4591=EDGE_CURVE('',#5081,#4957,#791,.F.);
#4592=EDGE_CURVE('',#4952,#5077,#792,.T.);
#4593=EDGE_CURVE('',#5079,#4951,#793,.F.);
#4594=EDGE_CURVE('',#4954,#5084,#794,.T.);
#4595=EDGE_CURVE('',#5078,#4953,#795,.F.);
#4596=EDGE_CURVE('',#4956,#5082,#796,.T.);
#4597=EDGE_CURVE('',#5083,#4955,#797,.F.);
#4598=EDGE_CURVE('',#5320,#4960,#798,.T.);
#4599=EDGE_CURVE('',#5321,#4959,#799,.T.);
#4600=EDGE_CURVE('',#5322,#4970,#800,.T.);
#4601=EDGE_CURVE('',#5323,#4969,#801,.T.);
#4602=EDGE_CURVE('',#5324,#4968,#802,.T.);
#4603=EDGE_CURVE('',#5325,#4967,#803,.T.);
#4604=EDGE_CURVE('',#5326,#4966,#804,.T.);
#4605=EDGE_CURVE('',#5327,#4965,#805,.T.);
#4606=EDGE_CURVE('',#5328,#4964,#806,.T.);
#4607=EDGE_CURVE('',#5329,#4963,#807,.T.);
#4608=EDGE_CURVE('',#5330,#4962,#808,.T.);
#4609=EDGE_CURVE('',#5319,#4961,#809,.T.);
#4610=EDGE_CURVE('',#5332,#4698,#810,.T.);
#4611=EDGE_CURVE('',#5333,#4697,#811,.T.);
#4612=EDGE_CURVE('',#5334,#4712,#812,.T.);
#4613=EDGE_CURVE('',#5335,#4711,#813,.T.);
#4614=EDGE_CURVE('',#5336,#4710,#814,.T.);
#4615=EDGE_CURVE('',#5337,#4709,#815,.T.);
#4616=EDGE_CURVE('',#5338,#4708,#816,.T.);
#4617=EDGE_CURVE('',#5339,#4707,#817,.T.);
#4618=EDGE_CURVE('',#5340,#4706,#818,.T.);
#4619=EDGE_CURVE('',#5341,#4705,#819,.T.);
#4620=EDGE_CURVE('',#5342,#4704,#820,.T.);
#4621=EDGE_CURVE('',#5343,#4703,#821,.T.);
#4622=EDGE_CURVE('',#5344,#4702,#822,.T.);
#4623=EDGE_CURVE('',#5345,#4701,#823,.T.);
#4624=EDGE_CURVE('',#5346,#4700,#824,.T.);
#4625=EDGE_CURVE('',#5331,#4699,#825,.T.);
#4626=EDGE_CURVE('',#5075,#4981,#826,.T.);
#4627=EDGE_CURVE('',#4980,#5076,#827,.T.);
#4628=EDGE_CURVE('',#5055,#4978,#828,.T.);
#4629=EDGE_CURVE('',#4977,#5057,#829,.T.);
#4630=EDGE_CURVE('',#4979,#5056,#830,.F.);
#4631=EDGE_CURVE('',#5062,#4971,#831,.F.);
#4632=EDGE_CURVE('',#5063,#4972,#832,.F.);
#4633=EDGE_CURVE('',#5060,#4974,#833,.F.);
#4634=EDGE_CURVE('',#4973,#5061,#834,.T.);
#4635=EDGE_CURVE('',#5058,#4976,#835,.T.);
#4636=EDGE_CURVE('',#4992,#5064,#836,.F.);
#4637=EDGE_CURVE('',#5065,#4991,#837,.T.);
#4638=EDGE_CURVE('',#4975,#5059,#838,.F.);
#4639=EDGE_CURVE('',#4990,#5066,#839,.F.);
#4640=EDGE_CURVE('',#5074,#4982,#840,.F.);
#4641=EDGE_CURVE('',#4987,#5069,#841,.T.);
#4642=EDGE_CURVE('',#4986,#5070,#842,.F.);
#4643=EDGE_CURVE('',#4989,#5067,#843,.F.);
#4644=EDGE_CURVE('',#5068,#4988,#844,.T.);
#4645=EDGE_CURVE('',#5073,#4983,#845,.F.);
#4646=EDGE_CURVE('',#5071,#4985,#846,.F.);
#4647=EDGE_CURVE('',#4984,#5072,#847,.T.);
#4648=EDGE_CURVE('',#4693,#5355,#848,.F.);
#4649=EDGE_CURVE('',#5348,#4692,#849,.T.);
#4650=EDGE_CURVE('',#4695,#5353,#850,.F.);
#4651=EDGE_CURVE('',#5354,#4694,#851,.T.);
#4652=EDGE_CURVE('',#4690,#5349,#852,.T.);
#4653=EDGE_CURVE('',#5350,#4688,#853,.F.);
#4654=EDGE_CURVE('',#4691,#5347,#854,.T.);
#4655=EDGE_CURVE('',#4689,#5351,#855,.T.);
#4656=EDGE_CURVE('',#5352,#4696,#856,.F.);
#4657=EDGE_CURVE('',#5034,#4999,#857,.T.);
#4658=EDGE_CURVE('',#4998,#5033,#858,.T.);
#4659=EDGE_CURVE('',#5038,#4993,#859,.T.);
#4660=EDGE_CURVE('',#5039,#4994,#860,.F.);
#4661=EDGE_CURVE('',#5014,#5040,#861,.F.);
#4662=EDGE_CURVE('',#5041,#5013,#862,.T.);
#4663=EDGE_CURVE('',#4997,#5035,#863,.T.);
#4664=EDGE_CURVE('',#5036,#4996,#864,.T.);
#4665=EDGE_CURVE('',#4995,#5037,#865,.F.);
#4666=EDGE_CURVE('',#5012,#5042,#866,.F.);
#4667=EDGE_CURVE('',#5054,#5000,#867,.F.);
#4668=EDGE_CURVE('',#5053,#5001,#868,.T.);
#4669=EDGE_CURVE('',#5051,#5003,#869,.F.);
#4670=EDGE_CURVE('',#5002,#5052,#870,.F.);
#4671=EDGE_CURVE('',#5047,#5007,#871,.F.);
#4672=EDGE_CURVE('',#5006,#5048,#872,.T.);
#4673=EDGE_CURVE('',#5009,#5045,#873,.T.);
#4674=EDGE_CURVE('',#5008,#5046,#874,.T.);
#4675=EDGE_CURVE('',#5004,#5050,#875,.T.);
#4676=EDGE_CURVE('',#5049,#5005,#876,.F.);
#4677=EDGE_CURVE('',#5011,#5043,#877,.F.);
#4678=EDGE_CURVE('',#5044,#5010,#878,.T.);
#4679=EDGE_CURVE('',#5018,#5030,#879,.F.);
#4680=EDGE_CURVE('',#5031,#5017,#880,.T.);
#4681=EDGE_CURVE('',#5015,#5032,#881,.F.);
#4682=EDGE_CURVE('',#5025,#5016,#882,.T.);
#4683=EDGE_CURVE('',#5021,#5027,#883,.F.);
#4684=EDGE_CURVE('',#5028,#5020,#884,.F.);
#4685=EDGE_CURVE('',#5023,#5024,#885,.T.);
#4686=EDGE_CURVE('',#5026,#5022,#886,.F.);
#4687=EDGE_CURVE('',#5029,#5019,#887,.F.);
#4688=VERTEX_POINT('',#9840);
#4689=VERTEX_POINT('',#9841);
#4690=VERTEX_POINT('',#9843);
#4691=VERTEX_POINT('',#9845);
#4692=VERTEX_POINT('',#9847);
#4693=VERTEX_POINT('',#9852);
#4694=VERTEX_POINT('',#9854);
#4695=VERTEX_POINT('',#9859);
#4696=VERTEX_POINT('',#9861);
#4697=VERTEX_POINT('',#9864);
#4698=VERTEX_POINT('',#9865);
#4699=VERTEX_POINT('',#9867);
#4700=VERTEX_POINT('',#9869);
#4701=VERTEX_POINT('',#9871);
#4702=VERTEX_POINT('',#9873);
#4703=VERTEX_POINT('',#9875);
#4704=VERTEX_POINT('',#9877);
#4705=VERTEX_POINT('',#9879);
#4706=VERTEX_POINT('',#9881);
#4707=VERTEX_POINT('',#9883);
#4708=VERTEX_POINT('',#9885);
#4709=VERTEX_POINT('',#9887);
#4710=VERTEX_POINT('',#9889);
#4711=VERTEX_POINT('',#9891);
#4712=VERTEX_POINT('',#9893);
#4713=VERTEX_POINT('',#9896);
#4714=VERTEX_POINT('',#9897);
#4715=VERTEX_POINT('',#9899);
#4716=VERTEX_POINT('',#9901);
#4717=VERTEX_POINT('',#9903);
#4718=VERTEX_POINT('',#9905);
#4719=VERTEX_POINT('',#9907);
#4720=VERTEX_POINT('',#9909);
#4721=VERTEX_POINT('',#9911);
#4722=VERTEX_POINT('',#9913);
#4723=VERTEX_POINT('',#9916);
#4724=VERTEX_POINT('',#9917);
#4725=VERTEX_POINT('',#9919);
#4726=VERTEX_POINT('',#9921);
#4727=VERTEX_POINT('',#9923);
#4728=VERTEX_POINT('',#9925);
#4729=VERTEX_POINT('',#9927);
#4730=VERTEX_POINT('',#9929);
#4731=VERTEX_POINT('',#9931);
#4732=VERTEX_POINT('',#9933);
#4733=VERTEX_POINT('',#9935);
#4734=VERTEX_POINT('',#9937);
#4735=VERTEX_POINT('',#9939);
#4736=VERTEX_POINT('',#9941);
#4737=VERTEX_POINT('',#9944);
#4738=VERTEX_POINT('',#9945);
#4739=VERTEX_POINT('',#9947);
#4740=VERTEX_POINT('',#9949);
#4741=VERTEX_POINT('',#9951);
#4742=VERTEX_POINT('',#9953);
#4743=VERTEX_POINT('',#9955);
#4744=VERTEX_POINT('',#9957);
#4745=VERTEX_POINT('',#9959);
#4746=VERTEX_POINT('',#9961);
#4747=VERTEX_POINT('',#9963);
#4748=VERTEX_POINT('',#9965);
#4749=VERTEX_POINT('',#9967);
#4750=VERTEX_POINT('',#9969);
#4751=VERTEX_POINT('',#9971);
#4752=VERTEX_POINT('',#9974);
#4753=VERTEX_POINT('',#9975);
#4754=VERTEX_POINT('',#9977);
#4755=VERTEX_POINT('',#9979);
#4756=VERTEX_POINT('',#9981);
#4757=VERTEX_POINT('',#9983);
#4758=VERTEX_POINT('',#9985);
#4759=VERTEX_POINT('',#9987);
#4760=VERTEX_POINT('',#9989);
#4761=VERTEX_POINT('',#9991);
#4762=VERTEX_POINT('',#9994);
#4763=VERTEX_POINT('',#9995);
#4764=VERTEX_POINT('',#9997);
#4765=VERTEX_POINT('',#9999);
#4766=VERTEX_POINT('',#10001);
#4767=VERTEX_POINT('',#10003);
#4768=VERTEX_POINT('',#10005);
#4769=VERTEX_POINT('',#10007);
#4770=VERTEX_POINT('',#10009);
#4771=VERTEX_POINT('',#10011);
#4772=VERTEX_POINT('',#10013);
#4773=VERTEX_POINT('',#10015);
#4774=VERTEX_POINT('',#10018);
#4775=VERTEX_POINT('',#10019);
#4776=VERTEX_POINT('',#10021);
#4777=VERTEX_POINT('',#10023);
#4778=VERTEX_POINT('',#10025);
#4779=VERTEX_POINT('',#10027);
#4780=VERTEX_POINT('',#10029);
#4781=VERTEX_POINT('',#10031);
#4782=VERTEX_POINT('',#10034);
#4783=VERTEX_POINT('',#10035);
#4784=VERTEX_POINT('',#10037);
#4785=VERTEX_POINT('',#10039);
#4786=VERTEX_POINT('',#10041);
#4787=VERTEX_POINT('',#10043);
#4788=VERTEX_POINT('',#10045);
#4789=VERTEX_POINT('',#10047);
#4790=VERTEX_POINT('',#10049);
#4791=VERTEX_POINT('',#10052);
#4792=VERTEX_POINT('',#10053);
#4793=VERTEX_POINT('',#10055);
#4794=VERTEX_POINT('',#10057);
#4795=VERTEX_POINT('',#10059);
#4796=VERTEX_POINT('',#10061);
#4797=VERTEX_POINT('',#10063);
#4798=VERTEX_POINT('',#10065);
#4799=VERTEX_POINT('',#10068);
#4800=VERTEX_POINT('',#10069);
#4801=VERTEX_POINT('',#10071);
#4802=VERTEX_POINT('',#10073);
#4803=VERTEX_POINT('',#10075);
#4804=VERTEX_POINT('',#10077);
#4805=VERTEX_POINT('',#10079);
#4806=VERTEX_POINT('',#10081);
#4807=VERTEX_POINT('',#10083);
#4808=VERTEX_POINT('',#10085);
#4809=VERTEX_POINT('',#10087);
#4810=VERTEX_POINT('',#10089);
#4811=VERTEX_POINT('',#10091);
#4812=VERTEX_POINT('',#10093);
#4813=VERTEX_POINT('',#10095);
#4814=VERTEX_POINT('',#10097);
#4815=VERTEX_POINT('',#10100);
#4816=VERTEX_POINT('',#10101);
#4817=VERTEX_POINT('',#10103);
#4818=VERTEX_POINT('',#10105);
#4819=VERTEX_POINT('',#10107);
#4820=VERTEX_POINT('',#10109);
#4821=VERTEX_POINT('',#10111);
#4822=VERTEX_POINT('',#10113);
#4823=VERTEX_POINT('',#10115);
#4824=VERTEX_POINT('',#10117);
#4825=VERTEX_POINT('',#10119);
#4826=VERTEX_POINT('',#10121);
#4827=VERTEX_POINT('',#10123);
#4828=VERTEX_POINT('',#10125);
#4829=VERTEX_POINT('',#10127);
#4830=VERTEX_POINT('',#10130);
#4831=VERTEX_POINT('',#10131);
#4832=VERTEX_POINT('',#10133);
#4833=VERTEX_POINT('',#10135);
#4834=VERTEX_POINT('',#10137);
#4835=VERTEX_POINT('',#10139);
#4836=VERTEX_POINT('',#10141);
#4837=VERTEX_POINT('',#10143);
#4838=VERTEX_POINT('',#10145);
#4839=VERTEX_POINT('',#10147);
#4840=VERTEX_POINT('',#10149);
#4841=VERTEX_POINT('',#10151);
#4842=VERTEX_POINT('',#10153);
#4843=VERTEX_POINT('',#10155);
#4844=VERTEX_POINT('',#10157);
#4845=VERTEX_POINT('',#10159);
#4846=VERTEX_POINT('',#10161);
#4847=VERTEX_POINT('',#10163);
#4848=VERTEX_POINT('',#10165);
#4849=VERTEX_POINT('',#10167);
#4850=VERTEX_POINT('',#10170);
#4851=VERTEX_POINT('',#10171);
#4852=VERTEX_POINT('',#10173);
#4853=VERTEX_POINT('',#10175);
#4854=VERTEX_POINT('',#10177);
#4855=VERTEX_POINT('',#10179);
#4856=VERTEX_POINT('',#10181);
#4857=VERTEX_POINT('',#10183);
#4858=VERTEX_POINT('',#10185);
#4859=VERTEX_POINT('',#10187);
#4860=VERTEX_POINT('',#10189);
#4861=VERTEX_POINT('',#10191);
#4862=VERTEX_POINT('',#10193);
#4863=VERTEX_POINT('',#10195);
#4864=VERTEX_POINT('',#10197);
#4865=VERTEX_POINT('',#10199);
#4866=VERTEX_POINT('',#10202);
#4867=VERTEX_POINT('',#10203);
#4868=VERTEX_POINT('',#10205);
#4869=VERTEX_POINT('',#10207);
#4870=VERTEX_POINT('',#10209);
#4871=VERTEX_POINT('',#10211);
#4872=VERTEX_POINT('',#10213);
#4873=VERTEX_POINT('',#10215);
#4874=VERTEX_POINT('',#10217);
#4875=VERTEX_POINT('',#10219);
#4876=VERTEX_POINT('',#10221);
#4877=VERTEX_POINT('',#10223);
#4878=VERTEX_POINT('',#10225);
#4879=VERTEX_POINT('',#10227);
#4880=VERTEX_POINT('',#10229);
#4881=VERTEX_POINT('',#10231);
#4882=VERTEX_POINT('',#10233);
#4883=VERTEX_POINT('',#10235);
#4884=VERTEX_POINT('',#10237);
#4885=VERTEX_POINT('',#10239);
#4886=VERTEX_POINT('',#10242);
#4887=VERTEX_POINT('',#10243);
#4888=VERTEX_POINT('',#10245);
#4889=VERTEX_POINT('',#10247);
#4890=VERTEX_POINT('',#10249);
#4891=VERTEX_POINT('',#10251);
#4892=VERTEX_POINT('',#10253);
#4893=VERTEX_POINT('',#10255);
#4894=VERTEX_POINT('',#10257);
#4895=VERTEX_POINT('',#10259);
#4896=VERTEX_POINT('',#10261);
#4897=VERTEX_POINT('',#10263);
#4898=VERTEX_POINT('',#10266);
#4899=VERTEX_POINT('',#10267);
#4900=VERTEX_POINT('',#10269);
#4901=VERTEX_POINT('',#10271);
#4902=VERTEX_POINT('',#10273);
#4903=VERTEX_POINT('',#10275);
#4904=VERTEX_POINT('',#10277);
#4905=VERTEX_POINT('',#10279);
#4906=VERTEX_POINT('',#10281);
#4907=VERTEX_POINT('',#10283);
#4908=VERTEX_POINT('',#10285);
#4909=VERTEX_POINT('',#10287);
#4910=VERTEX_POINT('',#10289);
#4911=VERTEX_POINT('',#10291);
#4912=VERTEX_POINT('',#10294);
#4913=VERTEX_POINT('',#10295);
#4914=VERTEX_POINT('',#10297);
#4915=VERTEX_POINT('',#10299);
#4916=VERTEX_POINT('',#10301);
#4917=VERTEX_POINT('',#10303);
#4918=VERTEX_POINT('',#10305);
#4919=VERTEX_POINT('',#10307);
#4920=VERTEX_POINT('',#10309);
#4921=VERTEX_POINT('',#10312);
#4922=VERTEX_POINT('',#10313);
#4923=VERTEX_POINT('',#10315);
#4924=VERTEX_POINT('',#10317);
#4925=VERTEX_POINT('',#10319);
#4926=VERTEX_POINT('',#10321);
#4927=VERTEX_POINT('',#10323);
#4928=VERTEX_POINT('',#10325);
#4929=VERTEX_POINT('',#10327);
#4930=VERTEX_POINT('',#10329);
#4931=VERTEX_POINT('',#10331);
#4932=VERTEX_POINT('',#10333);
#4933=VERTEX_POINT('',#10335);
#4934=VERTEX_POINT('',#10337);
#4935=VERTEX_POINT('',#10339);
#4936=VERTEX_POINT('',#10342);
#4937=VERTEX_POINT('',#10343);
#4938=VERTEX_POINT('',#10345);
#4939=VERTEX_POINT('',#10347);
#4940=VERTEX_POINT('',#10349);
#4941=VERTEX_POINT('',#10351);
#4942=VERTEX_POINT('',#10353);
#4943=VERTEX_POINT('',#10355);
#4944=VERTEX_POINT('',#10357);
#4945=VERTEX_POINT('',#10359);
#4946=VERTEX_POINT('',#10361);
#4947=VERTEX_POINT('',#10363);
#4948=VERTEX_POINT('',#10365);
#4949=VERTEX_POINT('',#10367);
#4950=VERTEX_POINT('',#10369);
#4951=VERTEX_POINT('',#10372);
#4952=VERTEX_POINT('',#10373);
#4953=VERTEX_POINT('',#10375);
#4954=VERTEX_POINT('',#10377);
#4955=VERTEX_POINT('',#10379);
#4956=VERTEX_POINT('',#10381);
#4957=VERTEX_POINT('',#10383);
#4958=VERTEX_POINT('',#10385);
#4959=VERTEX_POINT('',#10388);
#4960=VERTEX_POINT('',#10389);
#4961=VERTEX_POINT('',#10391);
#4962=VERTEX_POINT('',#10393);
#4963=VERTEX_POINT('',#10395);
#4964=VERTEX_POINT('',#10397);
#4965=VERTEX_POINT('',#10399);
#4966=VERTEX_POINT('',#10401);
#4967=VERTEX_POINT('',#10403);
#4968=VERTEX_POINT('',#10405);
#4969=VERTEX_POINT('',#10407);
#4970=VERTEX_POINT('',#10412);
#4971=VERTEX_POINT('',#10418);
#4972=VERTEX_POINT('',#10419);
#4973=VERTEX_POINT('',#10421);
#4974=VERTEX_POINT('',#10423);
#4975=VERTEX_POINT('',#10425);
#4976=VERTEX_POINT('',#10427);
#4977=VERTEX_POINT('',#10429);
#4978=VERTEX_POINT('',#10431);
#4979=VERTEX_POINT('',#10433);
#4980=VERTEX_POINT('',#10435);
#4981=VERTEX_POINT('',#10437);
#4982=VERTEX_POINT('',#10439);
#4983=VERTEX_POINT('',#10441);
#4984=VERTEX_POINT('',#10443);
#4985=VERTEX_POINT('',#10445);
#4986=VERTEX_POINT('',#10447);
#4987=VERTEX_POINT('',#10449);
#4988=VERTEX_POINT('',#10451);
#4989=VERTEX_POINT('',#10456);
#4990=VERTEX_POINT('',#10458);
#4991=VERTEX_POINT('',#10460);
#4992=VERTEX_POINT('',#10474);
#4993=VERTEX_POINT('',#10477);
#4994=VERTEX_POINT('',#10478);
#4995=VERTEX_POINT('',#10480);
#4996=VERTEX_POINT('',#10482);
#4997=VERTEX_POINT('',#10484);
#4998=VERTEX_POINT('',#10486);
#4999=VERTEX_POINT('',#10488);
#5000=VERTEX_POINT('',#10490);
#5001=VERTEX_POINT('',#10492);
#5002=VERTEX_POINT('',#10494);
#5003=VERTEX_POINT('',#10496);
#5004=VERTEX_POINT('',#10498);
#5005=VERTEX_POINT('',#10500);
#5006=VERTEX_POINT('',#10502);
#5007=VERTEX_POINT('',#10504);
#5008=VERTEX_POINT('',#10506);
#5009=VERTEX_POINT('',#10508);
#5010=VERTEX_POINT('',#10510);
#5011=VERTEX_POINT('',#10524);
#5012=VERTEX_POINT('',#10526);
#5013=VERTEX_POINT('',#10528);
#5014=VERTEX_POINT('',#10533);
#5015=VERTEX_POINT('',#10539);
#5016=VERTEX_POINT('',#10540);
#5017=VERTEX_POINT('',#10542);
#5018=VERTEX_POINT('',#10547);
#5019=VERTEX_POINT('',#10549);
#5020=VERTEX_POINT('',#10551);
#5021=VERTEX_POINT('',#10553);
#5022=VERTEX_POINT('',#10555);
#5023=VERTEX_POINT('',#10557);
#5024=VERTEX_POINT('',#10561);
#5025=VERTEX_POINT('',#10562);
#5026=VERTEX_POINT('',#10564);
#5027=VERTEX_POINT('',#10566);
#5028=VERTEX_POINT('',#10568);
#5029=VERTEX_POINT('',#10570);
#5030=VERTEX_POINT('',#10572);
#5031=VERTEX_POINT('',#10577);
#5032=VERTEX_POINT('',#10579);
#5033=VERTEX_POINT('',#10585);
#5034=VERTEX_POINT('',#10586);
#5035=VERTEX_POINT('',#10588);
#5036=VERTEX_POINT('',#10590);
#5037=VERTEX_POINT('',#10592);
#5038=VERTEX_POINT('',#10594);
#5039=VERTEX_POINT('',#10596);
#5040=VERTEX_POINT('',#10598);
#5041=VERTEX_POINT('',#10603);
#5042=VERTEX_POINT('',#10605);
#5043=VERTEX_POINT('',#10607);
#5044=VERTEX_POINT('',#10621);
#5045=VERTEX_POINT('',#10623);
#5046=VERTEX_POINT('',#10625);
#5047=VERTEX_POINT('',#10627);
#5048=VERTEX_POINT('',#10629);
#5049=VERTEX_POINT('',#10631);
#5050=VERTEX_POINT('',#10633);
#5051=VERTEX_POINT('',#10635);
#5052=VERTEX_POINT('',#10637);
#5053=VERTEX_POINT('',#10639);
#5054=VERTEX_POINT('',#10641);
#5055=VERTEX_POINT('',#10644);
#5056=VERTEX_POINT('',#10645);
#5057=VERTEX_POINT('',#10647);
#5058=VERTEX_POINT('',#10649);
#5059=VERTEX_POINT('',#10651);
#5060=VERTEX_POINT('',#10653);
#5061=VERTEX_POINT('',#10655);
#5062=VERTEX_POINT('',#10657);
#5063=VERTEX_POINT('',#10659);
#5064=VERTEX_POINT('',#10661);
#5065=VERTEX_POINT('',#10675);
#5066=VERTEX_POINT('',#10677);
#5067=VERTEX_POINT('',#10679);
#5068=VERTEX_POINT('',#10684);
#5069=VERTEX_POINT('',#10686);
#5070=VERTEX_POINT('',#10688);
#5071=VERTEX_POINT('',#10690);
#5072=VERTEX_POINT('',#10692);
#5073=VERTEX_POINT('',#10694);
#5074=VERTEX_POINT('',#10696);
#5075=VERTEX_POINT('',#10698);
#5076=VERTEX_POINT('',#10700);
#5077=VERTEX_POINT('',#10703);
#5078=VERTEX_POINT('',#10704);
#5079=VERTEX_POINT('',#10706);
#5080=VERTEX_POINT('',#10708);
#5081=VERTEX_POINT('',#10710);
#5082=VERTEX_POINT('',#10712);
#5083=VERTEX_POINT('',#10714);
#5084=VERTEX_POINT('',#10716);
#5085=VERTEX_POINT('',#10719);
#5086=VERTEX_POINT('',#10720);
#5087=VERTEX_POINT('',#10722);
#5088=VERTEX_POINT('',#10724);
#5089=VERTEX_POINT('',#10726);
#5090=VERTEX_POINT('',#10728);
#5091=VERTEX_POINT('',#10730);
#5092=VERTEX_POINT('',#10732);
#5093=VERTEX_POINT('',#10734);
#5094=VERTEX_POINT('',#10736);
#5095=VERTEX_POINT('',#10738);
#5096=VERTEX_POINT('',#10740);
#5097=VERTEX_POINT('',#10742);
#5098=VERTEX_POINT('',#10744);
#5099=VERTEX_POINT('',#10746);
#5100=VERTEX_POINT('',#10749);
#5101=VERTEX_POINT('',#10750);
#5102=VERTEX_POINT('',#10752);
#5103=VERTEX_POINT('',#10754);
#5104=VERTEX_POINT('',#10756);
#5105=VERTEX_POINT('',#10758);
#5106=VERTEX_POINT('',#10760);
#5107=VERTEX_POINT('',#10762);
#5108=VERTEX_POINT('',#10764);
#5109=VERTEX_POINT('',#10766);
#5110=VERTEX_POINT('',#10768);
#5111=VERTEX_POINT('',#10770);
#5112=VERTEX_POINT('',#10772);
#5113=VERTEX_POINT('',#10774);
#5114=VERTEX_POINT('',#10776);
#5115=VERTEX_POINT('',#10779);
#5116=VERTEX_POINT('',#10780);
#5117=VERTEX_POINT('',#10782);
#5118=VERTEX_POINT('',#10784);
#5119=VERTEX_POINT('',#10786);
#5120=VERTEX_POINT('',#10788);
#5121=VERTEX_POINT('',#10790);
#5122=VERTEX_POINT('',#10792);
#5123=VERTEX_POINT('',#10794);
#5124=VERTEX_POINT('',#10797);
#5125=VERTEX_POINT('',#10798);
#5126=VERTEX_POINT('',#10800);
#5127=VERTEX_POINT('',#10802);
#5128=VERTEX_POINT('',#10804);
#5129=VERTEX_POINT('',#10806);
#5130=VERTEX_POINT('',#10808);
#5131=VERTEX_POINT('',#10810);
#5132=VERTEX_POINT('',#10812);
#5133=VERTEX_POINT('',#10814);
#5134=VERTEX_POINT('',#10816);
#5135=VERTEX_POINT('',#10818);
#5136=VERTEX_POINT('',#10820);
#5137=VERTEX_POINT('',#10822);
#5138=VERTEX_POINT('',#10825);
#5139=VERTEX_POINT('',#10826);
#5140=VERTEX_POINT('',#10828);
#5141=VERTEX_POINT('',#10830);
#5142=VERTEX_POINT('',#10832);
#5143=VERTEX_POINT('',#10834);
#5144=VERTEX_POINT('',#10836);
#5145=VERTEX_POINT('',#10838);
#5146=VERTEX_POINT('',#10840);
#5147=VERTEX_POINT('',#10842);
#5148=VERTEX_POINT('',#10844);
#5149=VERTEX_POINT('',#10846);
#5150=VERTEX_POINT('',#10849);
#5151=VERTEX_POINT('',#10850);
#5152=VERTEX_POINT('',#10852);
#5153=VERTEX_POINT('',#10854);
#5154=VERTEX_POINT('',#10856);
#5155=VERTEX_POINT('',#10858);
#5156=VERTEX_POINT('',#10860);
#5157=VERTEX_POINT('',#10862);
#5158=VERTEX_POINT('',#10864);
#5159=VERTEX_POINT('',#10866);
#5160=VERTEX_POINT('',#10868);
#5161=VERTEX_POINT('',#10870);
#5162=VERTEX_POINT('',#10872);
#5163=VERTEX_POINT('',#10874);
#5164=VERTEX_POINT('',#10876);
#5165=VERTEX_POINT('',#10878);
#5166=VERTEX_POINT('',#10880);
#5167=VERTEX_POINT('',#10882);
#5168=VERTEX_POINT('',#10884);
#5169=VERTEX_POINT('',#10886);
#5170=VERTEX_POINT('',#10889);
#5171=VERTEX_POINT('',#10890);
#5172=VERTEX_POINT('',#10892);
#5173=VERTEX_POINT('',#10894);
#5174=VERTEX_POINT('',#10896);
#5175=VERTEX_POINT('',#10898);
#5176=VERTEX_POINT('',#10900);
#5177=VERTEX_POINT('',#10902);
#5178=VERTEX_POINT('',#10904);
#5179=VERTEX_POINT('',#10906);
#5180=VERTEX_POINT('',#10908);
#5181=VERTEX_POINT('',#10910);
#5182=VERTEX_POINT('',#10912);
#5183=VERTEX_POINT('',#10914);
#5184=VERTEX_POINT('',#10916);
#5185=VERTEX_POINT('',#10918);
#5186=VERTEX_POINT('',#10921);
#5187=VERTEX_POINT('',#10922);
#5188=VERTEX_POINT('',#10924);
#5189=VERTEX_POINT('',#10926);
#5190=VERTEX_POINT('',#10928);
#5191=VERTEX_POINT('',#10930);
#5192=VERTEX_POINT('',#10932);
#5193=VERTEX_POINT('',#10934);
#5194=VERTEX_POINT('',#10936);
#5195=VERTEX_POINT('',#10938);
#5196=VERTEX_POINT('',#10940);
#5197=VERTEX_POINT('',#10942);
#5198=VERTEX_POINT('',#10944);
#5199=VERTEX_POINT('',#10946);
#5200=VERTEX_POINT('',#10948);
#5201=VERTEX_POINT('',#10950);
#5202=VERTEX_POINT('',#10952);
#5203=VERTEX_POINT('',#10954);
#5204=VERTEX_POINT('',#10956);
#5205=VERTEX_POINT('',#10958);
#5206=VERTEX_POINT('',#10961);
#5207=VERTEX_POINT('',#10962);
#5208=VERTEX_POINT('',#10964);
#5209=VERTEX_POINT('',#10966);
#5210=VERTEX_POINT('',#10968);
#5211=VERTEX_POINT('',#10970);
#5212=VERTEX_POINT('',#10972);
#5213=VERTEX_POINT('',#10974);
#5214=VERTEX_POINT('',#10976);
#5215=VERTEX_POINT('',#10978);
#5216=VERTEX_POINT('',#10980);
#5217=VERTEX_POINT('',#10982);
#5218=VERTEX_POINT('',#10984);
#5219=VERTEX_POINT('',#10986);
#5220=VERTEX_POINT('',#10988);
#5221=VERTEX_POINT('',#10991);
#5222=VERTEX_POINT('',#10992);
#5223=VERTEX_POINT('',#10994);
#5224=VERTEX_POINT('',#10996);
#5225=VERTEX_POINT('',#10998);
#5226=VERTEX_POINT('',#11000);
#5227=VERTEX_POINT('',#11002);
#5228=VERTEX_POINT('',#11004);
#5229=VERTEX_POINT('',#11006);
#5230=VERTEX_POINT('',#11008);
#5231=VERTEX_POINT('',#11010);
#5232=VERTEX_POINT('',#11012);
#5233=VERTEX_POINT('',#11014);
#5234=VERTEX_POINT('',#11016);
#5235=VERTEX_POINT('',#11018);
#5236=VERTEX_POINT('',#11020);
#5237=VERTEX_POINT('',#11023);
#5238=VERTEX_POINT('',#11024);
#5239=VERTEX_POINT('',#11026);
#5240=VERTEX_POINT('',#11028);
#5241=VERTEX_POINT('',#11030);
#5242=VERTEX_POINT('',#11032);
#5243=VERTEX_POINT('',#11034);
#5244=VERTEX_POINT('',#11036);
#5245=VERTEX_POINT('',#11038);
#5246=VERTEX_POINT('',#11040);
#5247=VERTEX_POINT('',#11042);
#5248=VERTEX_POINT('',#11044);
#5249=VERTEX_POINT('',#11046);
#5250=VERTEX_POINT('',#11048);
#5251=VERTEX_POINT('',#11050);
#5252=VERTEX_POINT('',#11053);
#5253=VERTEX_POINT('',#11054);
#5254=VERTEX_POINT('',#11056);
#5255=VERTEX_POINT('',#11058);
#5256=VERTEX_POINT('',#11060);
#5257=VERTEX_POINT('',#11062);
#5258=VERTEX_POINT('',#11064);
#5259=VERTEX_POINT('',#11066);
#5260=VERTEX_POINT('',#11069);
#5261=VERTEX_POINT('',#11070);
#5262=VERTEX_POINT('',#11072);
#5263=VERTEX_POINT('',#11074);
#5264=VERTEX_POINT('',#11076);
#5265=VERTEX_POINT('',#11078);
#5266=VERTEX_POINT('',#11080);
#5267=VERTEX_POINT('',#11082);
#5268=VERTEX_POINT('',#11084);
#5269=VERTEX_POINT('',#11086);
#5270=VERTEX_POINT('',#11089);
#5271=VERTEX_POINT('',#11090);
#5272=VERTEX_POINT('',#11092);
#5273=VERTEX_POINT('',#11094);
#5274=VERTEX_POINT('',#11096);
#5275=VERTEX_POINT('',#11098);
#5276=VERTEX_POINT('',#11100);
#5277=VERTEX_POINT('',#11102);
#5278=VERTEX_POINT('',#11104);
#5279=VERTEX_POINT('',#11106);
#5280=VERTEX_POINT('',#11108);
#5281=VERTEX_POINT('',#11110);
#5282=VERTEX_POINT('',#11113);
#5283=VERTEX_POINT('',#11114);
#5284=VERTEX_POINT('',#11116);
#5285=VERTEX_POINT('',#11118);
#5286=VERTEX_POINT('',#11121);
#5287=VERTEX_POINT('',#11122);
#5288=VERTEX_POINT('',#11124);
#5289=VERTEX_POINT('',#11126);
#5290=VERTEX_POINT('',#11128);
#5291=VERTEX_POINT('',#11130);
#5292=VERTEX_POINT('',#11132);
#5293=VERTEX_POINT('',#11134);
#5294=VERTEX_POINT('',#11136);
#5295=VERTEX_POINT('',#11139);
#5296=VERTEX_POINT('',#11140);
#5297=VERTEX_POINT('',#11142);
#5298=VERTEX_POINT('',#11144);
#5299=VERTEX_POINT('',#11146);
#5300=VERTEX_POINT('',#11148);
#5301=VERTEX_POINT('',#11150);
#5302=VERTEX_POINT('',#11152);
#5303=VERTEX_POINT('',#11154);
#5304=VERTEX_POINT('',#11156);
#5305=VERTEX_POINT('',#11158);
#5306=VERTEX_POINT('',#11160);
#5307=VERTEX_POINT('',#11162);
#5308=VERTEX_POINT('',#11164);
#5309=VERTEX_POINT('',#11167);
#5310=VERTEX_POINT('',#11168);
#5311=VERTEX_POINT('',#11170);
#5312=VERTEX_POINT('',#11172);
#5313=VERTEX_POINT('',#11174);
#5314=VERTEX_POINT('',#11176);
#5315=VERTEX_POINT('',#11178);
#5316=VERTEX_POINT('',#11180);
#5317=VERTEX_POINT('',#11182);
#5318=VERTEX_POINT('',#11184);
#5319=VERTEX_POINT('',#11187);
#5320=VERTEX_POINT('',#11188);
#5321=VERTEX_POINT('',#11190);
#5322=VERTEX_POINT('',#11195);
#5323=VERTEX_POINT('',#11200);
#5324=VERTEX_POINT('',#11202);
#5325=VERTEX_POINT('',#11204);
#5326=VERTEX_POINT('',#11206);
#5327=VERTEX_POINT('',#11208);
#5328=VERTEX_POINT('',#11210);
#5329=VERTEX_POINT('',#11212);
#5330=VERTEX_POINT('',#11214);
#5331=VERTEX_POINT('',#11217);
#5332=VERTEX_POINT('',#11218);
#5333=VERTEX_POINT('',#11220);
#5334=VERTEX_POINT('',#11222);
#5335=VERTEX_POINT('',#11224);
#5336=VERTEX_POINT('',#11226);
#5337=VERTEX_POINT('',#11228);
#5338=VERTEX_POINT('',#11230);
#5339=VERTEX_POINT('',#11232);
#5340=VERTEX_POINT('',#11234);
#5341=VERTEX_POINT('',#11236);
#5342=VERTEX_POINT('',#11238);
#5343=VERTEX_POINT('',#11240);
#5344=VERTEX_POINT('',#11242);
#5345=VERTEX_POINT('',#11244);
#5346=VERTEX_POINT('',#11246);
#5347=VERTEX_POINT('',#11249);
#5348=VERTEX_POINT('',#11250);
#5349=VERTEX_POINT('',#11252);
#5350=VERTEX_POINT('',#11254);
#5351=VERTEX_POINT('',#11256);
#5352=VERTEX_POINT('',#11258);
#5353=VERTEX_POINT('',#11260);
#5354=VERTEX_POINT('',#11265);
#5355=VERTEX_POINT('',#11267);
#5356=VERTEX_POINT('',#11274);
#5357=VERTEX_POINT('',#11275);
#5358=VERTEX_POINT('',#11277);
#5359=VERTEX_POINT('',#11279);
#5360=VERTEX_POINT('',#11281);
#5361=VERTEX_POINT('',#11283);
#5362=VERTEX_POINT('',#11285);
#5363=VERTEX_POINT('',#11287);
#5364=VERTEX_POINT('',#11290);
#5365=VERTEX_POINT('',#11291);
#5366=VERTEX_POINT('',#11293);
#5367=VERTEX_POINT('',#11295);
#5368=VERTEX_POINT('',#11297);
#5369=VERTEX_POINT('',#11299);
#5370=VERTEX_POINT('',#11301);
#5371=VERTEX_POINT('',#11303);
#5372=VERTEX_POINT('',#11319);
#5373=VERTEX_POINT('',#11321);
#5374=VERTEX_POINT('',#11325);
#5375=VERTEX_POINT('',#11329);
#5376=VERTEX_POINT('',#11333);
#5377=VERTEX_POINT('',#11335);
#5378=VERTEX_POINT('',#11339);
#5379=VERTEX_POINT('',#11340);
#5380=VERTEX_POINT('',#11345);
#5381=VERTEX_POINT('',#11346);
#5382=VERTEX_POINT('',#11351);
#5383=VERTEX_POINT('',#11352);
#5384=CIRCLE('',#7074,0.00075);
#5385=CIRCLE('',#7075,0.000635);
#5386=CIRCLE('',#7076,0.00075);
#5387=CIRCLE('',#7077,0.00075);
#5388=CIRCLE('',#7078,0.00075);
#5389=CIRCLE('',#7079,0.000635);
#5390=CIRCLE('',#7080,0.000721692020714502);
#5391=CIRCLE('',#7081,0.000721692020714504);
#5392=CIRCLE('',#7082,0.0005);
#5393=CIRCLE('',#7083,0.0005);
#5394=CIRCLE('',#7084,0.0005);
#5395=CIRCLE('',#7085,0.0005);
#5396=CIRCLE('',#7086,0.0005);
#5397=CIRCLE('',#7087,0.0005);
#5398=CIRCLE('',#7088,0.0005);
#5399=CIRCLE('',#7089,0.0005);
#5400=CIRCLE('',#7090,0.0005);
#5401=CIRCLE('',#7091,0.0005);
#5402=CIRCLE('',#7092,0.0005);
#5403=CIRCLE('',#7093,0.0005);
#5404=CIRCLE('',#7094,0.00026);
#5405=CIRCLE('',#7095,0.0005);
#5406=CIRCLE('',#7096,0.0005);
#5407=CIRCLE('',#7097,0.0005);
#5408=CIRCLE('',#7098,0.0005);
#5409=CIRCLE('',#7099,0.0005);
#5410=CIRCLE('',#7100,0.0005);
#5411=CIRCLE('',#7101,0.0005);
#5412=CIRCLE('',#7102,0.0005);
#5413=CIRCLE('',#7103,0.0005);
#5414=CIRCLE('',#7104,0.0005);
#5415=CIRCLE('',#7105,0.0005);
#5416=CIRCLE('',#7106,0.0005);
#5417=CIRCLE('',#7107,0.0005);
#5418=CIRCLE('',#7108,0.0267436819338836);
#5419=CIRCLE('',#7109,0.00026);
#5420=CIRCLE('',#7110,0.0005);
#5421=CIRCLE('',#7111,0.0005);
#5422=CIRCLE('',#7112,0.0005);
#5423=CIRCLE('',#7113,0.0005);
#5424=CIRCLE('',#7114,0.003);
#5425=CIRCLE('',#7115,0.003);
#5426=CIRCLE('',#7116,0.003);
#5427=CIRCLE('',#7117,0.003);
#5428=CIRCLE('',#7118,0.00026);
#5429=CIRCLE('',#7119,0.0104485457237388);
#5430=CIRCLE('',#7120,0.0005);
#5431=CIRCLE('',#7121,0.0005);
#5432=CIRCLE('',#7122,0.0005);
#5433=CIRCLE('',#7123,0.0005);
#5434=CIRCLE('',#7124,0.0005);
#5435=CIRCLE('',#7125,0.0005);
#5436=CIRCLE('',#7126,0.0005);
#5437=CIRCLE('',#7127,0.0005);
#5438=CIRCLE('',#7128,0.0005);
#5439=CIRCLE('',#7129,0.0272436819338778);
#5440=CIRCLE('',#7130,0.0005);
#5441=CIRCLE('',#7131,0.00026);
#5442=CIRCLE('',#7132,0.0005);
#5443=CIRCLE('',#7133,0.0005);
#5444=CIRCLE('',#7134,0.0005);
#5445=CIRCLE('',#7135,0.0005);
#5446=CIRCLE('',#7136,0.0005);
#5447=CIRCLE('',#7137,0.0099485457237388);
#5448=CIRCLE('',#7138,0.0005);
#5449=CIRCLE('',#7139,0.0005);
#5450=CIRCLE('',#7140,0.0005);
#5451=CIRCLE('',#7141,0.0005);
#5452=CIRCLE('',#7142,0.0005);
#5453=CIRCLE('',#7143,0.0005);
#5454=CIRCLE('',#7144,0.0005);
#5455=CIRCLE('',#7145,0.00026);
#5456=CIRCLE('',#7146,0.0005);
#5457=CIRCLE('',#7147,0.0005);
#5458=CIRCLE('',#7148,0.0005);
#5459=CIRCLE('',#7149,0.0005);
#5460=CIRCLE('',#7150,0.00026);
#5461=CIRCLE('',#7151,0.0005);
#5462=CIRCLE('',#7152,0.0005);
#5463=CIRCLE('',#7153,0.0005);
#5464=CIRCLE('',#7154,0.0005);
#5465=CIRCLE('',#7155,0.0005);
#5466=CIRCLE('',#7156,0.0272436819338778);
#5467=CIRCLE('',#7157,0.0005);
#5468=CIRCLE('',#7158,0.0005);
#5469=CIRCLE('',#7159,0.0005);
#5470=CIRCLE('',#7160,0.0005);
#5471=CIRCLE('',#7161,0.0005);
#5472=CIRCLE('',#7162,0.0005);
#5473=CIRCLE('',#7163,0.00026);
#5474=CIRCLE('',#7164,0.0005);
#5475=CIRCLE('',#7165,0.0005);
#5476=CIRCLE('',#7166,0.0005);
#5477=CIRCLE('',#7167,0.00026);
#5478=CIRCLE('',#7168,0.0005);
#5479=CIRCLE('',#7169,0.0005);
#5480=CIRCLE('',#7170,0.0005);
#5481=CIRCLE('',#7171,0.0005);
#5482=CIRCLE('',#7172,0.00026);
#5483=CIRCLE('',#7173,0.0005);
#5484=CIRCLE('',#7174,0.0005);
#5485=CIRCLE('',#7175,0.00026);
#5486=CIRCLE('',#7176,0.0267436819338778);
#5487=CIRCLE('',#7177,0.0005);
#5488=CIRCLE('',#7178,0.0005);
#5489=CIRCLE('',#7179,0.0005);
#5490=CIRCLE('',#7180,0.0005);
#5491=CIRCLE('',#7181,0.0005);
#5492=CIRCLE('',#7182,0.0005);
#5493=CIRCLE('',#7183,0.0005);
#5494=CIRCLE('',#7184,0.0005);
#5495=CIRCLE('',#7185,0.0005);
#5496=CIRCLE('',#7186,0.0005);
#5497=CIRCLE('',#7187,0.0005);
#5498=CIRCLE('',#7188,0.0005);
#5499=CIRCLE('',#7189,0.0005);
#5500=CIRCLE('',#7190,0.0104485457237388);
#5501=CIRCLE('',#7191,0.00026);
#5502=CIRCLE('',#7192,0.0005);
#5503=CIRCLE('',#7193,0.0005);
#5504=CIRCLE('',#7194,0.0005);
#5505=CIRCLE('',#7195,0.0005);
#5506=CIRCLE('',#7196,0.0005);
#5507=CIRCLE('',#7197,0.0005);
#5508=CIRCLE('',#7198,0.0005);
#5509=CIRCLE('',#7199,0.00026);
#5510=CIRCLE('',#7200,0.0005);
#5511=CIRCLE('',#7201,0.0005);
#5512=CIRCLE('',#7202,0.0005);
#5513=CIRCLE('',#7203,0.0099485457237388);
#5514=CIRCLE('',#7204,0.0005);
#5515=CIRCLE('',#7205,0.0005);
#5516=CIRCLE('',#7206,0.0005);
#5517=CIRCLE('',#7207,0.0005);
#5518=CIRCLE('',#7208,0.0005);
#5519=CIRCLE('',#7209,0.0005);
#5520=CIRCLE('',#7210,0.0005);
#5521=CIRCLE('',#7211,0.0005);
#5522=CIRCLE('',#7212,0.0005);
#5523=CIRCLE('',#7213,0.0005);
#5524=CIRCLE('',#7214,0.000635);
#5525=CIRCLE('',#7215,0.000635);
#5526=CIRCLE('',#7216,0.00075);
#5527=CIRCLE('',#7217,0.000635);
#5528=CIRCLE('',#7218,0.000635);
#5529=CIRCLE('',#7219,0.00075);
#5530=CIRCLE('',#7220,0.00075);
#5531=CIRCLE('',#7221,0.000635);
#5532=CIRCLE('',#7222,0.00075);
#5533=CIRCLE('',#7223,0.000635);
#5534=CIRCLE('',#7224,0.00075);
#5535=CIRCLE('',#7225,0.00075);
#5536=CIRCLE('',#7226,0.00075);
#5537=CIRCLE('',#7227,0.00075);
#5538=CIRCLE('',#7228,0.000635);
#5539=CIRCLE('',#7229,0.00075);
#5540=CIRCLE('',#7230,0.000635);
#5541=CIRCLE('',#7231,0.00075);
#5542=CIRCLE('',#7232,0.00075);
#5543=CIRCLE('',#7233,0.000635);
#5544=CIRCLE('',#7234,0.000635);
#5545=CIRCLE('',#7235,0.00075);
#5546=CIRCLE('',#7236,0.000635);
#5547=CIRCLE('',#7237,0.000635);
#5548=CIRCLE('',#7238,0.00075);
#5549=CIRCLE('',#7239,0.00075);
#5550=CIRCLE('',#7240,0.00075);
#5551=CIRCLE('',#7241,0.00075);
#5552=CIRCLE('',#7242,0.00075);
#5553=CIRCLE('',#7243,0.00075);
#5554=CIRCLE('',#7244,0.000635);
#5555=CIRCLE('',#7245,0.00075);
#5556=CIRCLE('',#7246,0.000635);
#5557=CIRCLE('',#7247,0.00075);
#5558=CIRCLE('',#7249,0.00075);
#5559=CIRCLE('',#7250,0.000635);
#5560=CIRCLE('',#7251,0.00075);
#5561=CIRCLE('',#7252,0.000635);
#5562=CIRCLE('',#7253,0.00075);
#5563=CIRCLE('',#7254,0.00075);
#5564=CIRCLE('',#7255,0.00075);
#5565=CIRCLE('',#7256,0.000635);
#5566=CIRCLE('',#7257,0.00075);
#5567=CIRCLE('',#7258,0.000635);
#5568=CIRCLE('',#7259,0.00075);
#5569=CIRCLE('',#7260,0.00075);
#5570=CIRCLE('',#7261,0.00075);
#5571=CIRCLE('',#7262,0.00075);
#5572=CIRCLE('',#7263,0.000635);
#5573=CIRCLE('',#7264,0.000635);
#5574=CIRCLE('',#7265,0.00075);
#5575=CIRCLE('',#7266,0.000635);
#5576=CIRCLE('',#7267,0.000635);
#5577=CIRCLE('',#7268,0.00075);
#5578=CIRCLE('',#7269,0.000635);
#5579=CIRCLE('',#7270,0.00075);
#5580=CIRCLE('',#7271,0.000635);
#5581=CIRCLE('',#7272,0.000635);
#5582=CIRCLE('',#7273,0.00075);
#5583=CIRCLE('',#7274,0.00075);
#5584=CIRCLE('',#7275,0.00075);
#5585=CIRCLE('',#7276,0.00075);
#5586=CIRCLE('',#7277,0.000635);
#5587=CIRCLE('',#7278,0.00075);
#5588=CIRCLE('',#7279,0.000635);
#5589=CIRCLE('',#7280,0.00075);
#5590=CIRCLE('',#7281,0.00075);
#5591=CIRCLE('',#7282,0.000635);
#5592=CIRCLE('',#7283,0.0005);
#5593=CIRCLE('',#7284,0.0005);
#5594=CIRCLE('',#7285,0.0005);
#5595=CIRCLE('',#7286,0.0005);
#5596=CIRCLE('',#7287,0.0099485457237388);
#5597=CIRCLE('',#7288,0.0005);
#5598=CIRCLE('',#7289,0.0005);
#5599=CIRCLE('',#7290,0.0005);
#5600=CIRCLE('',#7291,0.0005);
#5601=CIRCLE('',#7292,0.0005);
#5602=CIRCLE('',#7293,0.0005);
#5603=CIRCLE('',#7294,0.0005);
#5604=CIRCLE('',#7295,0.0005);
#5605=CIRCLE('',#7296,0.0005);
#5606=CIRCLE('',#7297,0.0005);
#5607=CIRCLE('',#7298,0.00026);
#5608=CIRCLE('',#7299,0.0005);
#5609=CIRCLE('',#7300,0.0005);
#5610=CIRCLE('',#7301,0.0005);
#5611=CIRCLE('',#7302,0.0005);
#5612=CIRCLE('',#7303,0.0005);
#5613=CIRCLE('',#7304,0.0005);
#5614=CIRCLE('',#7305,0.0005);
#5615=CIRCLE('',#7306,0.00026);
#5616=CIRCLE('',#7307,0.0104485457237388);
#5617=CIRCLE('',#7308,0.0005);
#5618=CIRCLE('',#7309,0.0005);
#5619=CIRCLE('',#7310,0.0005);
#5620=CIRCLE('',#7311,0.0005);
#5621=CIRCLE('',#7312,0.0005);
#5622=CIRCLE('',#7313,0.0005);
#5623=CIRCLE('',#7314,0.0005);
#5624=CIRCLE('',#7315,0.0005);
#5625=CIRCLE('',#7316,0.0005);
#5626=CIRCLE('',#7317,0.0005);
#5627=CIRCLE('',#7318,0.0005);
#5628=CIRCLE('',#7319,0.0005);
#5629=CIRCLE('',#7320,0.0005);
#5630=CIRCLE('',#7321,0.0267436819338778);
#5631=CIRCLE('',#7322,0.00026);
#5632=CIRCLE('',#7323,0.0005);
#5633=CIRCLE('',#7324,0.0005);
#5634=CIRCLE('',#7325,0.00026);
#5635=CIRCLE('',#7326,0.0005);
#5636=CIRCLE('',#7327,0.0005);
#5637=CIRCLE('',#7328,0.0005);
#5638=CIRCLE('',#7329,0.0005);
#5639=CIRCLE('',#7330,0.00026);
#5640=CIRCLE('',#7331,0.0005);
#5641=CIRCLE('',#7332,0.0005);
#5642=CIRCLE('',#7333,0.0005);
#5643=CIRCLE('',#7334,0.00026);
#5644=CIRCLE('',#7335,0.0005);
#5645=CIRCLE('',#7336,0.0005);
#5646=CIRCLE('',#7337,0.0005);
#5647=CIRCLE('',#7338,0.0005);
#5648=CIRCLE('',#7339,0.0005);
#5649=CIRCLE('',#7340,0.0005);
#5650=CIRCLE('',#7341,0.0272436819338778);
#5651=CIRCLE('',#7342,0.0005);
#5652=CIRCLE('',#7343,0.00026);
#5653=CIRCLE('',#7344,0.0005);
#5654=CIRCLE('',#7345,0.0005);
#5655=CIRCLE('',#7346,0.0005);
#5656=CIRCLE('',#7347,0.0005);
#5657=CIRCLE('',#7348,0.00026);
#5658=CIRCLE('',#7349,0.0005);
#5659=CIRCLE('',#7350,0.0005);
#5660=CIRCLE('',#7351,0.0005);
#5661=CIRCLE('',#7352,0.0005);
#5662=CIRCLE('',#7353,0.0005);
#5663=CIRCLE('',#7354,0.0005);
#5664=CIRCLE('',#7355,0.0005);
#5665=CIRCLE('',#7356,0.0005);
#5666=CIRCLE('',#7357,0.0099485457237388);
#5667=CIRCLE('',#7358,0.0005);
#5668=CIRCLE('',#7359,0.0005);
#5669=CIRCLE('',#7360,0.0005);
#5670=CIRCLE('',#7361,0.0005);
#5671=CIRCLE('',#7362,0.0005);
#5672=CIRCLE('',#7363,0.00026);
#5673=CIRCLE('',#7364,0.0005);
#5674=CIRCLE('',#7365,0.0272436819338778);
#5675=CIRCLE('',#7366,0.0005);
#5676=CIRCLE('',#7367,0.0005);
#5677=CIRCLE('',#7368,0.0005);
#5678=CIRCLE('',#7369,0.0005);
#5679=CIRCLE('',#7370,0.0005);
#5680=CIRCLE('',#7371,0.0005);
#5681=CIRCLE('',#7372,0.0005);
#5682=CIRCLE('',#7373,0.0005);
#5683=CIRCLE('',#7374,0.00026);
#5684=CIRCLE('',#7375,0.0005);
#5685=CIRCLE('',#7376,0.0005);
#5686=CIRCLE('',#7377,0.0005);
#5687=CIRCLE('',#7378,0.0005);
#5688=CIRCLE('',#7379,0.0005);
#5689=CIRCLE('',#7380,0.0005);
#5690=CIRCLE('',#7381,0.0005);
#5691=CIRCLE('',#7382,0.0005);
#5692=CIRCLE('',#7383,0.0005);
#5693=CIRCLE('',#7384,0.0005);
#5694=CIRCLE('',#7385,0.0005);
#5695=CIRCLE('',#7386,0.0005);
#5696=CIRCLE('',#7387,0.0005);
#5697=CIRCLE('',#7388,0.0005);
#5698=CIRCLE('',#7389,0.0005);
#5699=CIRCLE('',#7390,0.00026);
#5700=CIRCLE('',#7391,0.0267436819338836);
#5701=CIRCLE('',#7392,0.0005);
#5702=CIRCLE('',#7393,0.0005);
#5703=CIRCLE('',#7394,0.0005);
#5704=CIRCLE('',#7395,0.0104485457237388);
#5705=CIRCLE('',#7396,0.00026);
#5706=CIRCLE('',#7397,0.0005);
#5707=CIRCLE('',#7398,0.0005);
#5708=CIRCLE('',#7399,0.0005);
#5709=CIRCLE('',#7400,0.0005);
#5710=CIRCLE('',#7401,0.0005);
#5711=CIRCLE('',#7402,0.0005);
#5712=CIRCLE('',#7403,0.0005);
#5713=CIRCLE('',#7404,0.0005);
#5714=CIRCLE('',#7405,0.0005);
#5715=CIRCLE('',#7406,0.0005);
#5716=CIRCLE('',#7407,0.0005);
#5717=CIRCLE('',#7408,0.0005);
#5718=CIRCLE('',#7409,0.0005);
#5719=CIRCLE('',#7410,0.0005);
#5720=CIRCLE('',#7411,0.000721692020714504);
#5721=CIRCLE('',#7412,0.000721692020714502);
#5722=CIRCLE('',#7413,0.00075);
#5723=CIRCLE('',#7414,0.000635);
#5724=CIRCLE('',#7415,0.00075);
#5725=CIRCLE('',#7416,0.000635);
#5726=CIRCLE('',#7417,0.00075);
#5727=CIRCLE('',#7418,0.00075);
#5728=CIRCLE('',#7420,0.001);
#5729=CIRCLE('',#7421,0.001);
#5730=CIRCLE('',#7422,0.001);
#5731=CIRCLE('',#7423,0.001);
#5732=CIRCLE('',#7424,0.003);
#5733=CIRCLE('',#7425,0.003);
#5734=CIRCLE('',#7426,0.003);
#5735=CIRCLE('',#7427,0.003);
#5736=CIRCLE('',#7441,0.001);
#5737=CIRCLE('',#7442,0.001);
#5738=CIRCLE('',#7443,0.001);
#5739=CIRCLE('',#7444,0.001);
#5740=EDGE_LOOP('',(#1556,#1557,#1558,#1559,#1560,#1561,#1562,#1563,#1564));
#5741=EDGE_LOOP('',(#1565,#1566,#1567,#1568,#1569,#1570,#1571,#1572,#1573,#1574,#1575,#1576,#1577,#1578,#1579,#1580));
#5742=EDGE_LOOP('',(#1581,#1582,#1583,#1584,#1585,#1586,#1587,#1588,#1589,#1590));
#5743=EDGE_LOOP('',(#1591,#1592,#1593,#1594,#1595,#1596,#1597,#1598,#1599,#1600,#1601,#1602,#1603,#1604));
#5744=EDGE_LOOP('',(#1605,#1606,#1607,#1608,#1609,#1610,#1611,#1612,#1613,#1614,#1615,#1616,#1617,#1618,#1619));
#5745=EDGE_LOOP('',(#1620,#1621,#1622,#1623,#1624,#1625,#1626,#1627,#1628,#1629));
#5746=EDGE_LOOP('',(#1630,#1631,#1632,#1633,#1634,#1635,#1636,#1637,#1638,#1639,#1640,#1641));
#5747=EDGE_LOOP('',(#1642,#1643,#1644,#1645,#1646,#1647,#1648,#1649));
#5748=EDGE_LOOP('',(#1650,#1651,#1652,#1653,#1654,#1655,#1656,#1657,#1658));
#5749=EDGE_LOOP('',(#1659,#1660,#1661,#1662,#1663,#1664,#1665,#1666));
#5750=EDGE_LOOP('',(#1667,#1668,#1669,#1670,#1671,#1672,#1673,#1674,#1675,#1676,#1677,#1678,#1679,#1680,#1681,#1682));
#5751=EDGE_LOOP('',(#1683,#1684,#1685,#1686,#1687,#1688,#1689,#1690,#1691,#1692,#1693,#1694,#1695,#1696,#1697));
#5752=EDGE_LOOP('',(#1698,#1699,#1700,#1701,#1702,#1703,#1704,#1705,#1706,#1707,#1708,#1709,#1710,#1711,#1712,#1713,#1714,#1715,#1716,#1717));
#5753=EDGE_LOOP('',(#1718,#1719,#1720,#1721,#1722,#1723,#1724,#1725,#1726,#1727,#1728,#1729,#1730,#1731,#1732,#1733));
#5754=EDGE_LOOP('',(#1734,#1735,#1736,#1737,#1738,#1739,#1740,#1741,#1742,#1743,#1744,#1745,#1746,#1747,#1748,#1749,#1750,#1751,#1752,#1753));
#5755=EDGE_LOOP('',(#1754,#1755,#1756,#1757,#1758,#1759,#1760,#1761,#1762,#1763,#1764,#1765));
#5756=EDGE_LOOP('',(#1766,#1767,#1768,#1769,#1770,#1771,#1772,#1773,#1774,#1775,#1776,#1777,#1778,#1779));
#5757=EDGE_LOOP('',(#1780,#1781,#1782,#1783,#1784,#1785,#1786,#1787,#1788));
#5758=EDGE_LOOP('',(#1789,#1790,#1791,#1792,#1793,#1794,#1795,#1796,#1797,#1798,#1799,#1800,#1801,#1802,#1803));
#5759=EDGE_LOOP('',(#1804,#1805,#1806,#1807,#1808,#1809,#1810,#1811,#1812,#1813,#1814,#1815,#1816,#1817,#1818));
#5760=EDGE_LOOP('',(#1819,#1820,#1821,#1822,#1823,#1824,#1825,#1826));
#5761=EDGE_LOOP('',(#1827,#1828,#1829,#1830,#1831,#1832,#1833,#1834,#1835,#1836,#1837,#1838));
#5762=EDGE_LOOP('',(#1839,#1840,#1841,#1842,#1843,#1844,#1845,#1846,#1847,#1848,#1849,#1850,#1851,#1852,#1853,#1854,#1855,#1856,#1857,#1858,#1859,#1860));
#5763=EDGE_LOOP('',(#1861,#1862,#1863,#1864,#1865,#1866,#1867,#1868,#1869,#1870,#1871,#1872,#1873,#1874,#1875,#1876,#1877,#1878,#1879,#1880,#1881,#1882));
#5764=EDGE_LOOP('',(#1883,#1884,#1885,#1886,#1887,#1888,#1889,#1890,#1891));
#5765=EDGE_LOOP('',(#1892,#1893,#1894,#1895,#1896,#1897,#1898,#1899,#1900));
#5766=EDGE_LOOP('',(#1901,#1902,#1903,#1904,#1905,#1906,#1907,#1908,#1909,#1910,#1911,#1912,#1913,#1914,#1915,#1916,#1917,#1918,#1919,#1920,#1921,#1922));
#5767=EDGE_LOOP('',(#1923,#1924,#1925,#1926,#1927,#1928,#1929,#1930,#1931,#1932,#1933,#1934,#1935,#1936,#1937,#1938,#1939,#1940,#1941,#1942,#1943,#1944));
#5768=EDGE_LOOP('',(#1945,#1946,#1947,#1948,#1949,#1950,#1951,#1952));
#5769=EDGE_LOOP('',(#1953,#1954,#1955,#1956,#1957,#1958,#1959,#1960,#1961,#1962,#1963,#1964,#1965,#1966,#1967));
#5770=EDGE_LOOP('',(#1968,#1969,#1970,#1971,#1972,#1973,#1974,#1975,#1976,#1977,#1978,#1979,#1980,#1981,#1982));
#5771=EDGE_LOOP('',(#1983,#1984,#1985,#1986,#1987,#1988,#1989,#1990,#1991));
#5772=EDGE_LOOP('',(#1992,#1993,#1994,#1995,#1996,#1997,#1998,#1999,#2000,#2001,#2002,#2003,#2004,#2005));
#5773=EDGE_LOOP('',(#2006,#2007,#2008,#2009,#2010,#2011,#2012,#2013,#2014,#2015,#2016,#2017));
#5774=EDGE_LOOP('',(#2018,#2019,#2020,#2021,#2022,#2023,#2024,#2025,#2026,#2027,#2028,#2029,#2030,#2031,#2032,#2033,#2034,#2035,#2036,#2037));
#5775=EDGE_LOOP('',(#2038,#2039,#2040,#2041,#2042,#2043,#2044,#2045,#2046,#2047,#2048,#2049,#2050,#2051,#2052,#2053));
#5776=EDGE_LOOP('',(#2054,#2055,#2056,#2057,#2058,#2059,#2060,#2061,#2062,#2063,#2064,#2065,#2066,#2067,#2068,#2069,#2070,#2071,#2072,#2073));
#5777=EDGE_LOOP('',(#2074,#2075,#2076,#2077,#2078,#2079,#2080,#2081,#2082,#2083,#2084,#2085,#2086,#2087,#2088));
#5778=EDGE_LOOP('',(#2089,#2090,#2091,#2092,#2093,#2094,#2095,#2096,#2097,#2098,#2099,#2100,#2101,#2102,#2103,#2104));
#5779=EDGE_LOOP('',(#2105,#2106,#2107,#2108,#2109,#2110,#2111,#2112,#2113,#2114,#2115,#2116,#2117,#2118,#2119));
#5780=EDGE_LOOP('',(#2120,#2121,#2122,#2123,#2124,#2125,#2126,#2127));
#5781=EDGE_LOOP('',(#2128,#2129,#2130,#2131,#2132,#2133,#2134,#2135,#2136,#2137));
#5782=EDGE_LOOP('',(#2138,#2139,#2140,#2141,#2142,#2143,#2144,#2145,#2146,#2147,#2148,#2149));
#5783=EDGE_LOOP('',(#2150,#2151,#2152,#2153));
#5784=EDGE_LOOP('',(#2154,#2155,#2156,#2157,#2158,#2159,#2160,#2161,#2162));
#5785=EDGE_LOOP('',(#2163,#2164,#2165,#2166,#2167,#2168,#2169,#2170,#2171,#2172,#2173,#2174,#2175,#2176));
#5786=EDGE_LOOP('',(#2177,#2178,#2179,#2180,#2181,#2182,#2183,#2184,#2185,#2186));
#5787=EDGE_LOOP('',(#2187,#2188,#2189,#2190,#2191,#2192,#2193,#2194,#2195,#2196,#2197,#2198));
#5788=EDGE_LOOP('',(#2199,#2200,#2201,#2202,#2203,#2204,#2205,#2206,#2207,#2208,#2209,#2210,#2211,#2212,#2213,#2214));
#5789=EDGE_LOOP('',(#2215,#2216,#2217,#2218,#2219,#2220,#2221,#2222,#2223));
#5790=EDGE_LOOP('',(#2224,#2225,#2226,#2227,#2228,#2229,#2230,#2231));
#5791=EDGE_LOOP('',(#2232,#2233,#2234,#2235,#2236,#2237,#2238,#2239));
#5792=EDGE_LOOP('',(#2240,#2241,#2242,#2243));
#5793=EDGE_LOOP('',(#2244,#2245,#2246,#2247));
#5794=EDGE_LOOP('',(#2248,#2249,#2250,#2251));
#5795=EDGE_LOOP('',(#2252,#2253,#2254,#2255));
#5796=EDGE_LOOP('',(#2256,#2257,#2258,#2259));
#5797=EDGE_LOOP('',(#2260,#2261,#2262,#2263));
#5798=EDGE_LOOP('',(#2264,#2265,#2266,#2267));
#5799=EDGE_LOOP('',(#2268,#2269,#2270,#2271));
#5800=EDGE_LOOP('',(#2272,#2273,#2274,#2275));
#5801=EDGE_LOOP('',(#2276,#2277,#2278,#2279));
#5802=EDGE_LOOP('',(#2280,#2281,#2282,#2283));
#5803=EDGE_LOOP('',(#2284,#2285,#2286,#2287));
#5804=EDGE_LOOP('',(#2288,#2289,#2290,#2291,#2292,#2293,#2294,#2295));
#5805=EDGE_LOOP('',(#2296,#2297,#2298,#2299));
#5806=EDGE_LOOP('',(#2300,#2301,#2302,#2303));
#5807=EDGE_LOOP('',(#2304,#2305,#2306,#2307));
#5808=EDGE_LOOP('',(#2308,#2309,#2310,#2311));
#5809=EDGE_LOOP('',(#2312,#2313,#2314,#2315));
#5810=EDGE_LOOP('',(#2316,#2317,#2318,#2319));
#5811=EDGE_LOOP('',(#2320,#2321,#2322,#2323));
#5812=EDGE_LOOP('',(#2324,#2325,#2326,#2327));
#5813=EDGE_LOOP('',(#2328,#2329,#2330,#2331));
#5814=EDGE_LOOP('',(#2332,#2333,#2334,#2335));
#5815=EDGE_LOOP('',(#2336,#2337,#2338,#2339));
#5816=EDGE_LOOP('',(#2340,#2341,#2342,#2343));
#5817=EDGE_LOOP('',(#2344,#2345,#2346,#2347));
#5818=EDGE_LOOP('',(#2348,#2349,#2350,#2351));
#5819=EDGE_LOOP('',(#2352,#2353,#2354,#2355));
#5820=EDGE_LOOP('',(#2356,#2357,#2358,#2359));
#5821=EDGE_LOOP('',(#2360,#2361,#2362,#2363));
#5822=EDGE_LOOP('',(#2364,#2365,#2366,#2367));
#5823=EDGE_LOOP('',(#2368,#2369,#2370,#2371));
#5824=EDGE_LOOP('',(#2372,#2373,#2374,#2375));
#5825=EDGE_LOOP('',(#2376,#2377,#2378,#2379));
#5826=EDGE_LOOP('',(#2380,#2381,#2382,#2383));
#5827=EDGE_LOOP('',(#2384,#2385,#2386,#2387));
#5828=EDGE_LOOP('',(#2388,#2389,#2390,#2391));
#5829=EDGE_LOOP('',(#2392,#2393,#2394,#2395));
#5830=EDGE_LOOP('',(#2396,#2397,#2398,#2399));
#5831=EDGE_LOOP('',(#2400,#2401,#2402,#2403));
#5832=EDGE_LOOP('',(#2404,#2405,#2406,#2407));
#5833=EDGE_LOOP('',(#2408,#2409,#2410,#2411));
#5834=EDGE_LOOP('',(#2412,#2413,#2414,#2415));
#5835=EDGE_LOOP('',(#2416,#2417,#2418,#2419));
#5836=EDGE_LOOP('',(#2420,#2421,#2422,#2423));
#5837=EDGE_LOOP('',(#2424,#2425,#2426,#2427));
#5838=EDGE_LOOP('',(#2428,#2429,#2430,#2431));
#5839=EDGE_LOOP('',(#2432,#2433,#2434,#2435));
#5840=EDGE_LOOP('',(#2436,#2437,#2438,#2439));
#5841=EDGE_LOOP('',(#2440,#2441,#2442,#2443));
#5842=EDGE_LOOP('',(#2444,#2445,#2446,#2447));
#5843=EDGE_LOOP('',(#2448,#2449,#2450,#2451));
#5844=EDGE_LOOP('',(#2452,#2453,#2454,#2455));
#5845=EDGE_LOOP('',(#2456,#2457,#2458,#2459));
#5846=EDGE_LOOP('',(#2460,#2461,#2462,#2463));
#5847=EDGE_LOOP('',(#2464,#2465,#2466,#2467));
#5848=EDGE_LOOP('',(#2468,#2469,#2470,#2471));
#5849=EDGE_LOOP('',(#2472,#2473,#2474,#2475));
#5850=EDGE_LOOP('',(#2476,#2477,#2478,#2479));
#5851=EDGE_LOOP('',(#2480,#2481,#2482,#2483));
#5852=EDGE_LOOP('',(#2484,#2485,#2486,#2487));
#5853=EDGE_LOOP('',(#2488,#2489,#2490,#2491));
#5854=EDGE_LOOP('',(#2492,#2493,#2494,#2495));
#5855=EDGE_LOOP('',(#2496,#2497,#2498,#2499));
#5856=EDGE_LOOP('',(#2500,#2501,#2502,#2503));
#5857=EDGE_LOOP('',(#2504,#2505,#2506,#2507));
#5858=EDGE_LOOP('',(#2508,#2509,#2510,#2511));
#5859=EDGE_LOOP('',(#2512,#2513,#2514,#2515));
#5860=EDGE_LOOP('',(#2516,#2517,#2518,#2519));
#5861=EDGE_LOOP('',(#2520,#2521,#2522,#2523));
#5862=EDGE_LOOP('',(#2524,#2525,#2526,#2527));
#5863=EDGE_LOOP('',(#2528,#2529,#2530,#2531));
#5864=EDGE_LOOP('',(#2532,#2533,#2534,#2535));
#5865=EDGE_LOOP('',(#2536,#2537,#2538,#2539));
#5866=EDGE_LOOP('',(#2540,#2541,#2542,#2543));
#5867=EDGE_LOOP('',(#2544,#2545,#2546,#2547));
#5868=EDGE_LOOP('',(#2548,#2549,#2550,#2551));
#5869=EDGE_LOOP('',(#2552,#2553,#2554,#2555));
#5870=EDGE_LOOP('',(#2556,#2557,#2558,#2559));
#5871=EDGE_LOOP('',(#2560,#2561,#2562,#2563));
#5872=EDGE_LOOP('',(#2564,#2565,#2566,#2567));
#5873=EDGE_LOOP('',(#2568,#2569,#2570,#2571));
#5874=EDGE_LOOP('',(#2572,#2573,#2574,#2575));
#5875=EDGE_LOOP('',(#2576,#2577,#2578,#2579));
#5876=EDGE_LOOP('',(#2580,#2581,#2582,#2583));
#5877=EDGE_LOOP('',(#2584,#2585,#2586,#2587));
#5878=EDGE_LOOP('',(#2588,#2589,#2590,#2591));
#5879=EDGE_LOOP('',(#2592,#2593,#2594,#2595));
#5880=EDGE_LOOP('',(#2596,#2597,#2598,#2599));
#5881=EDGE_LOOP('',(#2600,#2601,#2602,#2603));
#5882=EDGE_LOOP('',(#2604,#2605,#2606,#2607));
#5883=EDGE_LOOP('',(#2608,#2609,#2610,#2611));
#5884=EDGE_LOOP('',(#2612,#2613,#2614,#2615));
#5885=EDGE_LOOP('',(#2616,#2617,#2618,#2619));
#5886=EDGE_LOOP('',(#2620,#2621,#2622,#2623));
#5887=EDGE_LOOP('',(#2624,#2625,#2626,#2627));
#5888=EDGE_LOOP('',(#2628,#2629,#2630,#2631));
#5889=EDGE_LOOP('',(#2632,#2633,#2634,#2635));
#5890=EDGE_LOOP('',(#2636,#2637,#2638,#2639));
#5891=EDGE_LOOP('',(#2640,#2641,#2642,#2643));
#5892=EDGE_LOOP('',(#2644,#2645,#2646,#2647));
#5893=EDGE_LOOP('',(#2648,#2649,#2650,#2651));
#5894=EDGE_LOOP('',(#2652,#2653,#2654,#2655));
#5895=EDGE_LOOP('',(#2656,#2657,#2658,#2659));
#5896=EDGE_LOOP('',(#2660,#2661,#2662,#2663));
#5897=EDGE_LOOP('',(#2664,#2665,#2666,#2667));
#5898=EDGE_LOOP('',(#2668,#2669,#2670,#2671));
#5899=EDGE_LOOP('',(#2672,#2673,#2674,#2675));
#5900=EDGE_LOOP('',(#2676,#2677,#2678,#2679));
#5901=EDGE_LOOP('',(#2680,#2681,#2682,#2683));
#5902=EDGE_LOOP('',(#2684,#2685,#2686,#2687));
#5903=EDGE_LOOP('',(#2688,#2689,#2690,#2691));
#5904=EDGE_LOOP('',(#2692,#2693,#2694,#2695));
#5905=EDGE_LOOP('',(#2696,#2697,#2698,#2699));
#5906=EDGE_LOOP('',(#2700,#2701,#2702,#2703));
#5907=EDGE_LOOP('',(#2704,#2705,#2706,#2707));
#5908=EDGE_LOOP('',(#2708,#2709,#2710,#2711));
#5909=EDGE_LOOP('',(#2712,#2713,#2714,#2715));
#5910=EDGE_LOOP('',(#2716,#2717,#2718,#2719));
#5911=EDGE_LOOP('',(#2720,#2721,#2722,#2723));
#5912=EDGE_LOOP('',(#2724,#2725,#2726,#2727));
#5913=EDGE_LOOP('',(#2728,#2729,#2730,#2731));
#5914=EDGE_LOOP('',(#2732,#2733,#2734,#2735));
#5915=EDGE_LOOP('',(#2736,#2737,#2738,#2739));
#5916=EDGE_LOOP('',(#2740,#2741,#2742,#2743));
#5917=EDGE_LOOP('',(#2744,#2745,#2746,#2747));
#5918=EDGE_LOOP('',(#2748,#2749,#2750,#2751));
#5919=EDGE_LOOP('',(#2752,#2753,#2754,#2755));
#5920=EDGE_LOOP('',(#2756,#2757,#2758,#2759));
#5921=EDGE_LOOP('',(#2760,#2761,#2762,#2763));
#5922=EDGE_LOOP('',(#2764,#2765,#2766,#2767));
#5923=EDGE_LOOP('',(#2768,#2769,#2770,#2771));
#5924=EDGE_LOOP('',(#2772,#2773,#2774,#2775));
#5925=EDGE_LOOP('',(#2776,#2777,#2778,#2779));
#5926=EDGE_LOOP('',(#2780,#2781,#2782,#2783));
#5927=EDGE_LOOP('',(#2784,#2785,#2786,#2787));
#5928=EDGE_LOOP('',(#2788,#2789,#2790,#2791));
#5929=EDGE_LOOP('',(#2792,#2793,#2794,#2795));
#5930=EDGE_LOOP('',(#2796,#2797,#2798,#2799));
#5931=EDGE_LOOP('',(#2800,#2801,#2802,#2803));
#5932=EDGE_LOOP('',(#2804,#2805,#2806,#2807));
#5933=EDGE_LOOP('',(#2808,#2809,#2810,#2811));
#5934=EDGE_LOOP('',(#2812,#2813,#2814,#2815));
#5935=EDGE_LOOP('',(#2816,#2817,#2818,#2819));
#5936=EDGE_LOOP('',(#2820,#2821,#2822,#2823));
#5937=EDGE_LOOP('',(#2824,#2825,#2826,#2827));
#5938=EDGE_LOOP('',(#2828,#2829,#2830,#2831));
#5939=EDGE_LOOP('',(#2832,#2833,#2834,#2835));
#5940=EDGE_LOOP('',(#2836,#2837,#2838,#2839));
#5941=EDGE_LOOP('',(#2840,#2841,#2842,#2843));
#5942=EDGE_LOOP('',(#2844,#2845,#2846,#2847));
#5943=EDGE_LOOP('',(#2848,#2849,#2850,#2851));
#5944=EDGE_LOOP('',(#2852,#2853,#2854,#2855));
#5945=EDGE_LOOP('',(#2856,#2857,#2858,#2859));
#5946=EDGE_LOOP('',(#2860,#2861,#2862,#2863));
#5947=EDGE_LOOP('',(#2864,#2865,#2866,#2867));
#5948=EDGE_LOOP('',(#2868,#2869,#2870,#2871));
#5949=EDGE_LOOP('',(#2872,#2873,#2874,#2875));
#5950=EDGE_LOOP('',(#2876,#2877,#2878,#2879));
#5951=EDGE_LOOP('',(#2880,#2881,#2882,#2883));
#5952=EDGE_LOOP('',(#2884,#2885,#2886,#2887));
#5953=EDGE_LOOP('',(#2888,#2889,#2890,#2891));
#5954=EDGE_LOOP('',(#2892,#2893,#2894,#2895));
#5955=EDGE_LOOP('',(#2896,#2897,#2898,#2899));
#5956=EDGE_LOOP('',(#2900,#2901,#2902,#2903));
#5957=EDGE_LOOP('',(#2904,#2905,#2906,#2907));
#5958=EDGE_LOOP('',(#2908,#2909,#2910,#2911));
#5959=EDGE_LOOP('',(#2912,#2913,#2914,#2915));
#5960=EDGE_LOOP('',(#2916,#2917,#2918,#2919));
#5961=EDGE_LOOP('',(#2920,#2921,#2922,#2923));
#5962=EDGE_LOOP('',(#2924,#2925,#2926,#2927));
#5963=EDGE_LOOP('',(#2928,#2929,#2930,#2931));
#5964=EDGE_LOOP('',(#2932,#2933,#2934,#2935));
#5965=EDGE_LOOP('',(#2936,#2937,#2938,#2939));
#5966=EDGE_LOOP('',(#2940,#2941,#2942,#2943));
#5967=EDGE_LOOP('',(#2944,#2945,#2946,#2947));
#5968=EDGE_LOOP('',(#2948,#2949,#2950,#2951));
#5969=EDGE_LOOP('',(#2952,#2953,#2954,#2955));
#5970=EDGE_LOOP('',(#2956,#2957,#2958,#2959));
#5971=EDGE_LOOP('',(#2960,#2961,#2962,#2963));
#5972=EDGE_LOOP('',(#2964,#2965,#2966,#2967));
#5973=EDGE_LOOP('',(#2968,#2969,#2970,#2971));
#5974=EDGE_LOOP('',(#2972,#2973,#2974,#2975));
#5975=EDGE_LOOP('',(#2976,#2977,#2978,#2979));
#5976=EDGE_LOOP('',(#2980,#2981,#2982,#2983));
#5977=EDGE_LOOP('',(#2984,#2985,#2986,#2987));
#5978=EDGE_LOOP('',(#2988,#2989,#2990,#2991));
#5979=EDGE_LOOP('',(#2992,#2993,#2994,#2995));
#5980=EDGE_LOOP('',(#2996,#2997,#2998,#2999));
#5981=EDGE_LOOP('',(#3000,#3001,#3002,#3003));
#5982=EDGE_LOOP('',(#3004,#3005,#3006,#3007));
#5983=EDGE_LOOP('',(#3008,#3009,#3010,#3011));
#5984=EDGE_LOOP('',(#3012,#3013,#3014,#3015));
#5985=EDGE_LOOP('',(#3016,#3017,#3018,#3019));
#5986=EDGE_LOOP('',(#3020,#3021,#3022,#3023));
#5987=EDGE_LOOP('',(#3024,#3025,#3026,#3027));
#5988=EDGE_LOOP('',(#3028,#3029,#3030,#3031));
#5989=EDGE_LOOP('',(#3032,#3033,#3034,#3035));
#5990=EDGE_LOOP('',(#3036,#3037,#3038,#3039));
#5991=EDGE_LOOP('',(#3040,#3041,#3042,#3043));
#5992=EDGE_LOOP('',(#3044,#3045,#3046,#3047));
#5993=EDGE_LOOP('',(#3048,#3049,#3050,#3051));
#5994=EDGE_LOOP('',(#3052,#3053,#3054,#3055));
#5995=EDGE_LOOP('',(#3056,#3057,#3058,#3059));
#5996=EDGE_LOOP('',(#3060,#3061,#3062,#3063));
#5997=EDGE_LOOP('',(#3064,#3065,#3066,#3067));
#5998=EDGE_LOOP('',(#3068,#3069,#3070,#3071));
#5999=EDGE_LOOP('',(#3072,#3073,#3074,#3075));
#6000=EDGE_LOOP('',(#3076,#3077,#3078,#3079));
#6001=EDGE_LOOP('',(#3080,#3081,#3082,#3083));
#6002=EDGE_LOOP('',(#3084,#3085,#3086,#3087));
#6003=EDGE_LOOP('',(#3088,#3089,#3090,#3091));
#6004=EDGE_LOOP('',(#3092,#3093,#3094,#3095));
#6005=EDGE_LOOP('',(#3096,#3097,#3098,#3099));
#6006=EDGE_LOOP('',(#3100,#3101,#3102,#3103));
#6007=EDGE_LOOP('',(#3104,#3105,#3106,#3107));
#6008=EDGE_LOOP('',(#3108,#3109,#3110,#3111));
#6009=EDGE_LOOP('',(#3112,#3113,#3114,#3115));
#6010=EDGE_LOOP('',(#3116,#3117,#3118,#3119));
#6011=EDGE_LOOP('',(#3120,#3121,#3122,#3123));
#6012=EDGE_LOOP('',(#3124,#3125,#3126,#3127));
#6013=EDGE_LOOP('',(#3128,#3129,#3130,#3131));
#6014=EDGE_LOOP('',(#3132,#3133,#3134,#3135));
#6015=EDGE_LOOP('',(#3136,#3137,#3138,#3139));
#6016=EDGE_LOOP('',(#3140,#3141,#3142,#3143));
#6017=EDGE_LOOP('',(#3144,#3145,#3146,#3147));
#6018=EDGE_LOOP('',(#3148,#3149,#3150,#3151));
#6019=EDGE_LOOP('',(#3152,#3153,#3154,#3155));
#6020=EDGE_LOOP('',(#3156,#3157,#3158,#3159));
#6021=EDGE_LOOP('',(#3160,#3161,#3162,#3163));
#6022=EDGE_LOOP('',(#3164,#3165,#3166,#3167));
#6023=EDGE_LOOP('',(#3168,#3169,#3170,#3171));
#6024=EDGE_LOOP('',(#3172,#3173,#3174,#3175));
#6025=EDGE_LOOP('',(#3176,#3177,#3178,#3179));
#6026=EDGE_LOOP('',(#3180,#3181,#3182,#3183));
#6027=EDGE_LOOP('',(#3184,#3185,#3186,#3187));
#6028=EDGE_LOOP('',(#3188,#3189,#3190,#3191));
#6029=EDGE_LOOP('',(#3192,#3193,#3194,#3195));
#6030=EDGE_LOOP('',(#3196,#3197,#3198,#3199));
#6031=EDGE_LOOP('',(#3200,#3201,#3202,#3203));
#6032=EDGE_LOOP('',(#3204,#3205,#3206,#3207));
#6033=EDGE_LOOP('',(#3208,#3209,#3210,#3211));
#6034=EDGE_LOOP('',(#3212,#3213,#3214,#3215));
#6035=EDGE_LOOP('',(#3216,#3217,#3218,#3219));
#6036=EDGE_LOOP('',(#3220,#3221,#3222,#3223));
#6037=EDGE_LOOP('',(#3224,#3225,#3226,#3227));
#6038=EDGE_LOOP('',(#3228,#3229,#3230,#3231));
#6039=EDGE_LOOP('',(#3232,#3233,#3234,#3235));
#6040=EDGE_LOOP('',(#3236,#3237,#3238,#3239));
#6041=EDGE_LOOP('',(#3240,#3241,#3242,#3243));
#6042=EDGE_LOOP('',(#3244,#3245,#3246,#3247));
#6043=EDGE_LOOP('',(#3248,#3249,#3250,#3251));
#6044=EDGE_LOOP('',(#3252,#3253,#3254,#3255));
#6045=EDGE_LOOP('',(#3256,#3257,#3258,#3259));
#6046=EDGE_LOOP('',(#3260,#3261,#3262,#3263));
#6047=EDGE_LOOP('',(#3264,#3265,#3266,#3267));
#6048=EDGE_LOOP('',(#3268,#3269,#3270,#3271));
#6049=EDGE_LOOP('',(#3272,#3273,#3274,#3275));
#6050=EDGE_LOOP('',(#3276,#3277,#3278,#3279));
#6051=EDGE_LOOP('',(#3280,#3281,#3282,#3283));
#6052=EDGE_LOOP('',(#3284,#3285,#3286,#3287));
#6053=EDGE_LOOP('',(#3288,#3289,#3290,#3291));
#6054=EDGE_LOOP('',(#3292,#3293,#3294,#3295));
#6055=EDGE_LOOP('',(#3296,#3297,#3298,#3299));
#6056=EDGE_LOOP('',(#3300,#3301,#3302,#3303));
#6057=EDGE_LOOP('',(#3304,#3305,#3306,#3307));
#6058=EDGE_LOOP('',(#3308,#3309,#3310,#3311));
#6059=EDGE_LOOP('',(#3312,#3313,#3314,#3315));
#6060=EDGE_LOOP('',(#3316,#3317,#3318,#3319));
#6061=EDGE_LOOP('',(#3320,#3321,#3322,#3323));
#6062=EDGE_LOOP('',(#3324,#3325,#3326,#3327));
#6063=EDGE_LOOP('',(#3328,#3329,#3330,#3331));
#6064=EDGE_LOOP('',(#3332,#3333,#3334,#3335));
#6065=EDGE_LOOP('',(#3336,#3337,#3338,#3339));
#6066=EDGE_LOOP('',(#3340,#3341,#3342,#3343));
#6067=EDGE_LOOP('',(#3344,#3345,#3346,#3347));
#6068=EDGE_LOOP('',(#3348,#3349,#3350,#3351));
#6069=EDGE_LOOP('',(#3352,#3353,#3354,#3355));
#6070=EDGE_LOOP('',(#3356,#3357,#3358,#3359));
#6071=EDGE_LOOP('',(#3360,#3361,#3362,#3363));
#6072=EDGE_LOOP('',(#3364,#3365,#3366,#3367));
#6073=EDGE_LOOP('',(#3368,#3369,#3370,#3371));
#6074=EDGE_LOOP('',(#3372,#3373,#3374,#3375));
#6075=EDGE_LOOP('',(#3376,#3377,#3378,#3379));
#6076=EDGE_LOOP('',(#3380,#3381,#3382,#3383));
#6077=EDGE_LOOP('',(#3384,#3385,#3386,#3387));
#6078=EDGE_LOOP('',(#3388,#3389,#3390,#3391));
#6079=EDGE_LOOP('',(#3392,#3393,#3394,#3395));
#6080=EDGE_LOOP('',(#3396,#3397,#3398,#3399));
#6081=EDGE_LOOP('',(#3400,#3401,#3402,#3403));
#6082=EDGE_LOOP('',(#3404,#3405,#3406,#3407));
#6083=EDGE_LOOP('',(#3408,#3409,#3410,#3411));
#6084=EDGE_LOOP('',(#3412,#3413,#3414,#3415));
#6085=EDGE_LOOP('',(#3416,#3417,#3418,#3419));
#6086=EDGE_LOOP('',(#3420,#3421,#3422,#3423));
#6087=EDGE_LOOP('',(#3424,#3425,#3426,#3427));
#6088=EDGE_LOOP('',(#3428,#3429,#3430,#3431));
#6089=EDGE_LOOP('',(#3432,#3433,#3434,#3435));
#6090=EDGE_LOOP('',(#3436,#3437,#3438,#3439));
#6091=EDGE_LOOP('',(#3440,#3441,#3442,#3443));
#6092=EDGE_LOOP('',(#3444,#3445,#3446,#3447));
#6093=EDGE_LOOP('',(#3448,#3449,#3450,#3451));
#6094=EDGE_LOOP('',(#3452,#3453,#3454,#3455));
#6095=EDGE_LOOP('',(#3456,#3457,#3458,#3459));
#6096=EDGE_LOOP('',(#3460,#3461,#3462,#3463));
#6097=EDGE_LOOP('',(#3464,#3465,#3466,#3467));
#6098=EDGE_LOOP('',(#3468,#3469,#3470,#3471));
#6099=EDGE_LOOP('',(#3472,#3473,#3474,#3475));
#6100=EDGE_LOOP('',(#3476,#3477,#3478,#3479));
#6101=EDGE_LOOP('',(#3480,#3481,#3482,#3483));
#6102=EDGE_LOOP('',(#3484,#3485,#3486,#3487));
#6103=EDGE_LOOP('',(#3488,#3489,#3490,#3491));
#6104=EDGE_LOOP('',(#3492,#3493,#3494,#3495));
#6105=EDGE_LOOP('',(#3496,#3497,#3498,#3499));
#6106=EDGE_LOOP('',(#3500,#3501,#3502,#3503));
#6107=EDGE_LOOP('',(#3504,#3505,#3506,#3507));
#6108=EDGE_LOOP('',(#3508,#3509,#3510,#3511));
#6109=EDGE_LOOP('',(#3512,#3513,#3514,#3515));
#6110=EDGE_LOOP('',(#3516,#3517,#3518,#3519));
#6111=EDGE_LOOP('',(#3520,#3521,#3522,#3523));
#6112=EDGE_LOOP('',(#3524,#3525,#3526,#3527));
#6113=EDGE_LOOP('',(#3528,#3529,#3530,#3531));
#6114=EDGE_LOOP('',(#3532,#3533,#3534,#3535));
#6115=EDGE_LOOP('',(#3536,#3537,#3538,#3539));
#6116=EDGE_LOOP('',(#3540,#3541,#3542,#3543));
#6117=EDGE_LOOP('',(#3544,#3545,#3546,#3547));
#6118=EDGE_LOOP('',(#3548,#3549,#3550,#3551));
#6119=EDGE_LOOP('',(#3552,#3553,#3554,#3555));
#6120=EDGE_LOOP('',(#3556,#3557,#3558,#3559));
#6121=EDGE_LOOP('',(#3560,#3561,#3562,#3563));
#6122=EDGE_LOOP('',(#3564,#3565,#3566,#3567));
#6123=EDGE_LOOP('',(#3568,#3569,#3570,#3571));
#6124=EDGE_LOOP('',(#3572,#3573,#3574,#3575));
#6125=EDGE_LOOP('',(#3576,#3577,#3578,#3579));
#6126=EDGE_LOOP('',(#3580,#3581,#3582,#3583));
#6127=EDGE_LOOP('',(#3584,#3585,#3586,#3587));
#6128=EDGE_LOOP('',(#3588,#3589,#3590,#3591));
#6129=EDGE_LOOP('',(#3592,#3593,#3594,#3595));
#6130=EDGE_LOOP('',(#3596,#3597,#3598,#3599));
#6131=EDGE_LOOP('',(#3600,#3601,#3602,#3603));
#6132=EDGE_LOOP('',(#3604,#3605,#3606,#3607));
#6133=EDGE_LOOP('',(#3608,#3609,#3610,#3611));
#6134=EDGE_LOOP('',(#3612,#3613,#3614,#3615));
#6135=EDGE_LOOP('',(#3616,#3617,#3618,#3619));
#6136=EDGE_LOOP('',(#3620,#3621,#3622,#3623));
#6137=EDGE_LOOP('',(#3624,#3625,#3626,#3627));
#6138=EDGE_LOOP('',(#3628,#3629,#3630,#3631));
#6139=EDGE_LOOP('',(#3632,#3633,#3634,#3635));
#6140=EDGE_LOOP('',(#3636,#3637,#3638,#3639));
#6141=EDGE_LOOP('',(#3640,#3641,#3642,#3643));
#6142=FACE_BOUND('',#5740,.T.);
#6143=FACE_BOUND('',#5741,.T.);
#6144=FACE_BOUND('',#5742,.T.);
#6145=FACE_BOUND('',#5743,.T.);
#6146=FACE_BOUND('',#5744,.T.);
#6147=FACE_BOUND('',#5745,.T.);
#6148=FACE_BOUND('',#5746,.T.);
#6149=FACE_BOUND('',#5747,.T.);
#6150=FACE_BOUND('',#5748,.T.);
#6151=FACE_BOUND('',#5749,.T.);
#6152=FACE_BOUND('',#5750,.T.);
#6153=FACE_BOUND('',#5751,.T.);
#6154=FACE_BOUND('',#5752,.T.);
#6155=FACE_BOUND('',#5753,.T.);
#6156=FACE_BOUND('',#5754,.T.);
#6157=FACE_BOUND('',#5755,.T.);
#6158=FACE_BOUND('',#5756,.T.);
#6159=FACE_BOUND('',#5757,.T.);
#6160=FACE_BOUND('',#5758,.T.);
#6161=FACE_BOUND('',#5759,.T.);
#6162=FACE_BOUND('',#5760,.T.);
#6163=FACE_BOUND('',#5761,.T.);
#6164=FACE_BOUND('',#5762,.T.);
#6165=FACE_BOUND('',#5763,.T.);
#6166=FACE_BOUND('',#5764,.T.);
#6167=FACE_BOUND('',#5765,.T.);
#6168=FACE_BOUND('',#5766,.T.);
#6169=FACE_BOUND('',#5767,.T.);
#6170=FACE_BOUND('',#5768,.T.);
#6171=FACE_BOUND('',#5769,.T.);
#6172=FACE_BOUND('',#5770,.T.);
#6173=FACE_BOUND('',#5771,.T.);
#6174=FACE_BOUND('',#5772,.T.);
#6175=FACE_BOUND('',#5773,.T.);
#6176=FACE_BOUND('',#5774,.T.);
#6177=FACE_BOUND('',#5775,.T.);
#6178=FACE_BOUND('',#5776,.T.);
#6179=FACE_BOUND('',#5777,.T.);
#6180=FACE_BOUND('',#5778,.T.);
#6181=FACE_BOUND('',#5779,.T.);
#6182=FACE_BOUND('',#5780,.T.);
#6183=FACE_BOUND('',#5781,.T.);
#6184=FACE_BOUND('',#5782,.T.);
#6185=FACE_BOUND('',#5783,.T.);
#6186=FACE_BOUND('',#5784,.T.);
#6187=FACE_BOUND('',#5785,.T.);
#6188=FACE_BOUND('',#5786,.T.);
#6189=FACE_BOUND('',#5787,.T.);
#6190=FACE_BOUND('',#5788,.T.);
#6191=FACE_BOUND('',#5789,.T.);
#6192=FACE_BOUND('',#5790,.T.);
#6193=FACE_BOUND('',#5791,.T.);
#6194=FACE_BOUND('',#5792,.T.);
#6195=FACE_BOUND('',#5793,.T.);
#6196=FACE_BOUND('',#5794,.T.);
#6197=FACE_BOUND('',#5795,.T.);
#6198=FACE_BOUND('',#5796,.T.);
#6199=FACE_BOUND('',#5797,.T.);
#6200=FACE_BOUND('',#5798,.T.);
#6201=FACE_BOUND('',#5799,.T.);
#6202=FACE_BOUND('',#5800,.T.);
#6203=FACE_BOUND('',#5801,.T.);
#6204=FACE_BOUND('',#5802,.T.);
#6205=FACE_BOUND('',#5803,.T.);
#6206=FACE_BOUND('',#5804,.T.);
#6207=FACE_BOUND('',#5805,.T.);
#6208=FACE_BOUND('',#5806,.T.);
#6209=FACE_BOUND('',#5807,.T.);
#6210=FACE_BOUND('',#5808,.T.);
#6211=FACE_BOUND('',#5809,.T.);
#6212=FACE_BOUND('',#5810,.T.);
#6213=FACE_BOUND('',#5811,.T.);
#6214=FACE_BOUND('',#5812,.T.);
#6215=FACE_BOUND('',#5813,.T.);
#6216=FACE_BOUND('',#5814,.T.);
#6217=FACE_BOUND('',#5815,.T.);
#6218=FACE_BOUND('',#5816,.T.);
#6219=FACE_BOUND('',#5817,.T.);
#6220=FACE_BOUND('',#5818,.T.);
#6221=FACE_BOUND('',#5819,.T.);
#6222=FACE_BOUND('',#5820,.T.);
#6223=FACE_BOUND('',#5821,.T.);
#6224=FACE_BOUND('',#5822,.T.);
#6225=FACE_BOUND('',#5823,.T.);
#6226=FACE_BOUND('',#5824,.T.);
#6227=FACE_BOUND('',#5825,.T.);
#6228=FACE_BOUND('',#5826,.T.);
#6229=FACE_BOUND('',#5827,.T.);
#6230=FACE_BOUND('',#5828,.T.);
#6231=FACE_BOUND('',#5829,.T.);
#6232=FACE_BOUND('',#5830,.T.);
#6233=FACE_BOUND('',#5831,.T.);
#6234=FACE_BOUND('',#5832,.T.);
#6235=FACE_BOUND('',#5833,.T.);
#6236=FACE_BOUND('',#5834,.T.);
#6237=FACE_BOUND('',#5835,.T.);
#6238=FACE_BOUND('',#5836,.T.);
#6239=FACE_BOUND('',#5837,.T.);
#6240=FACE_BOUND('',#5838,.T.);
#6241=FACE_BOUND('',#5839,.T.);
#6242=FACE_BOUND('',#5840,.T.);
#6243=FACE_BOUND('',#5841,.T.);
#6244=FACE_BOUND('',#5842,.T.);
#6245=FACE_BOUND('',#5843,.T.);
#6246=FACE_BOUND('',#5844,.T.);
#6247=FACE_BOUND('',#5845,.T.);
#6248=FACE_BOUND('',#5846,.T.);
#6249=FACE_BOUND('',#5847,.T.);
#6250=FACE_BOUND('',#5848,.T.);
#6251=FACE_BOUND('',#5849,.T.);
#6252=FACE_BOUND('',#5850,.T.);
#6253=FACE_BOUND('',#5851,.T.);
#6254=FACE_BOUND('',#5852,.T.);
#6255=FACE_BOUND('',#5853,.T.);
#6256=FACE_BOUND('',#5854,.T.);
#6257=FACE_BOUND('',#5855,.T.);
#6258=FACE_BOUND('',#5856,.T.);
#6259=FACE_BOUND('',#5857,.T.);
#6260=FACE_BOUND('',#5858,.T.);
#6261=FACE_BOUND('',#5859,.T.);
#6262=FACE_BOUND('',#5860,.T.);
#6263=FACE_BOUND('',#5861,.T.);
#6264=FACE_BOUND('',#5862,.T.);
#6265=FACE_BOUND('',#5863,.T.);
#6266=FACE_BOUND('',#5864,.T.);
#6267=FACE_BOUND('',#5865,.T.);
#6268=FACE_BOUND('',#5866,.T.);
#6269=FACE_BOUND('',#5867,.T.);
#6270=FACE_BOUND('',#5868,.T.);
#6271=FACE_BOUND('',#5869,.T.);
#6272=FACE_BOUND('',#5870,.T.);
#6273=FACE_BOUND('',#5871,.T.);
#6274=FACE_BOUND('',#5872,.T.);
#6275=FACE_BOUND('',#5873,.T.);
#6276=FACE_BOUND('',#5874,.T.);
#6277=FACE_BOUND('',#5875,.T.);
#6278=FACE_BOUND('',#5876,.T.);
#6279=FACE_BOUND('',#5877,.T.);
#6280=FACE_BOUND('',#5878,.T.);
#6281=FACE_BOUND('',#5879,.T.);
#6282=FACE_BOUND('',#5880,.T.);
#6283=FACE_BOUND('',#5881,.T.);
#6284=FACE_BOUND('',#5882,.T.);
#6285=FACE_BOUND('',#5883,.T.);
#6286=FACE_BOUND('',#5884,.T.);
#6287=FACE_BOUND('',#5885,.T.);
#6288=FACE_BOUND('',#5886,.T.);
#6289=FACE_BOUND('',#5887,.T.);
#6290=FACE_BOUND('',#5888,.T.);
#6291=FACE_BOUND('',#5889,.T.);
#6292=FACE_BOUND('',#5890,.T.);
#6293=FACE_BOUND('',#5891,.T.);
#6294=FACE_BOUND('',#5892,.T.);
#6295=FACE_BOUND('',#5893,.T.);
#6296=FACE_BOUND('',#5894,.T.);
#6297=FACE_BOUND('',#5895,.T.);
#6298=FACE_BOUND('',#5896,.T.);
#6299=FACE_BOUND('',#5897,.T.);
#6300=FACE_BOUND('',#5898,.T.);
#6301=FACE_BOUND('',#5899,.T.);
#6302=FACE_BOUND('',#5900,.T.);
#6303=FACE_BOUND('',#5901,.T.);
#6304=FACE_BOUND('',#5902,.T.);
#6305=FACE_BOUND('',#5903,.T.);
#6306=FACE_BOUND('',#5904,.T.);
#6307=FACE_BOUND('',#5905,.T.);
#6308=FACE_BOUND('',#5906,.T.);
#6309=FACE_BOUND('',#5907,.T.);
#6310=FACE_BOUND('',#5908,.T.);
#6311=FACE_BOUND('',#5909,.T.);
#6312=FACE_BOUND('',#5910,.T.);
#6313=FACE_BOUND('',#5911,.T.);
#6314=FACE_BOUND('',#5912,.T.);
#6315=FACE_BOUND('',#5913,.T.);
#6316=FACE_BOUND('',#5914,.T.);
#6317=FACE_BOUND('',#5915,.T.);
#6318=FACE_BOUND('',#5916,.T.);
#6319=FACE_BOUND('',#5917,.T.);
#6320=FACE_BOUND('',#5918,.T.);
#6321=FACE_BOUND('',#5919,.T.);
#6322=FACE_BOUND('',#5920,.T.);
#6323=FACE_BOUND('',#5921,.T.);
#6324=FACE_BOUND('',#5922,.T.);
#6325=FACE_BOUND('',#5923,.T.);
#6326=FACE_BOUND('',#5924,.T.);
#6327=FACE_BOUND('',#5925,.T.);
#6328=FACE_BOUND('',#5926,.T.);
#6329=FACE_BOUND('',#5927,.T.);
#6330=FACE_BOUND('',#5928,.T.);
#6331=FACE_BOUND('',#5929,.T.);
#6332=FACE_BOUND('',#5930,.T.);
#6333=FACE_BOUND('',#5931,.T.);
#6334=FACE_BOUND('',#5932,.T.);
#6335=FACE_BOUND('',#5933,.T.);
#6336=FACE_BOUND('',#5934,.T.);
#6337=FACE_BOUND('',#5935,.T.);
#6338=FACE_BOUND('',#5936,.T.);
#6339=FACE_BOUND('',#5937,.T.);
#6340=FACE_BOUND('',#5938,.T.);
#6341=FACE_BOUND('',#5939,.T.);
#6342=FACE_BOUND('',#5940,.T.);
#6343=FACE_BOUND('',#5941,.T.);
#6344=FACE_BOUND('',#5942,.T.);
#6345=FACE_BOUND('',#5943,.T.);
#6346=FACE_BOUND('',#5944,.T.);
#6347=FACE_BOUND('',#5945,.T.);
#6348=FACE_BOUND('',#5946,.T.);
#6349=FACE_BOUND('',#5947,.T.);
#6350=FACE_BOUND('',#5948,.T.);
#6351=FACE_BOUND('',#5949,.T.);
#6352=FACE_BOUND('',#5950,.T.);
#6353=FACE_BOUND('',#5951,.T.);
#6354=FACE_BOUND('',#5952,.T.);
#6355=FACE_BOUND('',#5953,.T.);
#6356=FACE_BOUND('',#5954,.T.);
#6357=FACE_BOUND('',#5955,.T.);
#6358=FACE_BOUND('',#5956,.T.);
#6359=FACE_BOUND('',#5957,.T.);
#6360=FACE_BOUND('',#5958,.T.);
#6361=FACE_BOUND('',#5959,.T.);
#6362=FACE_BOUND('',#5960,.T.);
#6363=FACE_BOUND('',#5961,.T.);
#6364=FACE_BOUND('',#5962,.T.);
#6365=FACE_BOUND('',#5963,.T.);
#6366=FACE_BOUND('',#5964,.T.);
#6367=FACE_BOUND('',#5965,.T.);
#6368=FACE_BOUND('',#5966,.T.);
#6369=FACE_BOUND('',#5967,.T.);
#6370=FACE_BOUND('',#5968,.T.);
#6371=FACE_BOUND('',#5969,.T.);
#6372=FACE_BOUND('',#5970,.T.);
#6373=FACE_BOUND('',#5971,.T.);
#6374=FACE_BOUND('',#5972,.T.);
#6375=FACE_BOUND('',#5973,.T.);
#6376=FACE_BOUND('',#5974,.T.);
#6377=FACE_BOUND('',#5975,.T.);
#6378=FACE_BOUND('',#5976,.T.);
#6379=FACE_BOUND('',#5977,.T.);
#6380=FACE_BOUND('',#5978,.T.);
#6381=FACE_BOUND('',#5979,.T.);
#6382=FACE_BOUND('',#5980,.T.);
#6383=FACE_BOUND('',#5981,.T.);
#6384=FACE_BOUND('',#5982,.T.);
#6385=FACE_BOUND('',#5983,.T.);
#6386=FACE_BOUND('',#5984,.T.);
#6387=FACE_BOUND('',#5985,.T.);
#6388=FACE_BOUND('',#5986,.T.);
#6389=FACE_BOUND('',#5987,.T.);
#6390=FACE_BOUND('',#5988,.T.);
#6391=FACE_BOUND('',#5989,.T.);
#6392=FACE_BOUND('',#5990,.T.);
#6393=FACE_BOUND('',#5991,.T.);
#6394=FACE_BOUND('',#5992,.T.);
#6395=FACE_BOUND('',#5993,.T.);
#6396=FACE_BOUND('',#5994,.T.);
#6397=FACE_BOUND('',#5995,.T.);
#6398=FACE_BOUND('',#5996,.T.);
#6399=FACE_BOUND('',#5997,.T.);
#6400=FACE_BOUND('',#5998,.T.);
#6401=FACE_BOUND('',#5999,.T.);
#6402=FACE_BOUND('',#6000,.T.);
#6403=FACE_BOUND('',#6001,.T.);
#6404=FACE_BOUND('',#6002,.T.);
#6405=FACE_BOUND('',#6003,.T.);
#6406=FACE_BOUND('',#6004,.T.);
#6407=FACE_BOUND('',#6005,.T.);
#6408=FACE_BOUND('',#6006,.T.);
#6409=FACE_BOUND('',#6007,.T.);
#6410=FACE_BOUND('',#6008,.T.);
#6411=FACE_BOUND('',#6009,.T.);
#6412=FACE_BOUND('',#6010,.T.);
#6413=FACE_BOUND('',#6011,.T.);
#6414=FACE_BOUND('',#6012,.T.);
#6415=FACE_BOUND('',#6013,.T.);
#6416=FACE_BOUND('',#6014,.T.);
#6417=FACE_BOUND('',#6015,.T.);
#6418=FACE_BOUND('',#6016,.T.);
#6419=FACE_BOUND('',#6017,.T.);
#6420=FACE_BOUND('',#6018,.T.);
#6421=FACE_BOUND('',#6019,.T.);
#6422=FACE_BOUND('',#6020,.T.);
#6423=FACE_BOUND('',#6021,.T.);
#6424=FACE_BOUND('',#6022,.T.);
#6425=FACE_BOUND('',#6023,.T.);
#6426=FACE_BOUND('',#6024,.T.);
#6427=FACE_BOUND('',#6025,.T.);
#6428=FACE_BOUND('',#6026,.T.);
#6429=FACE_BOUND('',#6027,.T.);
#6430=FACE_BOUND('',#6028,.T.);
#6431=FACE_BOUND('',#6029,.T.);
#6432=FACE_BOUND('',#6030,.T.);
#6433=FACE_BOUND('',#6031,.T.);
#6434=FACE_BOUND('',#6032,.T.);
#6435=FACE_BOUND('',#6033,.T.);
#6436=FACE_BOUND('',#6034,.T.);
#6437=FACE_BOUND('',#6035,.T.);
#6438=FACE_BOUND('',#6036,.T.);
#6439=FACE_BOUND('',#6037,.T.);
#6440=FACE_BOUND('',#6038,.T.);
#6441=FACE_BOUND('',#6039,.T.);
#6442=FACE_BOUND('',#6040,.T.);
#6443=FACE_BOUND('',#6041,.T.);
#6444=FACE_BOUND('',#6042,.T.);
#6445=FACE_BOUND('',#6043,.T.);
#6446=FACE_BOUND('',#6044,.T.);
#6447=FACE_BOUND('',#6045,.T.);
#6448=FACE_BOUND('',#6046,.T.);
#6449=FACE_BOUND('',#6047,.T.);
#6450=FACE_BOUND('',#6048,.T.);
#6451=FACE_BOUND('',#6049,.T.);
#6452=FACE_BOUND('',#6050,.T.);
#6453=FACE_BOUND('',#6051,.T.);
#6454=FACE_BOUND('',#6052,.T.);
#6455=FACE_BOUND('',#6053,.T.);
#6456=FACE_BOUND('',#6054,.T.);
#6457=FACE_BOUND('',#6055,.T.);
#6458=FACE_BOUND('',#6056,.T.);
#6459=FACE_BOUND('',#6057,.T.);
#6460=FACE_BOUND('',#6058,.T.);
#6461=FACE_BOUND('',#6059,.T.);
#6462=FACE_BOUND('',#6060,.T.);
#6463=FACE_BOUND('',#6061,.T.);
#6464=FACE_BOUND('',#6062,.T.);
#6465=FACE_BOUND('',#6063,.T.);
#6466=FACE_BOUND('',#6064,.T.);
#6467=FACE_BOUND('',#6065,.T.);
#6468=FACE_BOUND('',#6066,.T.);
#6469=FACE_BOUND('',#6067,.T.);
#6470=FACE_BOUND('',#6068,.T.);
#6471=FACE_BOUND('',#6069,.T.);
#6472=FACE_BOUND('',#6070,.T.);
#6473=FACE_BOUND('',#6071,.T.);
#6474=FACE_BOUND('',#6072,.T.);
#6475=FACE_BOUND('',#6073,.T.);
#6476=FACE_BOUND('',#6074,.T.);
#6477=FACE_BOUND('',#6075,.T.);
#6478=FACE_BOUND('',#6076,.T.);
#6479=FACE_BOUND('',#6077,.T.);
#6480=FACE_BOUND('',#6078,.T.);
#6481=FACE_BOUND('',#6079,.T.);
#6482=FACE_BOUND('',#6080,.T.);
#6483=FACE_BOUND('',#6081,.T.);
#6484=FACE_BOUND('',#6082,.T.);
#6485=FACE_BOUND('',#6083,.T.);
#6486=FACE_BOUND('',#6084,.T.);
#6487=FACE_BOUND('',#6085,.T.);
#6488=FACE_BOUND('',#6086,.T.);
#6489=FACE_BOUND('',#6087,.T.);
#6490=FACE_BOUND('',#6088,.T.);
#6491=FACE_BOUND('',#6089,.T.);
#6492=FACE_BOUND('',#6090,.T.);
#6493=FACE_BOUND('',#6091,.T.);
#6494=FACE_BOUND('',#6092,.T.);
#6495=FACE_BOUND('',#6093,.T.);
#6496=FACE_BOUND('',#6094,.T.);
#6497=FACE_BOUND('',#6095,.T.);
#6498=FACE_BOUND('',#6096,.T.);
#6499=FACE_BOUND('',#6097,.T.);
#6500=FACE_BOUND('',#6098,.T.);
#6501=FACE_BOUND('',#6099,.T.);
#6502=FACE_BOUND('',#6100,.T.);
#6503=FACE_BOUND('',#6101,.T.);
#6504=FACE_BOUND('',#6102,.T.);
#6505=FACE_BOUND('',#6103,.T.);
#6506=FACE_BOUND('',#6104,.T.);
#6507=FACE_BOUND('',#6105,.T.);
#6508=FACE_BOUND('',#6106,.T.);
#6509=FACE_BOUND('',#6107,.T.);
#6510=FACE_BOUND('',#6108,.T.);
#6511=FACE_BOUND('',#6109,.T.);
#6512=FACE_BOUND('',#6110,.T.);
#6513=FACE_BOUND('',#6111,.T.);
#6514=FACE_BOUND('',#6112,.T.);
#6515=FACE_BOUND('',#6113,.T.);
#6516=FACE_BOUND('',#6114,.T.);
#6517=FACE_BOUND('',#6115,.T.);
#6518=FACE_BOUND('',#6116,.T.);
#6519=FACE_BOUND('',#6117,.T.);
#6520=FACE_BOUND('',#6118,.T.);
#6521=FACE_BOUND('',#6119,.T.);
#6522=FACE_BOUND('',#6120,.T.);
#6523=FACE_BOUND('',#6121,.T.);
#6524=FACE_BOUND('',#6122,.T.);
#6525=FACE_BOUND('',#6123,.T.);
#6526=FACE_BOUND('',#6124,.T.);
#6527=FACE_BOUND('',#6125,.T.);
#6528=FACE_BOUND('',#6126,.T.);
#6529=FACE_BOUND('',#6127,.T.);
#6530=FACE_BOUND('',#6128,.T.);
#6531=FACE_BOUND('',#6129,.T.);
#6532=FACE_BOUND('',#6130,.T.);
#6533=FACE_BOUND('',#6131,.T.);
#6534=FACE_BOUND('',#6132,.T.);
#6535=FACE_BOUND('',#6133,.T.);
#6536=FACE_BOUND('',#6134,.T.);
#6537=FACE_BOUND('',#6135,.T.);
#6538=FACE_BOUND('',#6136,.T.);
#6539=FACE_BOUND('',#6137,.T.);
#6540=FACE_BOUND('',#6138,.T.);
#6541=FACE_BOUND('',#6139,.T.);
#6542=FACE_BOUND('',#6140,.T.);
#6543=FACE_BOUND('',#6141,.T.);
#6544=PLANE('',#7073);
#6545=PLANE('',#7248);
#6546=PLANE('',#7419);
#6547=PLANE('',#7428);
#6548=PLANE('',#7429);
#6549=PLANE('',#7430);
#6550=PLANE('',#7431);
#6551=PLANE('',#7432);
#6552=PLANE('',#7433);
#6553=PLANE('',#7434);
#6554=PLANE('',#7435);
#6555=PLANE('',#7436);
#6556=PLANE('',#7437);
#6557=PLANE('',#7438);
#6558=PLANE('',#7439);
#6559=PLANE('',#7440);
#6560=PLANE('',#7454);
#6561=PLANE('',#7455);
#6562=PLANE('',#7456);
#6563=PLANE('',#7457);
#6564=PLANE('',#7459);
#6565=PLANE('',#7465);
#6566=PLANE('',#7466);
#6567=PLANE('',#7467);
#6568=PLANE('',#7468);
#6569=PLANE('',#7469);
#6570=PLANE('',#7476);
#6571=PLANE('',#7477);
#6572=PLANE('',#7479);
#6573=PLANE('',#7484);
#6574=PLANE('',#7485);
#6575=PLANE('',#7486);
#6576=PLANE('',#7487);
#6577=PLANE('',#7493);
#6578=PLANE('',#7494);
#6579=PLANE('',#7495);
#6580=PLANE('',#7496);
#6581=PLANE('',#7497);
#6582=PLANE('',#7498);
#6583=PLANE('',#7499);
#6584=PLANE('',#7508);
#6585=PLANE('',#7509);
#6586=PLANE('',#7510);
#6587=PLANE('',#7511);
#6588=PLANE('',#7512);
#6589=PLANE('',#7513);
#6590=PLANE('',#7514);
#6591=PLANE('',#7523);
#6592=PLANE('',#7524);
#6593=PLANE('',#7525);
#6594=PLANE('',#7526);
#6595=PLANE('',#7527);
#6596=PLANE('',#7528);
#6597=PLANE('',#7529);
#6598=PLANE('',#7537);
#6599=PLANE('',#7538);
#6600=PLANE('',#7539);
#6601=PLANE('',#7540);
#6602=PLANE('',#7541);
#6603=PLANE('',#7542);
#6604=PLANE('',#7544);
#6605=PLANE('',#7554);
#6606=PLANE('',#7555);
#6607=PLANE('',#7556);
#6608=PLANE('',#7557);
#6609=PLANE('',#7558);
#6610=PLANE('',#7559);
#6611=PLANE('',#7560);
#6612=PLANE('',#7561);
#6613=PLANE('',#7562);
#6614=PLANE('',#7563);
#6615=PLANE('',#7572);
#6616=PLANE('',#7573);
#6617=PLANE('',#7574);
#6618=PLANE('',#7575);
#6619=PLANE('',#7576);
#6620=PLANE('',#7583);
#6621=PLANE('',#7584);
#6622=PLANE('',#7585);
#6623=PLANE('',#7586);
#6624=PLANE('',#7587);
#6625=PLANE('',#7589);
#6626=PLANE('',#7590);
#6627=PLANE('',#7600);
#6628=PLANE('',#7601);
#6629=PLANE('',#7602);
#6630=PLANE('',#7603);
#6631=PLANE('',#7604);
#6632=PLANE('',#7605);
#6633=PLANE('',#7606);
#6634=PLANE('',#7607);
#6635=PLANE('',#7608);
#6636=PLANE('',#7609);
#6637=PLANE('',#7619);
#6638=PLANE('',#7620);
#6639=PLANE('',#7621);
#6640=PLANE('',#7622);
#6641=PLANE('',#7624);
#6642=PLANE('',#7630);
#6643=PLANE('',#7631);
#6644=PLANE('',#7632);
#6645=PLANE('',#7633);
#6646=PLANE('',#7634);
#6647=PLANE('',#7635);
#6648=PLANE('',#7636);
#6649=PLANE('',#7645);
#6650=PLANE('',#7646);
#6651=PLANE('',#7648);
#6652=PLANE('',#7654);
#6653=PLANE('',#7655);
#6654=PLANE('',#7656);
#6655=PLANE('',#7657);
#6656=PLANE('',#7658);
#6657=PLANE('',#7659);
#6658=PLANE('',#7660);
#6659=PLANE('',#7668);
#6660=PLANE('',#7669);
#6661=PLANE('',#7670);
#6662=PLANE('',#7672);
#6663=PLANE('',#7673);
#6664=PLANE('',#7674);
#6665=PLANE('',#7675);
#6666=PLANE('',#7683);
#6667=PLANE('',#7684);
#6668=PLANE('',#7685);
#6669=PLANE('',#7686);
#6670=PLANE('',#7691);
#6671=PLANE('',#7692);
#6672=PLANE('',#7693);
#6673=PLANE('',#7694);
#6674=PLANE('',#7695);
#6675=PLANE('',#7696);
#6676=PLANE('',#7697);
#6677=PLANE('',#7698);
#6678=PLANE('',#7699);
#6679=PLANE('',#7700);
#6680=PLANE('',#7701);
#6681=PLANE('',#7703);
#6682=PLANE('',#7704);
#6683=PLANE('',#7705);
#6684=PLANE('',#7706);
#6685=PLANE('',#7707);
#6686=PLANE('',#7708);
#6687=PLANE('',#7709);
#6688=PLANE('',#7711);
#6689=PLANE('',#7712);
#6690=PLANE('',#7713);
#6691=PLANE('',#7714);
#6692=PLANE('',#7715);
#6693=PLANE('',#7716);
#6694=PLANE('',#7722);
#6695=PLANE('',#7723);
#6696=PLANE('',#7724);
#6697=PLANE('',#7725);
#6698=PLANE('',#7732);
#6699=PLANE('',#7733);
#6700=PLANE('',#7737);
#6701=PLANE('',#7747);
#6702=PLANE('',#7748);
#6703=PLANE('',#7757);
#6704=PLANE('',#7758);
#6705=PLANE('',#7759);
#6706=PLANE('',#7760);
#6707=PLANE('',#7764);
#6708=ADVANCED_FACE('',(#6142,#6143,#6144,#6145,#6146,#6147,#6148,#6149,#6150,#6151,#6152,#6153,#6154,#6155,#6156,#6157,#6158,#6159,#6160,#6161,#6162,#6163,#6164,#6165,#6166),#6544,.F.);
#6709=ADVANCED_FACE('',(#6167,#6168,#6169,#6170,#6171,#6172,#6173,#6174,#6175,#6176,#6177,#6178,#6179,#6180,#6181,#6182,#6183,#6184,#6185,#6186,#6187,#6188,#6189,#6190,#6191),#6545,.T.);
#6710=ADVANCED_FACE('',(#6192,#6193),#6546,.T.);
#6711=ADVANCED_FACE('',(#6194),#6547,.T.);
#6712=ADVANCED_FACE('',(#6195),#6548,.T.);
#6713=ADVANCED_FACE('',(#6196),#6549,.F.);
#6714=ADVANCED_FACE('',(#6197),#6550,.F.);
#6715=ADVANCED_FACE('',(#6198),#6551,.T.);
#6716=ADVANCED_FACE('',(#6199),#6552,.T.);
#6717=ADVANCED_FACE('',(#6200),#6553,.F.);
#6718=ADVANCED_FACE('',(#6201),#6554,.T.);
#6719=ADVANCED_FACE('',(#6202),#6555,.F.);
#6720=ADVANCED_FACE('',(#6203),#6556,.F.);
#6721=ADVANCED_FACE('',(#6204),#6557,.T.);
#6722=ADVANCED_FACE('',(#6205),#6558,.F.);
#6723=ADVANCED_FACE('',(#6206,#6207),#6559,.T.);
#6724=ADVANCED_FACE('',(#6208),#22,.T.);
#6725=ADVANCED_FACE('',(#6209),#23,.T.);
#6726=ADVANCED_FACE('',(#6210),#24,.T.);
#6727=ADVANCED_FACE('',(#6211),#25,.T.);
#6728=ADVANCED_FACE('',(#6212),#26,.T.);
#6729=ADVANCED_FACE('',(#6213),#27,.T.);
#6730=ADVANCED_FACE('',(#6214),#28,.T.);
#6731=ADVANCED_FACE('',(#6215),#29,.T.);
#6732=ADVANCED_FACE('',(#6216),#30,.T.);
#6733=ADVANCED_FACE('',(#6217),#6560,.F.);
#6734=ADVANCED_FACE('',(#6218),#6561,.F.);
#6735=ADVANCED_FACE('',(#6219),#6562,.F.);
#6736=ADVANCED_FACE('',(#6220),#6563,.F.);
#6737=ADVANCED_FACE('',(#6221),#31,.F.);
#6738=ADVANCED_FACE('',(#6222),#6564,.T.);
#6739=ADVANCED_FACE('',(#6223),#32,.F.);
#6740=ADVANCED_FACE('',(#6224),#33,.F.);
#6741=ADVANCED_FACE('',(#6225),#34,.F.);
#6742=ADVANCED_FACE('',(#6226),#35,.F.);
#6743=ADVANCED_FACE('',(#6227),#36,.F.);
#6744=ADVANCED_FACE('',(#6228),#6565,.F.);
#6745=ADVANCED_FACE('',(#6229),#6566,.F.);
#6746=ADVANCED_FACE('',(#6230),#6567,.F.);
#6747=ADVANCED_FACE('',(#6231),#6568,.F.);
#6748=ADVANCED_FACE('',(#6232),#6569,.F.);
#6749=ADVANCED_FACE('',(#6233),#37,.F.);
#6750=ADVANCED_FACE('',(#6234),#38,.F.);
#6751=ADVANCED_FACE('',(#6235),#39,.F.);
#6752=ADVANCED_FACE('',(#6236),#40,.F.);
#6753=ADVANCED_FACE('',(#6237),#41,.F.);
#6754=ADVANCED_FACE('',(#6238),#42,.T.);
#6755=ADVANCED_FACE('',(#6239),#6570,.F.);
#6756=ADVANCED_FACE('',(#6240),#6571,.T.);
#6757=ADVANCED_FACE('',(#6241),#43,.T.);
#6758=ADVANCED_FACE('',(#6242),#6572,.T.);
#6759=ADVANCED_FACE('',(#6243),#44,.F.);
#6760=ADVANCED_FACE('',(#6244),#45,.F.);
#6761=ADVANCED_FACE('',(#6245),#46,.F.);
#6762=ADVANCED_FACE('',(#6246),#47,.F.);
#6763=ADVANCED_FACE('',(#6247),#6573,.F.);
#6764=ADVANCED_FACE('',(#6248),#6574,.F.);
#6765=ADVANCED_FACE('',(#6249),#6575,.F.);
#6766=ADVANCED_FACE('',(#6250),#6576,.T.);
#6767=ADVANCED_FACE('',(#6251),#48,.F.);
#6768=ADVANCED_FACE('',(#6252),#49,.F.);
#6769=ADVANCED_FACE('',(#6253),#50,.F.);
#6770=ADVANCED_FACE('',(#6254),#51,.F.);
#6771=ADVANCED_FACE('',(#6255),#52,.T.);
#6772=ADVANCED_FACE('',(#6256),#6577,.F.);
#6773=ADVANCED_FACE('',(#6257),#6578,.F.);
#6774=ADVANCED_FACE('',(#6258),#6579,.F.);
#6775=ADVANCED_FACE('',(#6259),#6580,.T.);
#6776=ADVANCED_FACE('',(#6260),#6581,.T.);
#6777=ADVANCED_FACE('',(#6261),#6582,.F.);
#6778=ADVANCED_FACE('',(#6262),#6583,.F.);
#6779=ADVANCED_FACE('',(#6263),#53,.F.);
#6780=ADVANCED_FACE('',(#6264),#54,.F.);
#6781=ADVANCED_FACE('',(#6265),#55,.F.);
#6782=ADVANCED_FACE('',(#6266),#56,.F.);
#6783=ADVANCED_FACE('',(#6267),#57,.F.);
#6784=ADVANCED_FACE('',(#6268),#58,.F.);
#6785=ADVANCED_FACE('',(#6269),#59,.F.);
#6786=ADVANCED_FACE('',(#6270),#60,.T.);
#6787=ADVANCED_FACE('',(#6271),#6584,.T.);
#6788=ADVANCED_FACE('',(#6272),#6585,.T.);
#6789=ADVANCED_FACE('',(#6273),#6586,.T.);
#6790=ADVANCED_FACE('',(#6274),#6587,.T.);
#6791=ADVANCED_FACE('',(#6275),#6588,.T.);
#6792=ADVANCED_FACE('',(#6276),#6589,.T.);
#6793=ADVANCED_FACE('',(#6277),#6590,.F.);
#6794=ADVANCED_FACE('',(#6278),#61,.T.);
#6795=ADVANCED_FACE('',(#6279),#62,.F.);
#6796=ADVANCED_FACE('',(#6280),#63,.F.);
#6797=ADVANCED_FACE('',(#6281),#64,.F.);
#6798=ADVANCED_FACE('',(#6282),#65,.F.);
#6799=ADVANCED_FACE('',(#6283),#66,.F.);
#6800=ADVANCED_FACE('',(#6284),#67,.F.);
#6801=ADVANCED_FACE('',(#6285),#68,.F.);
#6802=ADVANCED_FACE('',(#6286),#6591,.T.);
#6803=ADVANCED_FACE('',(#6287),#6592,.T.);
#6804=ADVANCED_FACE('',(#6288),#6593,.T.);
#6805=ADVANCED_FACE('',(#6289),#6594,.T.);
#6806=ADVANCED_FACE('',(#6290),#6595,.T.);
#6807=ADVANCED_FACE('',(#6291),#6596,.F.);
#6808=ADVANCED_FACE('',(#6292),#6597,.T.);
#6809=ADVANCED_FACE('',(#6293),#69,.F.);
#6810=ADVANCED_FACE('',(#6294),#70,.F.);
#6811=ADVANCED_FACE('',(#6295),#71,.F.);
#6812=ADVANCED_FACE('',(#6296),#72,.F.);
#6813=ADVANCED_FACE('',(#6297),#73,.F.);
#6814=ADVANCED_FACE('',(#6298),#74,.F.);
#6815=ADVANCED_FACE('',(#6299),#75,.F.);
#6816=ADVANCED_FACE('',(#6300),#6598,.T.);
#6817=ADVANCED_FACE('',(#6301),#6599,.T.);
#6818=ADVANCED_FACE('',(#6302),#6600,.T.);
#6819=ADVANCED_FACE('',(#6303),#6601,.F.);
#6820=ADVANCED_FACE('',(#6304),#6602,.T.);
#6821=ADVANCED_FACE('',(#6305),#6603,.T.);
#6822=ADVANCED_FACE('',(#6306),#76,.F.);
#6823=ADVANCED_FACE('',(#6307),#6604,.T.);
#6824=ADVANCED_FACE('',(#6308),#77,.F.);
#6825=ADVANCED_FACE('',(#6309),#78,.F.);
#6826=ADVANCED_FACE('',(#6310),#79,.F.);
#6827=ADVANCED_FACE('',(#6311),#80,.F.);
#6828=ADVANCED_FACE('',(#6312),#81,.F.);
#6829=ADVANCED_FACE('',(#6313),#82,.F.);
#6830=ADVANCED_FACE('',(#6314),#83,.F.);
#6831=ADVANCED_FACE('',(#6315),#84,.T.);
#6832=ADVANCED_FACE('',(#6316),#85,.T.);
#6833=ADVANCED_FACE('',(#6317),#6605,.T.);
#6834=ADVANCED_FACE('',(#6318),#6606,.T.);
#6835=ADVANCED_FACE('',(#6319),#6607,.T.);
#6836=ADVANCED_FACE('',(#6320),#6608,.T.);
#6837=ADVANCED_FACE('',(#6321),#6609,.T.);
#6838=ADVANCED_FACE('',(#6322),#6610,.T.);
#6839=ADVANCED_FACE('',(#6323),#6611,.T.);
#6840=ADVANCED_FACE('',(#6324),#6612,.F.);
#6841=ADVANCED_FACE('',(#6325),#6613,.F.);
#6842=ADVANCED_FACE('',(#6326),#6614,.F.);
#6843=ADVANCED_FACE('',(#6327),#86,.F.);
#6844=ADVANCED_FACE('',(#6328),#87,.F.);
#6845=ADVANCED_FACE('',(#6329),#88,.F.);
#6846=ADVANCED_FACE('',(#6330),#89,.F.);
#6847=ADVANCED_FACE('',(#6331),#90,.F.);
#6848=ADVANCED_FACE('',(#6332),#91,.F.);
#6849=ADVANCED_FACE('',(#6333),#92,.F.);
#6850=ADVANCED_FACE('',(#6334),#93,.F.);
#6851=ADVANCED_FACE('',(#6335),#6615,.T.);
#6852=ADVANCED_FACE('',(#6336),#6616,.T.);
#6853=ADVANCED_FACE('',(#6337),#6617,.T.);
#6854=ADVANCED_FACE('',(#6338),#6618,.T.);
#6855=ADVANCED_FACE('',(#6339),#6619,.T.);
#6856=ADVANCED_FACE('',(#6340),#94,.F.);
#6857=ADVANCED_FACE('',(#6341),#95,.F.);
#6858=ADVANCED_FACE('',(#6342),#96,.F.);
#6859=ADVANCED_FACE('',(#6343),#97,.F.);
#6860=ADVANCED_FACE('',(#6344),#98,.F.);
#6861=ADVANCED_FACE('',(#6345),#99,.T.);
#6862=ADVANCED_FACE('',(#6346),#6620,.F.);
#6863=ADVANCED_FACE('',(#6347),#6621,.F.);
#6864=ADVANCED_FACE('',(#6348),#6622,.F.);
#6865=ADVANCED_FACE('',(#6349),#6623,.F.);
#6866=ADVANCED_FACE('',(#6350),#6624,.F.);
#6867=ADVANCED_FACE('',(#6351),#100,.T.);
#6868=ADVANCED_FACE('',(#6352),#6625,.T.);
#6869=ADVANCED_FACE('',(#6353),#6626,.F.);
#6870=ADVANCED_FACE('',(#6354),#101,.F.);
#6871=ADVANCED_FACE('',(#6355),#102,.F.);
#6872=ADVANCED_FACE('',(#6356),#103,.F.);
#6873=ADVANCED_FACE('',(#6357),#104,.F.);
#6874=ADVANCED_FACE('',(#6358),#105,.F.);
#6875=ADVANCED_FACE('',(#6359),#106,.F.);
#6876=ADVANCED_FACE('',(#6360),#107,.F.);
#6877=ADVANCED_FACE('',(#6361),#108,.T.);
#6878=ADVANCED_FACE('',(#6362),#109,.T.);
#6879=ADVANCED_FACE('',(#6363),#6627,.F.);
#6880=ADVANCED_FACE('',(#6364),#6628,.F.);
#6881=ADVANCED_FACE('',(#6365),#6629,.T.);
#6882=ADVANCED_FACE('',(#6366),#6630,.T.);
#6883=ADVANCED_FACE('',(#6367),#6631,.T.);
#6884=ADVANCED_FACE('',(#6368),#6632,.F.);
#6885=ADVANCED_FACE('',(#6369),#6633,.F.);
#6886=ADVANCED_FACE('',(#6370),#6634,.F.);
#6887=ADVANCED_FACE('',(#6371),#6635,.F.);
#6888=ADVANCED_FACE('',(#6372),#6636,.F.);
#6889=ADVANCED_FACE('',(#6373),#110,.F.);
#6890=ADVANCED_FACE('',(#6374),#111,.F.);
#6891=ADVANCED_FACE('',(#6375),#112,.F.);
#6892=ADVANCED_FACE('',(#6376),#113,.F.);
#6893=ADVANCED_FACE('',(#6377),#114,.F.);
#6894=ADVANCED_FACE('',(#6378),#115,.F.);
#6895=ADVANCED_FACE('',(#6379),#116,.F.);
#6896=ADVANCED_FACE('',(#6380),#117,.F.);
#6897=ADVANCED_FACE('',(#6381),#118,.T.);
#6898=ADVANCED_FACE('',(#6382),#6637,.T.);
#6899=ADVANCED_FACE('',(#6383),#6638,.T.);
#6900=ADVANCED_FACE('',(#6384),#6639,.T.);
#6901=ADVANCED_FACE('',(#6385),#6640,.F.);
#6902=ADVANCED_FACE('',(#6386),#119,.F.);
#6903=ADVANCED_FACE('',(#6387),#6641,.T.);
#6904=ADVANCED_FACE('',(#6388),#120,.F.);
#6905=ADVANCED_FACE('',(#6389),#121,.F.);
#6906=ADVANCED_FACE('',(#6390),#122,.F.);
#6907=ADVANCED_FACE('',(#6391),#123,.F.);
#6908=ADVANCED_FACE('',(#6392),#124,.F.);
#6909=ADVANCED_FACE('',(#6393),#6642,.F.);
#6910=ADVANCED_FACE('',(#6394),#6643,.F.);
#6911=ADVANCED_FACE('',(#6395),#6644,.F.);
#6912=ADVANCED_FACE('',(#6396),#6645,.F.);
#6913=ADVANCED_FACE('',(#6397),#6646,.T.);
#6914=ADVANCED_FACE('',(#6398),#6647,.F.);
#6915=ADVANCED_FACE('',(#6399),#6648,.F.);
#6916=ADVANCED_FACE('',(#6400),#125,.F.);
#6917=ADVANCED_FACE('',(#6401),#126,.F.);
#6918=ADVANCED_FACE('',(#6402),#127,.F.);
#6919=ADVANCED_FACE('',(#6403),#128,.F.);
#6920=ADVANCED_FACE('',(#6404),#129,.F.);
#6921=ADVANCED_FACE('',(#6405),#130,.F.);
#6922=ADVANCED_FACE('',(#6406),#131,.F.);
#6923=ADVANCED_FACE('',(#6407),#132,.T.);
#6924=ADVANCED_FACE('',(#6408),#6649,.T.);
#6925=ADVANCED_FACE('',(#6409),#6650,.F.);
#6926=ADVANCED_FACE('',(#6410),#133,.T.);
#6927=ADVANCED_FACE('',(#6411),#6651,.F.);
#6928=ADVANCED_FACE('',(#6412),#134,.F.);
#6929=ADVANCED_FACE('',(#6413),#135,.F.);
#6930=ADVANCED_FACE('',(#6414),#136,.F.);
#6931=ADVANCED_FACE('',(#6415),#137,.F.);
#6932=ADVANCED_FACE('',(#6416),#138,.T.);
#6933=ADVANCED_FACE('',(#6417),#6652,.T.);
#6934=ADVANCED_FACE('',(#6418),#6653,.F.);
#6935=ADVANCED_FACE('',(#6419),#6654,.F.);
#6936=ADVANCED_FACE('',(#6420),#6655,.T.);
#6937=ADVANCED_FACE('',(#6421),#6656,.T.);
#6938=ADVANCED_FACE('',(#6422),#6657,.T.);
#6939=ADVANCED_FACE('',(#6423),#6658,.T.);
#6940=ADVANCED_FACE('',(#6424),#139,.F.);
#6941=ADVANCED_FACE('',(#6425),#140,.F.);
#6942=ADVANCED_FACE('',(#6426),#141,.F.);
#6943=ADVANCED_FACE('',(#6427),#142,.F.);
#6944=ADVANCED_FACE('',(#6428),#143,.F.);
#6945=ADVANCED_FACE('',(#6429),#144,.F.);
#6946=ADVANCED_FACE('',(#6430),#145,.F.);
#6947=ADVANCED_FACE('',(#6431),#6659,.F.);
#6948=ADVANCED_FACE('',(#6432),#6660,.F.);
#6949=ADVANCED_FACE('',(#6433),#6661,.F.);
#6950=ADVANCED_FACE('',(#6434),#146,.F.);
#6951=ADVANCED_FACE('',(#6435),#6662,.F.);
#6952=ADVANCED_FACE('',(#6436),#6663,.F.);
#6953=ADVANCED_FACE('',(#6437),#6664,.T.);
#6954=ADVANCED_FACE('',(#6438),#6665,.F.);
#6955=ADVANCED_FACE('',(#6439),#147,.F.);
#6956=ADVANCED_FACE('',(#6440),#148,.F.);
#6957=ADVANCED_FACE('',(#6441),#149,.F.);
#6958=ADVANCED_FACE('',(#6442),#150,.F.);
#6959=ADVANCED_FACE('',(#6443),#151,.F.);
#6960=ADVANCED_FACE('',(#6444),#152,.F.);
#6961=ADVANCED_FACE('',(#6445),#153,.F.);
#6962=ADVANCED_FACE('',(#6446),#6666,.F.);
#6963=ADVANCED_FACE('',(#6447),#6667,.T.);
#6964=ADVANCED_FACE('',(#6448),#6668,.T.);
#6965=ADVANCED_FACE('',(#6449),#6669,.T.);
#6966=ADVANCED_FACE('',(#6450),#154,.F.);
#6967=ADVANCED_FACE('',(#6451),#155,.F.);
#6968=ADVANCED_FACE('',(#6452),#156,.F.);
#6969=ADVANCED_FACE('',(#6453),#157,.F.);
#6970=ADVANCED_FACE('',(#6454),#6670,.T.);
#6971=ADVANCED_FACE('',(#6455),#12,.F.);
#6972=ADVANCED_FACE('',(#6456),#13,.T.);
#6973=ADVANCED_FACE('',(#6457),#6671,.F.);
#6974=ADVANCED_FACE('',(#6458),#6672,.F.);
#6975=ADVANCED_FACE('',(#6459),#6673,.F.);
#6976=ADVANCED_FACE('',(#6460),#6674,.F.);
#6977=ADVANCED_FACE('',(#6461),#6675,.F.);
#6978=ADVANCED_FACE('',(#6462),#6676,.T.);
#6979=ADVANCED_FACE('',(#6463),#6677,.T.);
#6980=ADVANCED_FACE('',(#6464),#6678,.T.);
#6981=ADVANCED_FACE('',(#6465),#6679,.T.);
#6982=ADVANCED_FACE('',(#6466),#6680,.T.);
#6983=ADVANCED_FACE('',(#6467),#158,.F.);
#6984=ADVANCED_FACE('',(#6468),#6681,.F.);
#6985=ADVANCED_FACE('',(#6469),#6682,.F.);
#6986=ADVANCED_FACE('',(#6470),#6683,.F.);
#6987=ADVANCED_FACE('',(#6471),#6684,.F.);
#6988=ADVANCED_FACE('',(#6472),#6685,.F.);
#6989=ADVANCED_FACE('',(#6473),#6686,.F.);
#6990=ADVANCED_FACE('',(#6474),#6687,.F.);
#6991=ADVANCED_FACE('',(#6475),#159,.F.);
#6992=ADVANCED_FACE('',(#6476),#6688,.T.);
#6993=ADVANCED_FACE('',(#6477),#6689,.T.);
#6994=ADVANCED_FACE('',(#6478),#6690,.T.);
#6995=ADVANCED_FACE('',(#6479),#6691,.T.);
#6996=ADVANCED_FACE('',(#6480),#6692,.T.);
#6997=ADVANCED_FACE('',(#6481),#6693,.T.);
#6998=ADVANCED_FACE('',(#6482),#160,.F.);
#6999=ADVANCED_FACE('',(#6483),#161,.T.);
#7000=ADVANCED_FACE('',(#6484),#162,.T.);
#7001=ADVANCED_FACE('',(#6485),#163,.T.);
#7002=ADVANCED_FACE('',(#6486),#164,.T.);
#7003=ADVANCED_FACE('',(#6487),#6694,.F.);
#7004=ADVANCED_FACE('',(#6488),#6695,.F.);
#7005=ADVANCED_FACE('',(#6489),#14,.F.);
#7006=ADVANCED_FACE('',(#6490),#6696,.T.);
#7007=ADVANCED_FACE('',(#6491),#6697,.T.);
#7008=ADVANCED_FACE('',(#6492),#165,.F.);
#7009=ADVANCED_FACE('',(#6493),#166,.F.);
#7010=ADVANCED_FACE('',(#6494),#167,.F.);
#7011=ADVANCED_FACE('',(#6495),#168,.F.);
#7012=ADVANCED_FACE('',(#6496),#169,.T.);
#7013=ADVANCED_FACE('',(#6497),#15,.F.);
#7014=ADVANCED_FACE('',(#6498),#170,.T.);
#7015=ADVANCED_FACE('',(#6499),#6698,.F.);
#7016=ADVANCED_FACE('',(#6500),#6699,.F.);
#7017=ADVANCED_FACE('',(#6501),#171,.F.);
#7018=ADVANCED_FACE('',(#6502),#172,.F.);
#7019=ADVANCED_FACE('',(#6503),#173,.F.);
#7020=ADVANCED_FACE('',(#6504),#16,.T.);
#7021=ADVANCED_FACE('',(#6505),#17,.T.);
#7022=ADVANCED_FACE('',(#6506),#6700,.T.);
#7023=ADVANCED_FACE('',(#6507),#174,.T.);
#7024=ADVANCED_FACE('',(#6508),#175,.T.);
#7025=ADVANCED_FACE('',(#6509),#176,.F.);
#7026=ADVANCED_FACE('',(#6510),#177,.F.);
#7027=ADVANCED_FACE('',(#6511),#178,.F.);
#7028=ADVANCED_FACE('',(#6512),#179,.F.);
#7029=ADVANCED_FACE('',(#6513),#180,.F.);
#7030=ADVANCED_FACE('',(#6514),#181,.T.);
#7031=ADVANCED_FACE('',(#6515),#18,.T.);
#7032=ADVANCED_FACE('',(#6516),#182,.T.);
#7033=ADVANCED_FACE('',(#6517),#6701,.T.);
#7034=ADVANCED_FACE('',(#6518),#6702,.T.);
#7035=ADVANCED_FACE('',(#6519),#183,.F.);
#7036=ADVANCED_FACE('',(#6520),#184,.F.);
#7037=ADVANCED_FACE('',(#6521),#185,.F.);
#7038=ADVANCED_FACE('',(#6522),#186,.F.);
#7039=ADVANCED_FACE('',(#6523),#187,.T.);
#7040=ADVANCED_FACE('',(#6524),#188,.T.);
#7041=ADVANCED_FACE('',(#6525),#189,.T.);
#7042=ADVANCED_FACE('',(#6526),#190,.T.);
#7043=ADVANCED_FACE('',(#6527),#6703,.T.);
#7044=ADVANCED_FACE('',(#6528),#6704,.T.);
#7045=ADVANCED_FACE('',(#6529),#6705,.F.);
#7046=ADVANCED_FACE('',(#6530),#6706,.F.);
#7047=ADVANCED_FACE('',(#6531),#19,.T.);
#7048=ADVANCED_FACE('',(#6532),#191,.F.);
#7049=ADVANCED_FACE('',(#6533),#192,.F.);
#7050=ADVANCED_FACE('',(#6534),#193,.F.);
#7051=ADVANCED_FACE('',(#6535),#20,.F.);
#7052=ADVANCED_FACE('',(#6536),#21,.F.);
#7053=ADVANCED_FACE('',(#6537),#6707,.F.);
#7054=ADVANCED_FACE('',(#6538),#194,.T.);
#7055=ADVANCED_FACE('',(#6539),#195,.T.);
#7056=ADVANCED_FACE('',(#6540),#196,.F.);
#7057=ADVANCED_FACE('',(#6541),#197,.F.);
#7058=ADVANCED_FACE('',(#6542),#198,.F.);
#7059=ADVANCED_FACE('',(#6543),#199,.F.);
#7060=CLOSED_SHELL('',(#6708,#6709,#6710,#6711,#6712,#6713,#6714,#6715,#6716,#6717,#6718,#6719,#6720,#6721,#6722,#6723,#6724,#6725,#6726,#6727,#6728,#6729,#6730,#6731,#6732,#6733,#6734,#6735,#6736,#6737,#6738,#6739,#6740,#6741,#6742,#6743,#6744,#6745,#6746,#6747,#6748,#6749,#6750,#6751,#6752,#6753,#6754,#6755,#6756,#6757,#6758,#6759,#6760,#6761,#6762,#6763,#6764,#6765,#6766,#6767,#6768,#6769,#6770,#6771,#6772,#6773,#6774,#6775,#6776,#6777,#6778,#6779,#6780,#6781,#6782,#6783,#6784,#6785,#6786,#6787,#6788,#6789,#6790,#6791,#6792,#6793,#6794,#6795,#6796,#6797,#6798,#6799,#6800,#6801,#6802,#6803,#6804,#6805,#6806,#6807,#6808,#6809,#6810,#6811,#6812,#6813,#6814,#6815,#6816,#6817,#6818,#6819,#6820,#6821,#6822,#6823,#6824,#6825,#6826,#6827,#6828,#6829,#6830,#6831,#6832,#6833,#6834,#6835,#6836,#6837,#6838,#6839,#6840,#6841,#6842,#6843,#6844,#6845,#6846,#6847,#6848,#6849,#6850,#6851,#6852,#6853,#6854,#6855,#6856,#6857,#6858,#6859,#6860,#6861,#6862,#6863,#6864,#6865,#6866,#6867,#6868,#6869,#6870,#6871,#6872,#6873,#6874,#6875,#6876,#6877,#6878,#6879,#6880,#6881,#6882,#6883,#6884,#6885,#6886,#6887,#6888,#6889,#6890,#6891,#6892,#6893,#6894,#6895,#6896,#6897,#6898,#6899,#6900,#6901,#6902,#6903,#6904,#6905,#6906,#6907,#6908,#6909,#6910,#6911,#6912,#6913,#6914,#6915,#6916,#6917,#6918,#6919,#6920,#6921,#6922,#6923,#6924,#6925,#6926,#6927,#6928,#6929,#6930,#6931,#6932,#6933,#6934,#6935,#6936,#6937,#6938,#6939,#6940,#6941,#6942,#6943,#6944,#6945,#6946,#6947,#6948,#6949,#6950,#6951,#6952,#6953,#6954,#6955,#6956,#6957,#6958,#6959,#6960,#6961,#6962,#6963,#6964,#6965,#6966,#6967,#6968,#6969,#6970,#6971,#6972,#6973,#6974,#6975,#6976,#6977,#6978,#6979,#6980,#6981,#6982,#6983,#6984,#6985,#6986,#6987,#6988,#6989,#6990,#6991,#6992,#6993,#6994,#6995,#6996,#6997,#6998,#6999,#7000,#7001,#7002,#7003,#7004,#7005,#7006,#7007,#7008,#7009,#7010,#7011,#7012,#7013,#7014,#7015,#7016,#7017,#7018,#7019,#7020,#7021,#7022,#7023,#7024,#7025,#7026,#7027,#7028,#7029,#7030,#7031,#7032,#7033,#7034,#7035,#7036,#7037,#7038,#7039,#7040,#7041,#7042,#7043,#7044,#7045,#7046,#7047,#7048,#7049,#7050,#7051,#7052,#7053,#7054,#7055,#7056,#7057,#7058,#7059));
#7061=STYLED_ITEM('',(#7062),#7069);
#7062=PRESENTATION_STYLE_ASSIGNMENT((#7063));
#7063=SURFACE_STYLE_USAGE(.BOTH.,#7064);
#7064=SURFACE_SIDE_STYLE('',(#7065));
#7065=SURFACE_STYLE_FILL_AREA(#7066);
#7066=FILL_AREA_STYLE('',(#7067));
#7067=FILL_AREA_STYLE_COLOUR('',#7068);
#7068=COLOUR_RGB('',0.4,0.4,0.4);
#7069=MANIFOLD_SOLID_BREP('Part 1',#7060);
#7070=SHAPE_DEFINITION_REPRESENTATION(#12130,#7071);
#7071=SHAPE_REPRESENTATION('Part 1',(#7072),#12125);
#7072=AXIS2_PLACEMENT_3D('',#9837,#7771,#7772);
#7073=AXIS2_PLACEMENT_3D('',#9838,#7773,#7774);
#7074=AXIS2_PLACEMENT_3D('',#9839,#7775,#7776);
#7075=AXIS2_PLACEMENT_3D('',#9844,#7778,#7779);
#7076=AXIS2_PLACEMENT_3D('',#9846,#7780,#7781);
#7077=AXIS2_PLACEMENT_3D('',#9853,#7782,#7783);
#7078=AXIS2_PLACEMENT_3D('',#9860,#7784,#7785);
#7079=AXIS2_PLACEMENT_3D('',#9862,#7786,#7787);
#7080=AXIS2_PLACEMENT_3D('',#9878,#7795,#7796);
#7081=AXIS2_PLACEMENT_3D('',#9894,#7804,#7805);
#7082=AXIS2_PLACEMENT_3D('',#9898,#7807,#7808);
#7083=AXIS2_PLACEMENT_3D('',#9902,#7810,#7811);
#7084=AXIS2_PLACEMENT_3D('',#9906,#7813,#7814);
#7085=AXIS2_PLACEMENT_3D('',#9910,#7816,#7817);
#7086=AXIS2_PLACEMENT_3D('',#9914,#7819,#7820);
#7087=AXIS2_PLACEMENT_3D('',#9918,#7822,#7823);
#7088=AXIS2_PLACEMENT_3D('',#9922,#7825,#7826);
#7089=AXIS2_PLACEMENT_3D('',#9926,#7828,#7829);
#7090=AXIS2_PLACEMENT_3D('',#9930,#7831,#7832);
#7091=AXIS2_PLACEMENT_3D('',#9934,#7834,#7835);
#7092=AXIS2_PLACEMENT_3D('',#9938,#7837,#7838);
#7093=AXIS2_PLACEMENT_3D('',#9942,#7840,#7841);
#7094=AXIS2_PLACEMENT_3D('',#9946,#7843,#7844);
#7095=AXIS2_PLACEMENT_3D('',#9948,#7845,#7846);
#7096=AXIS2_PLACEMENT_3D('',#9952,#7848,#7849);
#7097=AXIS2_PLACEMENT_3D('',#9956,#7851,#7852);
#7098=AXIS2_PLACEMENT_3D('',#9960,#7854,#7855);
#7099=AXIS2_PLACEMENT_3D('',#9964,#7857,#7858);
#7100=AXIS2_PLACEMENT_3D('',#9968,#7860,#7861);
#7101=AXIS2_PLACEMENT_3D('',#9972,#7863,#7864);
#7102=AXIS2_PLACEMENT_3D('',#9976,#7866,#7867);
#7103=AXIS2_PLACEMENT_3D('',#9980,#7869,#7870);
#7104=AXIS2_PLACEMENT_3D('',#9984,#7872,#7873);
#7105=AXIS2_PLACEMENT_3D('',#9988,#7875,#7876);
#7106=AXIS2_PLACEMENT_3D('',#9992,#7878,#7879);
#7107=AXIS2_PLACEMENT_3D('',#9993,#7880,#7881);
#7108=AXIS2_PLACEMENT_3D('',#9996,#7882,#7883);
#7109=AXIS2_PLACEMENT_3D('',#9998,#7884,#7885);
#7110=AXIS2_PLACEMENT_3D('',#10002,#7887,#7888);
#7111=AXIS2_PLACEMENT_3D('',#10006,#7890,#7891);
#7112=AXIS2_PLACEMENT_3D('',#10010,#7893,#7894);
#7113=AXIS2_PLACEMENT_3D('',#10014,#7896,#7897);
#7114=AXIS2_PLACEMENT_3D('',#10020,#7900,#7901);
#7115=AXIS2_PLACEMENT_3D('',#10024,#7903,#7904);
#7116=AXIS2_PLACEMENT_3D('',#10028,#7906,#7907);
#7117=AXIS2_PLACEMENT_3D('',#10032,#7909,#7910);
#7118=AXIS2_PLACEMENT_3D('',#10033,#7911,#7912);
#7119=AXIS2_PLACEMENT_3D('',#10036,#7913,#7914);
#7120=AXIS2_PLACEMENT_3D('',#10038,#7915,#7916);
#7121=AXIS2_PLACEMENT_3D('',#10042,#7918,#7919);
#7122=AXIS2_PLACEMENT_3D('',#10046,#7921,#7922);
#7123=AXIS2_PLACEMENT_3D('',#10050,#7924,#7925);
#7124=AXIS2_PLACEMENT_3D('',#10054,#7927,#7928);
#7125=AXIS2_PLACEMENT_3D('',#10058,#7930,#7931);
#7126=AXIS2_PLACEMENT_3D('',#10062,#7933,#7934);
#7127=AXIS2_PLACEMENT_3D('',#10066,#7936,#7937);
#7128=AXIS2_PLACEMENT_3D('',#10070,#7939,#7940);
#7129=AXIS2_PLACEMENT_3D('',#10072,#7941,#7942);
#7130=AXIS2_PLACEMENT_3D('',#10074,#7943,#7944);
#7131=AXIS2_PLACEMENT_3D('',#10078,#7946,#7947);
#7132=AXIS2_PLACEMENT_3D('',#10082,#7949,#7950);
#7133=AXIS2_PLACEMENT_3D('',#10086,#7952,#7953);
#7134=AXIS2_PLACEMENT_3D('',#10090,#7955,#7956);
#7135=AXIS2_PLACEMENT_3D('',#10094,#7958,#7959);
#7136=AXIS2_PLACEMENT_3D('',#10098,#7961,#7962);
#7137=AXIS2_PLACEMENT_3D('',#10102,#7964,#7965);
#7138=AXIS2_PLACEMENT_3D('',#10104,#7966,#7967);
#7139=AXIS2_PLACEMENT_3D('',#10108,#7969,#7970);
#7140=AXIS2_PLACEMENT_3D('',#10112,#7972,#7973);
#7141=AXIS2_PLACEMENT_3D('',#10116,#7975,#7976);
#7142=AXIS2_PLACEMENT_3D('',#10120,#7978,#7979);
#7143=AXIS2_PLACEMENT_3D('',#10124,#7981,#7982);
#7144=AXIS2_PLACEMENT_3D('',#10128,#7984,#7985);
#7145=AXIS2_PLACEMENT_3D('',#10132,#7987,#7988);
#7146=AXIS2_PLACEMENT_3D('',#10136,#7990,#7991);
#7147=AXIS2_PLACEMENT_3D('',#10140,#7993,#7994);
#7148=AXIS2_PLACEMENT_3D('',#10144,#7996,#7997);
#7149=AXIS2_PLACEMENT_3D('',#10148,#7999,#8000);
#7150=AXIS2_PLACEMENT_3D('',#10152,#8002,#8003);
#7151=AXIS2_PLACEMENT_3D('',#10156,#8005,#8006);
#7152=AXIS2_PLACEMENT_3D('',#10160,#8008,#8009);
#7153=AXIS2_PLACEMENT_3D('',#10164,#8011,#8012);
#7154=AXIS2_PLACEMENT_3D('',#10168,#8014,#8015);
#7155=AXIS2_PLACEMENT_3D('',#10172,#8017,#8018);
#7156=AXIS2_PLACEMENT_3D('',#10174,#8019,#8020);
#7157=AXIS2_PLACEMENT_3D('',#10176,#8021,#8022);
#7158=AXIS2_PLACEMENT_3D('',#10180,#8024,#8025);
#7159=AXIS2_PLACEMENT_3D('',#10184,#8027,#8028);
#7160=AXIS2_PLACEMENT_3D('',#10188,#8030,#8031);
#7161=AXIS2_PLACEMENT_3D('',#10192,#8033,#8034);
#7162=AXIS2_PLACEMENT_3D('',#10196,#8036,#8037);
#7163=AXIS2_PLACEMENT_3D('',#10200,#8039,#8040);
#7164=AXIS2_PLACEMENT_3D('',#10204,#8042,#8043);
#7165=AXIS2_PLACEMENT_3D('',#10208,#8045,#8046);
#7166=AXIS2_PLACEMENT_3D('',#10212,#8048,#8049);
#7167=AXIS2_PLACEMENT_3D('',#10216,#8051,#8052);
#7168=AXIS2_PLACEMENT_3D('',#10220,#8054,#8055);
#7169=AXIS2_PLACEMENT_3D('',#10224,#8057,#8058);
#7170=AXIS2_PLACEMENT_3D('',#10228,#8060,#8061);
#7171=AXIS2_PLACEMENT_3D('',#10232,#8063,#8064);
#7172=AXIS2_PLACEMENT_3D('',#10236,#8066,#8067);
#7173=AXIS2_PLACEMENT_3D('',#10240,#8069,#8070);
#7174=AXIS2_PLACEMENT_3D('',#10244,#8072,#8073);
#7175=AXIS2_PLACEMENT_3D('',#10248,#8075,#8076);
#7176=AXIS2_PLACEMENT_3D('',#10250,#8077,#8078);
#7177=AXIS2_PLACEMENT_3D('',#10252,#8079,#8080);
#7178=AXIS2_PLACEMENT_3D('',#10256,#8082,#8083);
#7179=AXIS2_PLACEMENT_3D('',#10260,#8085,#8086);
#7180=AXIS2_PLACEMENT_3D('',#10264,#8088,#8089);
#7181=AXIS2_PLACEMENT_3D('',#10265,#8090,#8091);
#7182=AXIS2_PLACEMENT_3D('',#10270,#8093,#8094);
#7183=AXIS2_PLACEMENT_3D('',#10274,#8096,#8097);
#7184=AXIS2_PLACEMENT_3D('',#10278,#8099,#8100);
#7185=AXIS2_PLACEMENT_3D('',#10282,#8102,#8103);
#7186=AXIS2_PLACEMENT_3D('',#10286,#8105,#8106);
#7187=AXIS2_PLACEMENT_3D('',#10290,#8108,#8109);
#7188=AXIS2_PLACEMENT_3D('',#10293,#8111,#8112);
#7189=AXIS2_PLACEMENT_3D('',#10298,#8114,#8115);
#7190=AXIS2_PLACEMENT_3D('',#10300,#8116,#8117);
#7191=AXIS2_PLACEMENT_3D('',#10302,#8118,#8119);
#7192=AXIS2_PLACEMENT_3D('',#10304,#8120,#8121);
#7193=AXIS2_PLACEMENT_3D('',#10308,#8123,#8124);
#7194=AXIS2_PLACEMENT_3D('',#10314,#8127,#8128);
#7195=AXIS2_PLACEMENT_3D('',#10318,#8130,#8131);
#7196=AXIS2_PLACEMENT_3D('',#10322,#8133,#8134);
#7197=AXIS2_PLACEMENT_3D('',#10326,#8136,#8137);
#7198=AXIS2_PLACEMENT_3D('',#10330,#8139,#8140);
#7199=AXIS2_PLACEMENT_3D('',#10332,#8141,#8142);
#7200=AXIS2_PLACEMENT_3D('',#10336,#8144,#8145);
#7201=AXIS2_PLACEMENT_3D('',#10340,#8147,#8148);
#7202=AXIS2_PLACEMENT_3D('',#10341,#8149,#8150);
#7203=AXIS2_PLACEMENT_3D('',#10344,#8151,#8152);
#7204=AXIS2_PLACEMENT_3D('',#10348,#8154,#8155);
#7205=AXIS2_PLACEMENT_3D('',#10352,#8157,#8158);
#7206=AXIS2_PLACEMENT_3D('',#10356,#8160,#8161);
#7207=AXIS2_PLACEMENT_3D('',#10360,#8163,#8164);
#7208=AXIS2_PLACEMENT_3D('',#10364,#8166,#8167);
#7209=AXIS2_PLACEMENT_3D('',#10368,#8169,#8170);
#7210=AXIS2_PLACEMENT_3D('',#10374,#8173,#8174);
#7211=AXIS2_PLACEMENT_3D('',#10378,#8176,#8177);
#7212=AXIS2_PLACEMENT_3D('',#10382,#8179,#8180);
#7213=AXIS2_PLACEMENT_3D('',#10386,#8182,#8183);
#7214=AXIS2_PLACEMENT_3D('',#10417,#8194,#8195);
#7215=AXIS2_PLACEMENT_3D('',#10422,#8197,#8198);
#7216=AXIS2_PLACEMENT_3D('',#10426,#8200,#8201);
#7217=AXIS2_PLACEMENT_3D('',#10430,#8203,#8204);
#7218=AXIS2_PLACEMENT_3D('',#10434,#8206,#8207);
#7219=AXIS2_PLACEMENT_3D('',#10436,#8208,#8209);
#7220=AXIS2_PLACEMENT_3D('',#10438,#8210,#8211);
#7221=AXIS2_PLACEMENT_3D('',#10440,#8212,#8213);
#7222=AXIS2_PLACEMENT_3D('',#10444,#8215,#8216);
#7223=AXIS2_PLACEMENT_3D('',#10448,#8218,#8219);
#7224=AXIS2_PLACEMENT_3D('',#10450,#8220,#8221);
#7225=AXIS2_PLACEMENT_3D('',#10457,#8222,#8223);
#7226=AXIS2_PLACEMENT_3D('',#10459,#8224,#8225);
#7227=AXIS2_PLACEMENT_3D('',#10475,#8226,#8227);
#7228=AXIS2_PLACEMENT_3D('',#10476,#8228,#8229);
#7229=AXIS2_PLACEMENT_3D('',#10481,#8231,#8232);
#7230=AXIS2_PLACEMENT_3D('',#10485,#8234,#8235);
#7231=AXIS2_PLACEMENT_3D('',#10487,#8236,#8237);
#7232=AXIS2_PLACEMENT_3D('',#10489,#8238,#8239);
#7233=AXIS2_PLACEMENT_3D('',#10491,#8240,#8241);
#7234=AXIS2_PLACEMENT_3D('',#10495,#8243,#8244);
#7235=AXIS2_PLACEMENT_3D('',#10499,#8246,#8247);
#7236=AXIS2_PLACEMENT_3D('',#10503,#8249,#8250);
#7237=AXIS2_PLACEMENT_3D('',#10507,#8252,#8253);
#7238=AXIS2_PLACEMENT_3D('',#10509,#8254,#8255);
#7239=AXIS2_PLACEMENT_3D('',#10525,#8256,#8257);
#7240=AXIS2_PLACEMENT_3D('',#10527,#8258,#8259);
#7241=AXIS2_PLACEMENT_3D('',#10534,#8260,#8261);
#7242=AXIS2_PLACEMENT_3D('',#10541,#8262,#8263);
#7243=AXIS2_PLACEMENT_3D('',#10548,#8264,#8265);
#7244=AXIS2_PLACEMENT_3D('',#10550,#8266,#8267);
#7245=AXIS2_PLACEMENT_3D('',#10554,#8269,#8270);
#7246=AXIS2_PLACEMENT_3D('',#10556,#8271,#8272);
#7247=AXIS2_PLACEMENT_3D('',#10558,#8273,#8274);
#7248=AXIS2_PLACEMENT_3D('',#10559,#8275,#8276);
#7249=AXIS2_PLACEMENT_3D('',#10560,#8277,#8278);
#7250=AXIS2_PLACEMENT_3D('',#10563,#8279,#8280);
#7251=AXIS2_PLACEMENT_3D('',#10565,#8281,#8282);
#7252=AXIS2_PLACEMENT_3D('',#10569,#8284,#8285);
#7253=AXIS2_PLACEMENT_3D('',#10571,#8286,#8287);
#7254=AXIS2_PLACEMENT_3D('',#10578,#8288,#8289);
#7255=AXIS2_PLACEMENT_3D('',#10584,#8290,#8291);
#7256=AXIS2_PLACEMENT_3D('',#10587,#8292,#8293);
#7257=AXIS2_PLACEMENT_3D('',#10591,#8295,#8296);
#7258=AXIS2_PLACEMENT_3D('',#10595,#8298,#8299);
#7259=AXIS2_PLACEMENT_3D('',#10597,#8300,#8301);
#7260=AXIS2_PLACEMENT_3D('',#10604,#8302,#8303);
#7261=AXIS2_PLACEMENT_3D('',#10606,#8304,#8305);
#7262=AXIS2_PLACEMENT_3D('',#10622,#8306,#8307);
#7263=AXIS2_PLACEMENT_3D('',#10624,#8308,#8309);
#7264=AXIS2_PLACEMENT_3D('',#10628,#8311,#8312);
#7265=AXIS2_PLACEMENT_3D('',#10632,#8314,#8315);
#7266=AXIS2_PLACEMENT_3D('',#10636,#8317,#8318);
#7267=AXIS2_PLACEMENT_3D('',#10640,#8320,#8321);
#7268=AXIS2_PLACEMENT_3D('',#10642,#8322,#8323);
#7269=AXIS2_PLACEMENT_3D('',#10646,#8325,#8326);
#7270=AXIS2_PLACEMENT_3D('',#10650,#8328,#8329);
#7271=AXIS2_PLACEMENT_3D('',#10654,#8331,#8332);
#7272=AXIS2_PLACEMENT_3D('',#10658,#8334,#8335);
#7273=AXIS2_PLACEMENT_3D('',#10660,#8336,#8337);
#7274=AXIS2_PLACEMENT_3D('',#10676,#8338,#8339);
#7275=AXIS2_PLACEMENT_3D('',#10678,#8340,#8341);
#7276=AXIS2_PLACEMENT_3D('',#10685,#8342,#8343);
#7277=AXIS2_PLACEMENT_3D('',#10687,#8344,#8345);
#7278=AXIS2_PLACEMENT_3D('',#10691,#8347,#8348);
#7279=AXIS2_PLACEMENT_3D('',#10695,#8350,#8351);
#7280=AXIS2_PLACEMENT_3D('',#10697,#8352,#8353);
#7281=AXIS2_PLACEMENT_3D('',#10699,#8354,#8355);
#7282=AXIS2_PLACEMENT_3D('',#10701,#8356,#8357);
#7283=AXIS2_PLACEMENT_3D('',#10702,#8358,#8359);
#7284=AXIS2_PLACEMENT_3D('',#10707,#8361,#8362);
#7285=AXIS2_PLACEMENT_3D('',#10711,#8364,#8365);
#7286=AXIS2_PLACEMENT_3D('',#10715,#8367,#8368);
#7287=AXIS2_PLACEMENT_3D('',#10718,#8370,#8371);
#7288=AXIS2_PLACEMENT_3D('',#10721,#8372,#8373);
#7289=AXIS2_PLACEMENT_3D('',#10725,#8375,#8376);
#7290=AXIS2_PLACEMENT_3D('',#10729,#8378,#8379);
#7291=AXIS2_PLACEMENT_3D('',#10733,#8381,#8382);
#7292=AXIS2_PLACEMENT_3D('',#10737,#8384,#8385);
#7293=AXIS2_PLACEMENT_3D('',#10741,#8387,#8388);
#7294=AXIS2_PLACEMENT_3D('',#10745,#8390,#8391);
#7295=AXIS2_PLACEMENT_3D('',#10748,#8393,#8394);
#7296=AXIS2_PLACEMENT_3D('',#10753,#8396,#8397);
#7297=AXIS2_PLACEMENT_3D('',#10757,#8399,#8400);
#7298=AXIS2_PLACEMENT_3D('',#10761,#8402,#8403);
#7299=AXIS2_PLACEMENT_3D('',#10763,#8404,#8405);
#7300=AXIS2_PLACEMENT_3D('',#10767,#8407,#8408);
#7301=AXIS2_PLACEMENT_3D('',#10771,#8410,#8411);
#7302=AXIS2_PLACEMENT_3D('',#10775,#8413,#8414);
#7303=AXIS2_PLACEMENT_3D('',#10781,#8417,#8418);
#7304=AXIS2_PLACEMENT_3D('',#10785,#8420,#8421);
#7305=AXIS2_PLACEMENT_3D('',#10789,#8423,#8424);
#7306=AXIS2_PLACEMENT_3D('',#10791,#8425,#8426);
#7307=AXIS2_PLACEMENT_3D('',#10793,#8427,#8428);
#7308=AXIS2_PLACEMENT_3D('',#10795,#8429,#8430);
#7309=AXIS2_PLACEMENT_3D('',#10799,#8432,#8433);
#7310=AXIS2_PLACEMENT_3D('',#10803,#8435,#8436);
#7311=AXIS2_PLACEMENT_3D('',#10807,#8438,#8439);
#7312=AXIS2_PLACEMENT_3D('',#10811,#8441,#8442);
#7313=AXIS2_PLACEMENT_3D('',#10815,#8444,#8445);
#7314=AXIS2_PLACEMENT_3D('',#10819,#8447,#8448);
#7315=AXIS2_PLACEMENT_3D('',#10823,#8450,#8451);
#7316=AXIS2_PLACEMENT_3D('',#10824,#8452,#8453);
#7317=AXIS2_PLACEMENT_3D('',#10829,#8455,#8456);
#7318=AXIS2_PLACEMENT_3D('',#10833,#8458,#8459);
#7319=AXIS2_PLACEMENT_3D('',#10837,#8461,#8462);
#7320=AXIS2_PLACEMENT_3D('',#10841,#8464,#8465);
#7321=AXIS2_PLACEMENT_3D('',#10843,#8466,#8467);
#7322=AXIS2_PLACEMENT_3D('',#10845,#8468,#8469);
#7323=AXIS2_PLACEMENT_3D('',#10848,#8471,#8472);
#7324=AXIS2_PLACEMENT_3D('',#10853,#8474,#8475);
#7325=AXIS2_PLACEMENT_3D('',#10857,#8477,#8478);
#7326=AXIS2_PLACEMENT_3D('',#10861,#8480,#8481);
#7327=AXIS2_PLACEMENT_3D('',#10865,#8483,#8484);
#7328=AXIS2_PLACEMENT_3D('',#10869,#8486,#8487);
#7329=AXIS2_PLACEMENT_3D('',#10873,#8489,#8490);
#7330=AXIS2_PLACEMENT_3D('',#10877,#8492,#8493);
#7331=AXIS2_PLACEMENT_3D('',#10881,#8495,#8496);
#7332=AXIS2_PLACEMENT_3D('',#10885,#8498,#8499);
#7333=AXIS2_PLACEMENT_3D('',#10888,#8501,#8502);
#7334=AXIS2_PLACEMENT_3D('',#10893,#8504,#8505);
#7335=AXIS2_PLACEMENT_3D('',#10897,#8507,#8508);
#7336=AXIS2_PLACEMENT_3D('',#10901,#8510,#8511);
#7337=AXIS2_PLACEMENT_3D('',#10905,#8513,#8514);
#7338=AXIS2_PLACEMENT_3D('',#10909,#8516,#8517);
#7339=AXIS2_PLACEMENT_3D('',#10913,#8519,#8520);
#7340=AXIS2_PLACEMENT_3D('',#10917,#8522,#8523);
#7341=AXIS2_PLACEMENT_3D('',#10919,#8524,#8525);
#7342=AXIS2_PLACEMENT_3D('',#10920,#8526,#8527);
#7343=AXIS2_PLACEMENT_3D('',#10925,#8529,#8530);
#7344=AXIS2_PLACEMENT_3D('',#10929,#8532,#8533);
#7345=AXIS2_PLACEMENT_3D('',#10933,#8535,#8536);
#7346=AXIS2_PLACEMENT_3D('',#10937,#8538,#8539);
#7347=AXIS2_PLACEMENT_3D('',#10941,#8541,#8542);
#7348=AXIS2_PLACEMENT_3D('',#10945,#8544,#8545);
#7349=AXIS2_PLACEMENT_3D('',#10949,#8547,#8548);
#7350=AXIS2_PLACEMENT_3D('',#10953,#8550,#8551);
#7351=AXIS2_PLACEMENT_3D('',#10957,#8553,#8554);
#7352=AXIS2_PLACEMENT_3D('',#10963,#8557,#8558);
#7353=AXIS2_PLACEMENT_3D('',#10967,#8560,#8561);
#7354=AXIS2_PLACEMENT_3D('',#10971,#8563,#8564);
#7355=AXIS2_PLACEMENT_3D('',#10975,#8566,#8567);
#7356=AXIS2_PLACEMENT_3D('',#10979,#8569,#8570);
#7357=AXIS2_PLACEMENT_3D('',#10981,#8571,#8572);
#7358=AXIS2_PLACEMENT_3D('',#10985,#8574,#8575);
#7359=AXIS2_PLACEMENT_3D('',#10989,#8577,#8578);
#7360=AXIS2_PLACEMENT_3D('',#10990,#8579,#8580);
#7361=AXIS2_PLACEMENT_3D('',#10995,#8582,#8583);
#7362=AXIS2_PLACEMENT_3D('',#10999,#8585,#8586);
#7363=AXIS2_PLACEMENT_3D('',#11003,#8588,#8589);
#7364=AXIS2_PLACEMENT_3D('',#11007,#8591,#8592);
#7365=AXIS2_PLACEMENT_3D('',#11009,#8593,#8594);
#7366=AXIS2_PLACEMENT_3D('',#11011,#8595,#8596);
#7367=AXIS2_PLACEMENT_3D('',#11015,#8598,#8599);
#7368=AXIS2_PLACEMENT_3D('',#11019,#8601,#8602);
#7369=AXIS2_PLACEMENT_3D('',#11022,#8604,#8605);
#7370=AXIS2_PLACEMENT_3D('',#11027,#8607,#8608);
#7371=AXIS2_PLACEMENT_3D('',#11031,#8610,#8611);
#7372=AXIS2_PLACEMENT_3D('',#11035,#8613,#8614);
#7373=AXIS2_PLACEMENT_3D('',#11039,#8616,#8617);
#7374=AXIS2_PLACEMENT_3D('',#11041,#8618,#8619);
#7375=AXIS2_PLACEMENT_3D('',#11045,#8621,#8622);
#7376=AXIS2_PLACEMENT_3D('',#11049,#8624,#8625);
#7377=AXIS2_PLACEMENT_3D('',#11052,#8627,#8628);
#7378=AXIS2_PLACEMENT_3D('',#11057,#8630,#8631);
#7379=AXIS2_PLACEMENT_3D('',#11061,#8633,#8634);
#7380=AXIS2_PLACEMENT_3D('',#11065,#8636,#8637);
#7381=AXIS2_PLACEMENT_3D('',#11071,#8640,#8641);
#7382=AXIS2_PLACEMENT_3D('',#11075,#8643,#8644);
#7383=AXIS2_PLACEMENT_3D('',#11079,#8646,#8647);
#7384=AXIS2_PLACEMENT_3D('',#11083,#8649,#8650);
#7385=AXIS2_PLACEMENT_3D('',#11087,#8652,#8653);
#7386=AXIS2_PLACEMENT_3D('',#11088,#8654,#8655);
#7387=AXIS2_PLACEMENT_3D('',#11093,#8657,#8658);
#7388=AXIS2_PLACEMENT_3D('',#11097,#8660,#8661);
#7389=AXIS2_PLACEMENT_3D('',#11101,#8663,#8664);
#7390=AXIS2_PLACEMENT_3D('',#11105,#8666,#8667);
#7391=AXIS2_PLACEMENT_3D('',#11107,#8668,#8669);
#7392=AXIS2_PLACEMENT_3D('',#11109,#8670,#8671);
#7393=AXIS2_PLACEMENT_3D('',#11120,#8677,#8678);
#7394=AXIS2_PLACEMENT_3D('',#11125,#8680,#8681);
#7395=AXIS2_PLACEMENT_3D('',#11127,#8682,#8683);
#7396=AXIS2_PLACEMENT_3D('',#11129,#8684,#8685);
#7397=AXIS2_PLACEMENT_3D('',#11131,#8686,#8687);
#7398=AXIS2_PLACEMENT_3D('',#11135,#8689,#8690);
#7399=AXIS2_PLACEMENT_3D('',#11138,#8692,#8693);
#7400=AXIS2_PLACEMENT_3D('',#11143,#8695,#8696);
#7401=AXIS2_PLACEMENT_3D('',#11147,#8698,#8699);
#7402=AXIS2_PLACEMENT_3D('',#11151,#8701,#8702);
#7403=AXIS2_PLACEMENT_3D('',#11155,#8704,#8705);
#7404=AXIS2_PLACEMENT_3D('',#11159,#8707,#8708);
#7405=AXIS2_PLACEMENT_3D('',#11163,#8710,#8711);
#7406=AXIS2_PLACEMENT_3D('',#11166,#8713,#8714);
#7407=AXIS2_PLACEMENT_3D('',#11171,#8716,#8717);
#7408=AXIS2_PLACEMENT_3D('',#11175,#8719,#8720);
#7409=AXIS2_PLACEMENT_3D('',#11179,#8722,#8723);
#7410=AXIS2_PLACEMENT_3D('',#11183,#8725,#8726);
#7411=AXIS2_PLACEMENT_3D('',#11221,#8740,#8741);
#7412=AXIS2_PLACEMENT_3D('',#11237,#8749,#8750);
#7413=AXIS2_PLACEMENT_3D('',#11248,#8756,#8757);
#7414=AXIS2_PLACEMENT_3D('',#11251,#8758,#8759);
#7415=AXIS2_PLACEMENT_3D('',#11255,#8761,#8762);
#7416=AXIS2_PLACEMENT_3D('',#11257,#8763,#8764);
#7417=AXIS2_PLACEMENT_3D('',#11259,#8765,#8766);
#7418=AXIS2_PLACEMENT_3D('',#11266,#8767,#8768);
#7419=AXIS2_PLACEMENT_3D('',#11272,#8769,#8770);
#7420=AXIS2_PLACEMENT_3D('',#11276,#8772,#8773);
#7421=AXIS2_PLACEMENT_3D('',#11280,#8775,#8776);
#7422=AXIS2_PLACEMENT_3D('',#11284,#8778,#8779);
#7423=AXIS2_PLACEMENT_3D('',#11288,#8781,#8782);
#7424=AXIS2_PLACEMENT_3D('',#11292,#8784,#8785);
#7425=AXIS2_PLACEMENT_3D('',#11296,#8787,#8788);
#7426=AXIS2_PLACEMENT_3D('',#11300,#8790,#8791);
#7427=AXIS2_PLACEMENT_3D('',#11304,#8793,#8794);
#7428=AXIS2_PLACEMENT_3D('',#11305,#8795,#8796);
#7429=AXIS2_PLACEMENT_3D('',#11308,#8799,#8800);
#7430=AXIS2_PLACEMENT_3D('',#11311,#8803,#8804);
#7431=AXIS2_PLACEMENT_3D('',#11314,#8807,#8808);
#7432=AXIS2_PLACEMENT_3D('',#11317,#8811,#8812);
#7433=AXIS2_PLACEMENT_3D('',#11323,#8816,#8817);
#7434=AXIS2_PLACEMENT_3D('',#11327,#8820,#8821);
#7435=AXIS2_PLACEMENT_3D('',#11331,#8824,#8825);
#7436=AXIS2_PLACEMENT_3D('',#11337,#8829,#8830);
#7437=AXIS2_PLACEMENT_3D('',#11343,#8834,#8835);
#7438=AXIS2_PLACEMENT_3D('',#11349,#8839,#8840);
#7439=AXIS2_PLACEMENT_3D('',#11355,#8844,#8845);
#7440=AXIS2_PLACEMENT_3D('',#11357,#8847,#8848);
#7441=AXIS2_PLACEMENT_3D('',#11358,#8849,#8850);
#7442=AXIS2_PLACEMENT_3D('',#11359,#8851,#8852);
#7443=AXIS2_PLACEMENT_3D('',#11360,#8853,#8854);
#7444=AXIS2_PLACEMENT_3D('',#11361,#8855,#8856);
#7445=AXIS2_PLACEMENT_3D('',#11362,#8857,#8858);
#7446=AXIS2_PLACEMENT_3D('',#11363,#8859,#8860);
#7447=AXIS2_PLACEMENT_3D('',#11364,#8861,#8862);
#7448=AXIS2_PLACEMENT_3D('',#11365,#8863,#8864);
#7449=AXIS2_PLACEMENT_3D('',#11366,#8865,#8866);
#7450=AXIS2_PLACEMENT_3D('',#11367,#8867,#8868);
#7451=AXIS2_PLACEMENT_3D('',#11368,#8869,#8870);
#7452=AXIS2_PLACEMENT_3D('',#11369,#8871,#8872);
#7453=AXIS2_PLACEMENT_3D('',#11370,#8873,#8874);
#7454=AXIS2_PLACEMENT_3D('',#11373,#8877,#8878);
#7455=AXIS2_PLACEMENT_3D('',#11376,#8881,#8882);
#7456=AXIS2_PLACEMENT_3D('',#11379,#8885,#8886);
#7457=AXIS2_PLACEMENT_3D('',#11382,#8889,#8890);
#7458=AXIS2_PLACEMENT_3D('',#11385,#8893,#8894);
#7459=AXIS2_PLACEMENT_3D('',#11387,#8896,#8897);
#7460=AXIS2_PLACEMENT_3D('',#11389,#8899,#8900);
#7461=AXIS2_PLACEMENT_3D('',#11390,#8901,#8902);
#7462=AXIS2_PLACEMENT_3D('',#11391,#8903,#8904);
#7463=AXIS2_PLACEMENT_3D('',#11392,#8905,#8906);
#7464=AXIS2_PLACEMENT_3D('',#11393,#8907,#8908);
#7465=AXIS2_PLACEMENT_3D('',#11394,#8909,#8910);
#7466=AXIS2_PLACEMENT_3D('',#11397,#8913,#8914);
#7467=AXIS2_PLACEMENT_3D('',#11400,#8917,#8918);
#7468=AXIS2_PLACEMENT_3D('',#11403,#8921,#8922);
#7469=AXIS2_PLACEMENT_3D('',#11406,#8925,#8926);
#7470=AXIS2_PLACEMENT_3D('',#11409,#8929,#8930);
#7471=AXIS2_PLACEMENT_3D('',#11410,#8931,#8932);
#7472=AXIS2_PLACEMENT_3D('',#11411,#8933,#8934);
#7473=AXIS2_PLACEMENT_3D('',#11412,#8935,#8936);
#7474=AXIS2_PLACEMENT_3D('',#11413,#8937,#8938);
#7475=AXIS2_PLACEMENT_3D('',#11414,#8939,#8940);
#7476=AXIS2_PLACEMENT_3D('',#11417,#8943,#8944);
#7477=AXIS2_PLACEMENT_3D('',#11420,#8947,#8948);
#7478=AXIS2_PLACEMENT_3D('',#11423,#8951,#8952);
#7479=AXIS2_PLACEMENT_3D('',#11425,#8954,#8955);
#7480=AXIS2_PLACEMENT_3D('',#11428,#8958,#8959);
#7481=AXIS2_PLACEMENT_3D('',#11429,#8960,#8961);
#7482=AXIS2_PLACEMENT_3D('',#11430,#8962,#8963);
#7483=AXIS2_PLACEMENT_3D('',#11431,#8964,#8965);
#7484=AXIS2_PLACEMENT_3D('',#11432,#8966,#8967);
#7485=AXIS2_PLACEMENT_3D('',#11435,#8970,#8971);
#7486=AXIS2_PLACEMENT_3D('',#11438,#8974,#8975);
#7487=AXIS2_PLACEMENT_3D('',#11441,#8978,#8979);
#7488=AXIS2_PLACEMENT_3D('',#11444,#8982,#8983);
#7489=AXIS2_PLACEMENT_3D('',#11445,#8984,#8985);
#7490=AXIS2_PLACEMENT_3D('',#11446,#8986,#8987);
#7491=AXIS2_PLACEMENT_3D('',#11447,#8988,#8989);
#7492=AXIS2_PLACEMENT_3D('',#11448,#8990,#8991);
#7493=AXIS2_PLACEMENT_3D('',#11451,#8994,#8995);
#7494=AXIS2_PLACEMENT_3D('',#11454,#8998,#8999);
#7495=AXIS2_PLACEMENT_3D('',#11457,#9002,#9003);
#7496=AXIS2_PLACEMENT_3D('',#11460,#9006,#9007);
#7497=AXIS2_PLACEMENT_3D('',#11463,#9010,#9011);
#7498=AXIS2_PLACEMENT_3D('',#11466,#9014,#9015);
#7499=AXIS2_PLACEMENT_3D('',#11468,#9017,#9018);
#7500=AXIS2_PLACEMENT_3D('',#11471,#9021,#9022);
#7501=AXIS2_PLACEMENT_3D('',#11472,#9023,#9024);
#7502=AXIS2_PLACEMENT_3D('',#11473,#9025,#9026);
#7503=AXIS2_PLACEMENT_3D('',#11474,#9027,#9028);
#7504=AXIS2_PLACEMENT_3D('',#11475,#9029,#9030);
#7505=AXIS2_PLACEMENT_3D('',#11476,#9031,#9032);
#7506=AXIS2_PLACEMENT_3D('',#11477,#9033,#9034);
#7507=AXIS2_PLACEMENT_3D('',#11478,#9035,#9036);
#7508=AXIS2_PLACEMENT_3D('',#11481,#9039,#9040);
#7509=AXIS2_PLACEMENT_3D('',#11483,#9042,#9043);
#7510=AXIS2_PLACEMENT_3D('',#11485,#9045,#9046);
#7511=AXIS2_PLACEMENT_3D('',#11488,#9049,#9050);
#7512=AXIS2_PLACEMENT_3D('',#11491,#9053,#9054);
#7513=AXIS2_PLACEMENT_3D('',#11494,#9057,#9058);
#7514=AXIS2_PLACEMENT_3D('',#11497,#9061,#9062);
#7515=AXIS2_PLACEMENT_3D('',#11500,#9065,#9066);
#7516=AXIS2_PLACEMENT_3D('',#11503,#9069,#9070);
#7517=AXIS2_PLACEMENT_3D('',#11504,#9071,#9072);
#7518=AXIS2_PLACEMENT_3D('',#11505,#9073,#9074);
#7519=AXIS2_PLACEMENT_3D('',#11506,#9075,#9076);
#7520=AXIS2_PLACEMENT_3D('',#11507,#9077,#9078);
#7521=AXIS2_PLACEMENT_3D('',#11508,#9079,#9080);
#7522=AXIS2_PLACEMENT_3D('',#11509,#9081,#9082);
#7523=AXIS2_PLACEMENT_3D('',#11510,#9083,#9084);
#7524=AXIS2_PLACEMENT_3D('',#11513,#9087,#9088);
#7525=AXIS2_PLACEMENT_3D('',#11516,#9091,#9092);
#7526=AXIS2_PLACEMENT_3D('',#11519,#9095,#9096);
#7527=AXIS2_PLACEMENT_3D('',#11522,#9099,#9100);
#7528=AXIS2_PLACEMENT_3D('',#11525,#9103,#9104);
#7529=AXIS2_PLACEMENT_3D('',#11528,#9107,#9108);
#7530=AXIS2_PLACEMENT_3D('',#11531,#9111,#9112);
#7531=AXIS2_PLACEMENT_3D('',#11532,#9113,#9114);
#7532=AXIS2_PLACEMENT_3D('',#11533,#9115,#9116);
#7533=AXIS2_PLACEMENT_3D('',#11534,#9117,#9118);
#7534=AXIS2_PLACEMENT_3D('',#11535,#9119,#9120);
#7535=AXIS2_PLACEMENT_3D('',#11536,#9121,#9122);
#7536=AXIS2_PLACEMENT_3D('',#11537,#9123,#9124);
#7537=AXIS2_PLACEMENT_3D('',#11538,#9125,#9126);
#7538=AXIS2_PLACEMENT_3D('',#11541,#9129,#9130);
#7539=AXIS2_PLACEMENT_3D('',#11544,#9133,#9134);
#7540=AXIS2_PLACEMENT_3D('',#11547,#9137,#9138);
#7541=AXIS2_PLACEMENT_3D('',#11550,#9141,#9142);
#7542=AXIS2_PLACEMENT_3D('',#11553,#9145,#9146);
#7543=AXIS2_PLACEMENT_3D('',#11556,#9149,#9150);
#7544=AXIS2_PLACEMENT_3D('',#11558,#9152,#9153);
#7545=AXIS2_PLACEMENT_3D('',#11561,#9156,#9157);
#7546=AXIS2_PLACEMENT_3D('',#11562,#9158,#9159);
#7547=AXIS2_PLACEMENT_3D('',#11563,#9160,#9161);
#7548=AXIS2_PLACEMENT_3D('',#11564,#9162,#9163);
#7549=AXIS2_PLACEMENT_3D('',#11565,#9164,#9165);
#7550=AXIS2_PLACEMENT_3D('',#11566,#9166,#9167);
#7551=AXIS2_PLACEMENT_3D('',#11567,#9168,#9169);
#7552=AXIS2_PLACEMENT_3D('',#11568,#9170,#9171);
#7553=AXIS2_PLACEMENT_3D('',#11571,#9174,#9175);
#7554=AXIS2_PLACEMENT_3D('',#11574,#9178,#9179);
#7555=AXIS2_PLACEMENT_3D('',#11577,#9182,#9183);
#7556=AXIS2_PLACEMENT_3D('',#11580,#9186,#9187);
#7557=AXIS2_PLACEMENT_3D('',#11583,#9190,#9191);
#7558=AXIS2_PLACEMENT_3D('',#11585,#9193,#9194);
#7559=AXIS2_PLACEMENT_3D('',#11587,#9196,#9197);
#7560=AXIS2_PLACEMENT_3D('',#11590,#9200,#9201);
#7561=AXIS2_PLACEMENT_3D('',#11593,#9204,#9205);
#7562=AXIS2_PLACEMENT_3D('',#11596,#9208,#9209);
#7563=AXIS2_PLACEMENT_3D('',#11598,#9211,#9212);
#7564=AXIS2_PLACEMENT_3D('',#11600,#9214,#9215);
#7565=AXIS2_PLACEMENT_3D('',#11601,#9216,#9217);
#7566=AXIS2_PLACEMENT_3D('',#11602,#9218,#9219);
#7567=AXIS2_PLACEMENT_3D('',#11603,#9220,#9221);
#7568=AXIS2_PLACEMENT_3D('',#11604,#9222,#9223);
#7569=AXIS2_PLACEMENT_3D('',#11605,#9224,#9225);
#7570=AXIS2_PLACEMENT_3D('',#11606,#9226,#9227);
#7571=AXIS2_PLACEMENT_3D('',#11607,#9228,#9229);
#7572=AXIS2_PLACEMENT_3D('',#11608,#9230,#9231);
#7573=AXIS2_PLACEMENT_3D('',#11611,#9234,#9235);
#7574=AXIS2_PLACEMENT_3D('',#11614,#9238,#9239);
#7575=AXIS2_PLACEMENT_3D('',#11617,#9242,#9243);
#7576=AXIS2_PLACEMENT_3D('',#11620,#9246,#9247);
#7577=AXIS2_PLACEMENT_3D('',#11623,#9250,#9251);
#7578=AXIS2_PLACEMENT_3D('',#11624,#9252,#9253);
#7579=AXIS2_PLACEMENT_3D('',#11625,#9254,#9255);
#7580=AXIS2_PLACEMENT_3D('',#11626,#9256,#9257);
#7581=AXIS2_PLACEMENT_3D('',#11627,#9258,#9259);
#7582=AXIS2_PLACEMENT_3D('',#11628,#9260,#9261);
#7583=AXIS2_PLACEMENT_3D('',#11631,#9264,#9265);
#7584=AXIS2_PLACEMENT_3D('',#11634,#9268,#9269);
#7585=AXIS2_PLACEMENT_3D('',#11637,#9272,#9273);
#7586=AXIS2_PLACEMENT_3D('',#11640,#9276,#9277);
#7587=AXIS2_PLACEMENT_3D('',#11642,#9279,#9280);
#7588=AXIS2_PLACEMENT_3D('',#11644,#9282,#9283);
#7589=AXIS2_PLACEMENT_3D('',#11647,#9286,#9287);
#7590=AXIS2_PLACEMENT_3D('',#11650,#9290,#9291);
#7591=AXIS2_PLACEMENT_3D('',#11653,#9294,#9295);
#7592=AXIS2_PLACEMENT_3D('',#11654,#9296,#9297);
#7593=AXIS2_PLACEMENT_3D('',#11655,#9298,#9299);
#7594=AXIS2_PLACEMENT_3D('',#11656,#9300,#9301);
#7595=AXIS2_PLACEMENT_3D('',#11657,#9302,#9303);
#7596=AXIS2_PLACEMENT_3D('',#11658,#9304,#9305);
#7597=AXIS2_PLACEMENT_3D('',#11659,#9306,#9307);
#7598=AXIS2_PLACEMENT_3D('',#11660,#9308,#9309);
#7599=AXIS2_PLACEMENT_3D('',#11663,#9312,#9313);
#7600=AXIS2_PLACEMENT_3D('',#11666,#9316,#9317);
#7601=AXIS2_PLACEMENT_3D('',#11669,#9320,#9321);
#7602=AXIS2_PLACEMENT_3D('',#11672,#9324,#9325);
#7603=AXIS2_PLACEMENT_3D('',#11674,#9327,#9328);
#7604=AXIS2_PLACEMENT_3D('',#11676,#9330,#9331);
#7605=AXIS2_PLACEMENT_3D('',#11679,#9334,#9335);
#7606=AXIS2_PLACEMENT_3D('',#11682,#9338,#9339);
#7607=AXIS2_PLACEMENT_3D('',#11685,#9342,#9343);
#7608=AXIS2_PLACEMENT_3D('',#11687,#9345,#9346);
#7609=AXIS2_PLACEMENT_3D('',#11689,#9348,#9349);
#7610=AXIS2_PLACEMENT_3D('',#11692,#9352,#9353);
#7611=AXIS2_PLACEMENT_3D('',#11693,#9354,#9355);
#7612=AXIS2_PLACEMENT_3D('',#11694,#9356,#9357);
#7613=AXIS2_PLACEMENT_3D('',#11695,#9358,#9359);
#7614=AXIS2_PLACEMENT_3D('',#11696,#9360,#9361);
#7615=AXIS2_PLACEMENT_3D('',#11697,#9362,#9363);
#7616=AXIS2_PLACEMENT_3D('',#11698,#9364,#9365);
#7617=AXIS2_PLACEMENT_3D('',#11699,#9366,#9367);
#7618=AXIS2_PLACEMENT_3D('',#11700,#9368,#9369);
#7619=AXIS2_PLACEMENT_3D('',#11703,#9372,#9373);
#7620=AXIS2_PLACEMENT_3D('',#11706,#9376,#9377);
#7621=AXIS2_PLACEMENT_3D('',#11709,#9380,#9381);
#7622=AXIS2_PLACEMENT_3D('',#11712,#9384,#9385);
#7623=AXIS2_PLACEMENT_3D('',#11714,#9387,#9388);
#7624=AXIS2_PLACEMENT_3D('',#11716,#9390,#9391);
#7625=AXIS2_PLACEMENT_3D('',#11719,#9394,#9395);
#7626=AXIS2_PLACEMENT_3D('',#11720,#9396,#9397);
#7627=AXIS2_PLACEMENT_3D('',#11721,#9398,#9399);
#7628=AXIS2_PLACEMENT_3D('',#11722,#9400,#9401);
#7629=AXIS2_PLACEMENT_3D('',#11723,#9402,#9403);
#7630=AXIS2_PLACEMENT_3D('',#11724,#9404,#9405);
#7631=AXIS2_PLACEMENT_3D('',#11727,#9408,#9409);
#7632=AXIS2_PLACEMENT_3D('',#11730,#9412,#9413);
#7633=AXIS2_PLACEMENT_3D('',#11733,#9416,#9417);
#7634=AXIS2_PLACEMENT_3D('',#11736,#9420,#9421);
#7635=AXIS2_PLACEMENT_3D('',#11739,#9424,#9425);
#7636=AXIS2_PLACEMENT_3D('',#11742,#9428,#9429);
#7637=AXIS2_PLACEMENT_3D('',#11745,#9432,#9433);
#7638=AXIS2_PLACEMENT_3D('',#11746,#9434,#9435);
#7639=AXIS2_PLACEMENT_3D('',#11747,#9436,#9437);
#7640=AXIS2_PLACEMENT_3D('',#11748,#9438,#9439);
#7641=AXIS2_PLACEMENT_3D('',#11749,#9440,#9441);
#7642=AXIS2_PLACEMENT_3D('',#11750,#9442,#9443);
#7643=AXIS2_PLACEMENT_3D('',#11751,#9444,#9445);
#7644=AXIS2_PLACEMENT_3D('',#11752,#9446,#9447);
#7645=AXIS2_PLACEMENT_3D('',#11755,#9450,#9451);
#7646=AXIS2_PLACEMENT_3D('',#11758,#9454,#9455);
#7647=AXIS2_PLACEMENT_3D('',#11761,#9458,#9459);
#7648=AXIS2_PLACEMENT_3D('',#11763,#9461,#9462);
#7649=AXIS2_PLACEMENT_3D('',#11766,#9465,#9466);
#7650=AXIS2_PLACEMENT_3D('',#11767,#9467,#9468);
#7651=AXIS2_PLACEMENT_3D('',#11768,#9469,#9470);
#7652=AXIS2_PLACEMENT_3D('',#11769,#9471,#9472);
#7653=AXIS2_PLACEMENT_3D('',#11770,#9473,#9474);
#7654=AXIS2_PLACEMENT_3D('',#11773,#9477,#9478);
#7655=AXIS2_PLACEMENT_3D('',#11775,#9480,#9481);
#7656=AXIS2_PLACEMENT_3D('',#11778,#9484,#9485);
#7657=AXIS2_PLACEMENT_3D('',#11781,#9488,#9489);
#7658=AXIS2_PLACEMENT_3D('',#11784,#9492,#9493);
#7659=AXIS2_PLACEMENT_3D('',#11787,#9496,#9497);
#7660=AXIS2_PLACEMENT_3D('',#11790,#9500,#9501);
#7661=AXIS2_PLACEMENT_3D('',#11793,#9504,#9505);
#7662=AXIS2_PLACEMENT_3D('',#11794,#9506,#9507);
#7663=AXIS2_PLACEMENT_3D('',#11795,#9508,#9509);
#7664=AXIS2_PLACEMENT_3D('',#11796,#9510,#9511);
#7665=AXIS2_PLACEMENT_3D('',#11797,#9512,#9513);
#7666=AXIS2_PLACEMENT_3D('',#11798,#9514,#9515);
#7667=AXIS2_PLACEMENT_3D('',#11799,#9516,#9517);
#7668=AXIS2_PLACEMENT_3D('',#11800,#9518,#9519);
#7669=AXIS2_PLACEMENT_3D('',#11803,#9522,#9523);
#7670=AXIS2_PLACEMENT_3D('',#11806,#9526,#9527);
#7671=AXIS2_PLACEMENT_3D('',#11809,#9530,#9531);
#7672=AXIS2_PLACEMENT_3D('',#11812,#9534,#9535);
#7673=AXIS2_PLACEMENT_3D('',#11814,#9537,#9538);
#7674=AXIS2_PLACEMENT_3D('',#11817,#9541,#9542);
#7675=AXIS2_PLACEMENT_3D('',#11820,#9545,#9546);
#7676=AXIS2_PLACEMENT_3D('',#11823,#9549,#9550);
#7677=AXIS2_PLACEMENT_3D('',#11824,#9551,#9552);
#7678=AXIS2_PLACEMENT_3D('',#11825,#9553,#9554);
#7679=AXIS2_PLACEMENT_3D('',#11826,#9555,#9556);
#7680=AXIS2_PLACEMENT_3D('',#11827,#9557,#9558);
#7681=AXIS2_PLACEMENT_3D('',#11828,#9559,#9560);
#7682=AXIS2_PLACEMENT_3D('',#11829,#9561,#9562);
#7683=AXIS2_PLACEMENT_3D('',#11830,#9563,#9564);
#7684=AXIS2_PLACEMENT_3D('',#11833,#9567,#9568);
#7685=AXIS2_PLACEMENT_3D('',#11836,#9571,#9572);
#7686=AXIS2_PLACEMENT_3D('',#11839,#9575,#9576);
#7687=AXIS2_PLACEMENT_3D('',#11842,#9579,#9580);
#7688=AXIS2_PLACEMENT_3D('',#11843,#9581,#9582);
#7689=AXIS2_PLACEMENT_3D('',#11844,#9583,#9584);
#7690=AXIS2_PLACEMENT_3D('',#11845,#9585,#9586);
#7691=AXIS2_PLACEMENT_3D('',#11846,#9587,#9588);
#7692=AXIS2_PLACEMENT_3D('',#11867,#9593,#9594);
#7693=AXIS2_PLACEMENT_3D('',#11869,#9596,#9597);
#7694=AXIS2_PLACEMENT_3D('',#11871,#9599,#9600);
#7695=AXIS2_PLACEMENT_3D('',#11873,#9602,#9603);
#7696=AXIS2_PLACEMENT_3D('',#11875,#9605,#9606);
#7697=AXIS2_PLACEMENT_3D('',#11877,#9608,#9609);
#7698=AXIS2_PLACEMENT_3D('',#11879,#9611,#9612);
#7699=AXIS2_PLACEMENT_3D('',#11881,#9614,#9615);
#7700=AXIS2_PLACEMENT_3D('',#11883,#9617,#9618);
#7701=AXIS2_PLACEMENT_3D('',#11884,#9619,#9620);
#7702=AXIS2_PLACEMENT_3D('',#11887,#9623,#9624);
#7703=AXIS2_PLACEMENT_3D('',#11889,#9626,#9627);
#7704=AXIS2_PLACEMENT_3D('',#11891,#9629,#9630);
#7705=AXIS2_PLACEMENT_3D('',#11893,#9632,#9633);
#7706=AXIS2_PLACEMENT_3D('',#11895,#9635,#9636);
#7707=AXIS2_PLACEMENT_3D('',#11897,#9638,#9639);
#7708=AXIS2_PLACEMENT_3D('',#11899,#9641,#9642);
#7709=AXIS2_PLACEMENT_3D('',#11901,#9644,#9645);
#7710=AXIS2_PLACEMENT_3D('',#11903,#9647,#9648);
#7711=AXIS2_PLACEMENT_3D('',#11905,#9650,#9651);
#7712=AXIS2_PLACEMENT_3D('',#11907,#9653,#9654);
#7713=AXIS2_PLACEMENT_3D('',#11909,#9656,#9657);
#7714=AXIS2_PLACEMENT_3D('',#11911,#9659,#9660);
#7715=AXIS2_PLACEMENT_3D('',#11913,#9662,#9663);
#7716=AXIS2_PLACEMENT_3D('',#11915,#9665,#9666);
#7717=AXIS2_PLACEMENT_3D('',#11916,#9667,#9668);
#7718=AXIS2_PLACEMENT_3D('',#11919,#9671,#9672);
#7719=AXIS2_PLACEMENT_3D('',#11922,#9675,#9676);
#7720=AXIS2_PLACEMENT_3D('',#11924,#9678,#9679);
#7721=AXIS2_PLACEMENT_3D('',#11927,#9682,#9683);
#7722=AXIS2_PLACEMENT_3D('',#11930,#9686,#9687);
#7723=AXIS2_PLACEMENT_3D('',#11932,#9689,#9690);
#7724=AXIS2_PLACEMENT_3D('',#11957,#9693,#9694);
#7725=AXIS2_PLACEMENT_3D('',#11958,#9695,#9696);
#7726=AXIS2_PLACEMENT_3D('',#11960,#9698,#9699);
#7727=AXIS2_PLACEMENT_3D('',#11961,#9700,#9701);
#7728=AXIS2_PLACEMENT_3D('',#11963,#9703,#9704);
#7729=AXIS2_PLACEMENT_3D('',#11964,#9705,#9706);
#7730=AXIS2_PLACEMENT_3D('',#11966,#9708,#9709);
#7731=AXIS2_PLACEMENT_3D('',#11979,#9714,#9715);
#7732=AXIS2_PLACEMENT_3D('',#11981,#9717,#9718);
#7733=AXIS2_PLACEMENT_3D('',#11983,#9720,#9721);
#7734=AXIS2_PLACEMENT_3D('',#11985,#9723,#9724);
#7735=AXIS2_PLACEMENT_3D('',#11986,#9725,#9726);
#7736=AXIS2_PLACEMENT_3D('',#11987,#9727,#9728);
#7737=AXIS2_PLACEMENT_3D('',#12008,#9733,#9734);
#7738=AXIS2_PLACEMENT_3D('',#12011,#9737,#9738);
#7739=AXIS2_PLACEMENT_3D('',#12013,#9740,#9741);
#7740=AXIS2_PLACEMENT_3D('',#12016,#9744,#9745);
#7741=AXIS2_PLACEMENT_3D('',#12017,#9746,#9747);
#7742=AXIS2_PLACEMENT_3D('',#12018,#9748,#9749);
#7743=AXIS2_PLACEMENT_3D('',#12019,#9750,#9751);
#7744=AXIS2_PLACEMENT_3D('',#12020,#9752,#9753);
#7745=AXIS2_PLACEMENT_3D('',#12023,#9756,#9757);
#7746=AXIS2_PLACEMENT_3D('',#12036,#9762,#9763);
#7747=AXIS2_PLACEMENT_3D('',#12038,#9765,#9766);
#7748=AXIS2_PLACEMENT_3D('',#12040,#9768,#9769);
#7749=AXIS2_PLACEMENT_3D('',#12042,#9771,#9772);
#7750=AXIS2_PLACEMENT_3D('',#12043,#9773,#9774);
#7751=AXIS2_PLACEMENT_3D('',#12044,#9775,#9776);
#7752=AXIS2_PLACEMENT_3D('',#12046,#9778,#9779);
#7753=AXIS2_PLACEMENT_3D('',#12048,#9781,#9782);
#7754=AXIS2_PLACEMENT_3D('',#12050,#9784,#9785);
#7755=AXIS2_PLACEMENT_3D('',#12053,#9788,#9789);
#7756=AXIS2_PLACEMENT_3D('',#12056,#9792,#9793);
#7757=AXIS2_PLACEMENT_3D('',#12059,#9796,#9797);
#7758=AXIS2_PLACEMENT_3D('',#12060,#9798,#9799);
#7759=AXIS2_PLACEMENT_3D('',#12062,#9801,#9802);
#7760=AXIS2_PLACEMENT_3D('',#12064,#9804,#9805);
#7761=AXIS2_PLACEMENT_3D('',#12089,#9808,#9809);
#7762=AXIS2_PLACEMENT_3D('',#12090,#9810,#9811);
#7763=AXIS2_PLACEMENT_3D('',#12091,#9812,#9813);
#7764=AXIS2_PLACEMENT_3D('',#12112,#9818,#9819);
#7765=AXIS2_PLACEMENT_3D('',#12115,#9822,#9823);
#7766=AXIS2_PLACEMENT_3D('',#12118,#9826,#9827);
#7767=AXIS2_PLACEMENT_3D('',#12120,#9829,#9830);
#7768=AXIS2_PLACEMENT_3D('',#12121,#9831,#9832);
#7769=AXIS2_PLACEMENT_3D('',#12122,#9833,#9834);
#7770=AXIS2_PLACEMENT_3D('',#12123,#9835,#9836);
#7771=DIRECTION('',(0.,0.,1.));
#7772=DIRECTION('',(1.,0.,0.));
#7773=DIRECTION('',(0.,0.,1.));
#7774=DIRECTION('',(1.,0.,0.));
#7775=DIRECTION('',(0.,0.,-1.));
#7776=DIRECTION('',(-1.,0.,0.));
#7777=DIRECTION('',(0.995464757734522,-0.0951310470275092,0.));
#7778=DIRECTION('',(0.,0.,-1.));
#7779=DIRECTION('',(-1.,0.,0.));
#7780=DIRECTION('',(0.,0.,-1.));
#7781=DIRECTION('',(-1.,0.,0.));
#7782=DIRECTION('',(0.,0.,-1.));
#7783=DIRECTION('',(-1.,0.,0.));
#7784=DIRECTION('',(0.,0.,-1.));
#7785=DIRECTION('',(-1.,0.,0.));
#7786=DIRECTION('',(0.,0.,-1.));
#7787=DIRECTION('',(-1.,0.,0.));
#7788=DIRECTION('',(0.341335352219646,-0.939941581868304,0.));
#7789=DIRECTION('',(0.384035153327177,-0.923318472147596,0.));
#7790=DIRECTION('',(0.72373734893881,-0.690075539162941,0.));
#7791=DIRECTION('',(0.254492641860449,0.967074710267459,0.));
#7792=DIRECTION('',(-0.967074710267459,0.254492641860449,0.));
#7793=DIRECTION('',(-0.908803164185971,0.417225129595002,0.));
#7794=DIRECTION('',(-0.392365342026898,0.919809457646591,0.));
#7795=DIRECTION('',(0.,0.,-1.));
#7796=DIRECTION('',(-1.,0.,0.));
#7797=DIRECTION('',(0.392365342026898,0.919809457646591,0.));
#7798=DIRECTION('',(0.908803164185971,0.417225129595002,0.));
#7799=DIRECTION('',(0.967074710267459,0.254492641860449,0.));
#7800=DIRECTION('',(-0.254492641860449,0.967074710267459,0.));
#7801=DIRECTION('',(-0.72373734893881,-0.690075539162941,0.));
#7802=DIRECTION('',(-0.384035153327177,-0.923318472147596,0.));
#7803=DIRECTION('',(-0.341335352219646,-0.939941581868304,0.));
#7804=DIRECTION('',(0.,0.,-1.));
#7805=DIRECTION('',(-1.,0.,0.));
#7806=DIRECTION('',(-0.412168073670365,-0.911107830636342,0.));
#7807=DIRECTION('',(0.,0.,-1.));
#7808=DIRECTION('',(-1.,0.,0.));
#7809=DIRECTION('',(-0.0485911611884141,-0.998818751853589,0.));
#7810=DIRECTION('',(0.,0.,-1.));
#7811=DIRECTION('',(-1.,0.,0.));
#7812=DIRECTION('',(0.379466623813308,0.925205426600887,0.));
#7813=DIRECTION('',(0.,0.,-1.));
#7814=DIRECTION('',(-1.,0.,0.));
#7815=DIRECTION('',(0.,1.,0.));
#7816=DIRECTION('',(0.,0.,-1.));
#7817=DIRECTION('',(-1.,0.,0.));
#7818=DIRECTION('',(-0.712103721202585,-0.702074276874912,0.));
#7819=DIRECTION('',(0.,0.,-1.));
#7820=DIRECTION('',(-1.,0.,0.));
#7821=DIRECTION('',(-0.987471336239882,-0.157798479411627,0.));
#7822=DIRECTION('',(0.,0.,-1.));
#7823=DIRECTION('',(-1.,0.,0.));
#7824=DIRECTION('',(-0.934571057714767,0.355776528289743,0.));
#7825=DIRECTION('',(0.,0.,-1.));
#7826=DIRECTION('',(-1.,0.,0.));
#7827=DIRECTION('',(-0.996838822289612,0.0794503768163458,0.));
#7828=DIRECTION('',(0.,0.,-1.));
#7829=DIRECTION('',(-1.,0.,0.));
#7830=DIRECTION('',(-0.963853969849352,-0.266431088286717,0.));
#7831=DIRECTION('',(0.,0.,-1.));
#7832=DIRECTION('',(-1.,0.,0.));
#7833=DIRECTION('',(0.,-1.,0.));
#7834=DIRECTION('',(0.,0.,-1.));
#7835=DIRECTION('',(-1.,0.,0.));
#7836=DIRECTION('',(0.697324029477709,-0.716756023980944,0.));
#7837=DIRECTION('',(0.,0.,-1.));
#7838=DIRECTION('',(-1.,0.,0.));
#7839=DIRECTION('',(0.989297408390546,-0.145913117133963,0.));
#7840=DIRECTION('',(0.,0.,-1.));
#7841=DIRECTION('',(-1.,0.,0.));
#7842=DIRECTION('',(-0.753772834314022,-0.657135080672312,0.));
#7843=DIRECTION('',(0.,0.,-1.));
#7844=DIRECTION('',(-1.,0.,0.));
#7845=DIRECTION('',(0.,0.,-1.));
#7846=DIRECTION('',(-1.,0.,0.));
#7847=DIRECTION('',(0.,-1.,0.));
#7848=DIRECTION('',(0.,0.,-1.));
#7849=DIRECTION('',(-1.,0.,0.));
#7850=DIRECTION('',(0.977668425976629,-0.210153393616139,0.));
#7851=DIRECTION('',(0.,0.,-1.));
#7852=DIRECTION('',(-1.,0.,0.));
#7853=DIRECTION('',(0.985307987950749,0.170786910740979,0.));
#7854=DIRECTION('',(0.,0.,-1.));
#7855=DIRECTION('',(-1.,0.,0.));
#7856=DIRECTION('',(0.897448582618629,0.441119078657695,0.));
#7857=DIRECTION('',(0.,0.,-1.));
#7858=DIRECTION('',(-1.,0.,0.));
#7859=DIRECTION('',(0.624076181680703,-0.781363500208984,0.));
#7860=DIRECTION('',(0.,0.,-1.));
#7861=DIRECTION('',(-1.,0.,0.));
#7862=DIRECTION('',(0.847998035823416,-0.529999369093614,0.));
#7863=DIRECTION('',(0.,0.,-1.));
#7864=DIRECTION('',(-1.,0.,0.));
#7865=DIRECTION('',(0.712103721202585,-0.702074276874912,0.));
#7866=DIRECTION('',(0.,0.,-1.));
#7867=DIRECTION('',(-1.,0.,0.));
#7868=DIRECTION('',(9.32320278097868E-17,1.,0.));
#7869=DIRECTION('',(0.,0.,-1.));
#7870=DIRECTION('',(-1.,0.,0.));
#7871=DIRECTION('',(-0.379466623813308,0.925205426600887,0.));
#7872=DIRECTION('',(0.,0.,-1.));
#7873=DIRECTION('',(-1.,0.,0.));
#7874=DIRECTION('',(0.048591161188414,-0.998818751853589,0.));
#7875=DIRECTION('',(0.,0.,-1.));
#7876=DIRECTION('',(-1.,0.,0.));
#7877=DIRECTION('',(0.412168073670364,-0.911107830636342,0.));
#7878=DIRECTION('',(0.,0.,-1.));
#7879=DIRECTION('',(-1.,0.,0.));
#7880=DIRECTION('',(0.,0.,-1.));
#7881=DIRECTION('',(-1.,0.,0.));
#7882=DIRECTION('',(0.,0.,-1.));
#7883=DIRECTION('',(-1.,0.,0.));
#7884=DIRECTION('',(0.,0.,-1.));
#7885=DIRECTION('',(-1.,0.,0.));
#7886=DIRECTION('',(-0.987471336239882,-0.157798479411627,0.));
#7887=DIRECTION('',(0.,0.,-1.));
#7888=DIRECTION('',(-1.,0.,0.));
#7889=DIRECTION('',(0.7889904491987,0.614405461461105,0.));
#7890=DIRECTION('',(0.,0.,-1.));
#7891=DIRECTION('',(-1.,0.,0.));
#7892=DIRECTION('',(-1.,0.,0.));
#7893=DIRECTION('',(0.,0.,-1.));
#7894=DIRECTION('',(-1.,0.,0.));
#7895=DIRECTION('',(-0.963853969849352,-0.266431088286716,0.));
#7896=DIRECTION('',(0.,0.,-1.));
#7897=DIRECTION('',(-1.,0.,0.));
#7898=DIRECTION('',(-0.885397852883427,-0.464833994141369,0.));
#7899=DIRECTION('',(-1.60251591314254E-16,1.,0.));
#7900=DIRECTION('',(0.,0.,1.));
#7901=DIRECTION('',(1.,0.,0.));
#7902=DIRECTION('',(1.,0.,0.));
#7903=DIRECTION('',(0.,0.,1.));
#7904=DIRECTION('',(1.,0.,0.));
#7905=DIRECTION('',(-1.60251591314254E-16,1.,0.));
#7906=DIRECTION('',(0.,0.,1.));
#7907=DIRECTION('',(1.,0.,0.));
#7908=DIRECTION('',(1.,0.,0.));
#7909=DIRECTION('',(0.,0.,1.));
#7910=DIRECTION('',(1.,0.,0.));
#7911=DIRECTION('',(0.,0.,-1.));
#7912=DIRECTION('',(-1.,0.,0.));
#7913=DIRECTION('',(0.,0.,-1.));
#7914=DIRECTION('',(-1.,0.,0.));
#7915=DIRECTION('',(0.,0.,-1.));
#7916=DIRECTION('',(-1.,0.,0.));
#7917=DIRECTION('',(9.32320278097868E-17,1.,0.));
#7918=DIRECTION('',(0.,0.,-1.));
#7919=DIRECTION('',(-1.,0.,0.));
#7920=DIRECTION('',(0.962449741476636,-0.271459932829057,0.));
#7921=DIRECTION('',(0.,0.,-1.));
#7922=DIRECTION('',(-1.,0.,0.));
#7923=DIRECTION('',(0.,-1.,0.));
#7924=DIRECTION('',(0.,0.,-1.));
#7925=DIRECTION('',(-1.,0.,0.));
#7926=DIRECTION('',(-0.280000243385639,0.959999929012489,0.));
#7927=DIRECTION('',(0.,0.,-1.));
#7928=DIRECTION('',(-1.,0.,0.));
#7929=DIRECTION('',(0.845972699121393,-0.533226211228655,0.));
#7930=DIRECTION('',(0.,0.,-1.));
#7931=DIRECTION('',(-1.,0.,0.));
#7932=DIRECTION('',(0.624076181680703,-0.781363500208984,0.));
#7933=DIRECTION('',(0.,0.,-1.));
#7934=DIRECTION('',(-1.,0.,0.));
#7935=DIRECTION('',(0.35362236187682,0.935388275092573,0.));
#7936=DIRECTION('',(0.,0.,-1.));
#7937=DIRECTION('',(-1.,0.,0.));
#7938=DIRECTION('',(-0.934571057714767,0.355776528289743,0.));
#7939=DIRECTION('',(0.,0.,-1.));
#7940=DIRECTION('',(-1.,0.,0.));
#7941=DIRECTION('',(0.,0.,-1.));
#7942=DIRECTION('',(-1.,0.,0.));
#7943=DIRECTION('',(0.,0.,-1.));
#7944=DIRECTION('',(-1.,0.,0.));
#7945=DIRECTION('',(-0.924016840579264,0.382351773012648,0.));
#7946=DIRECTION('',(0.,0.,-1.));
#7947=DIRECTION('',(-1.,0.,0.));
#7948=DIRECTION('',(-0.907558958000373,0.419924681048015,0.));
#7949=DIRECTION('',(0.,0.,-1.));
#7950=DIRECTION('',(-1.,0.,0.));
#7951=DIRECTION('',(-1.,0.,0.));
#7952=DIRECTION('',(0.,0.,-1.));
#7953=DIRECTION('',(-1.,0.,0.));
#7954=DIRECTION('',(-0.995464757734522,-0.0951310470275091,0.));
#7955=DIRECTION('',(0.,0.,-1.));
#7956=DIRECTION('',(-1.,0.,0.));
#7957=DIRECTION('',(-0.660758574372738,-0.750598498794733,0.));
#7958=DIRECTION('',(0.,0.,-1.));
#7959=DIRECTION('',(-1.,0.,0.));
#7960=DIRECTION('',(0.85500947706951,-0.518612373667775,0.));
#7961=DIRECTION('',(0.,0.,-1.));
#7962=DIRECTION('',(-1.,0.,0.));
#7963=DIRECTION('',(-0.587512426992614,0.809215143289625,0.));
#7964=DIRECTION('',(0.,0.,-1.));
#7965=DIRECTION('',(-1.,0.,0.));
#7966=DIRECTION('',(0.,0.,-1.));
#7967=DIRECTION('',(-1.,0.,0.));
#7968=DIRECTION('',(-1.,1.92159787588384E-15,0.));
#7969=DIRECTION('',(0.,0.,-1.));
#7970=DIRECTION('',(-1.,0.,0.));
#7971=DIRECTION('',(-0.753772834314022,-0.657135080672312,0.));
#7972=DIRECTION('',(0.,0.,-1.));
#7973=DIRECTION('',(-1.,0.,0.));
#7974=DIRECTION('',(0.,-1.,0.));
#7975=DIRECTION('',(0.,0.,-1.));
#7976=DIRECTION('',(-1.,0.,0.));
#7977=DIRECTION('',(0.436722625313266,-0.899596214164715,0.));
#7978=DIRECTION('',(0.,0.,-1.));
#7979=DIRECTION('',(-1.,0.,0.));
#7980=DIRECTION('',(-0.809421856851046,0.587227602937571,0.));
#7981=DIRECTION('',(0.,0.,-1.));
#7982=DIRECTION('',(-1.,0.,0.));
#7983=DIRECTION('',(-0.379466623813308,0.925205426600887,0.));
#7984=DIRECTION('',(0.,0.,-1.));
#7985=DIRECTION('',(-1.,0.,0.));
#7986=DIRECTION('',(-0.924016840579264,0.382351773012648,0.));
#7987=DIRECTION('',(0.,0.,-1.));
#7988=DIRECTION('',(-1.,0.,0.));
#7989=DIRECTION('',(-0.812623706762221,0.582788736342791,0.));
#7990=DIRECTION('',(0.,0.,-1.));
#7991=DIRECTION('',(-1.,0.,0.));
#7992=DIRECTION('',(-0.504798223417075,0.863237368071474,0.));
#7993=DIRECTION('',(0.,0.,-1.));
#7994=DIRECTION('',(-1.,0.,0.));
#7995=DIRECTION('',(-0.809421856851046,0.587227602937571,0.));
#7996=DIRECTION('',(0.,0.,-1.));
#7997=DIRECTION('',(-1.,0.,0.));
#7998=DIRECTION('',(-0.908569742658474,0.417733195623133,0.));
#7999=DIRECTION('',(0.,0.,-1.));
#8000=DIRECTION('',(-1.,0.,0.));
#8001=DIRECTION('',(-0.937581467333021,-0.347765714402182,0.));
#8002=DIRECTION('',(0.,0.,-1.));
#8003=DIRECTION('',(-1.,0.,0.));
#8004=DIRECTION('',(-0.995464757734522,-0.0951310470275093,0.));
#8005=DIRECTION('',(0.,0.,-1.));
#8006=DIRECTION('',(-1.,0.,0.));
#8007=DIRECTION('',(-0.259052943278191,-0.965863123107465,0.));
#8008=DIRECTION('',(0.,0.,-1.));
#8009=DIRECTION('',(-1.,0.,0.));
#8010=DIRECTION('',(0.656743293754328,-0.754114212907247,0.));
#8011=DIRECTION('',(0.,0.,-1.));
#8012=DIRECTION('',(-1.,0.,0.));
#8013=DIRECTION('',(-0.907558958000373,0.419924681048015,0.));
#8014=DIRECTION('',(0.,0.,-1.));
#8015=DIRECTION('',(-1.,0.,0.));
#8016=DIRECTION('',(0.924016840579264,0.382351773012647,0.));
#8017=DIRECTION('',(0.,0.,-1.));
#8018=DIRECTION('',(-1.,0.,0.));
#8019=DIRECTION('',(0.,0.,-1.));
#8020=DIRECTION('',(-1.,0.,0.));
#8021=DIRECTION('',(0.,0.,-1.));
#8022=DIRECTION('',(-1.,0.,0.));
#8023=DIRECTION('',(0.934571057714767,0.355776528289742,0.));
#8024=DIRECTION('',(0.,0.,-1.));
#8025=DIRECTION('',(-1.,0.,0.));
#8026=DIRECTION('',(-0.85500947706951,-0.518612373667775,0.));
#8027=DIRECTION('',(0.,0.,-1.));
#8028=DIRECTION('',(-1.,0.,0.));
#8029=DIRECTION('',(0.660758574372738,-0.750598498794733,0.));
#8030=DIRECTION('',(0.,0.,-1.));
#8031=DIRECTION('',(-1.,0.,0.));
#8032=DIRECTION('',(0.995464757734522,-0.0951310470275091,0.));
#8033=DIRECTION('',(0.,0.,-1.));
#8034=DIRECTION('',(-1.,0.,0.));
#8035=DIRECTION('',(1.,-1.22464679914735E-16,0.));
#8036=DIRECTION('',(0.,0.,-1.));
#8037=DIRECTION('',(-1.,0.,0.));
#8038=DIRECTION('',(0.907558958000373,0.419924681048015,0.));
#8039=DIRECTION('',(0.,0.,-1.));
#8040=DIRECTION('',(-1.,0.,0.));
#8041=DIRECTION('',(0.907558958000373,0.419924681048015,0.));
#8042=DIRECTION('',(0.,0.,-1.));
#8043=DIRECTION('',(-1.,0.,0.));
#8044=DIRECTION('',(-0.656743293754329,-0.754114212907246,0.));
#8045=DIRECTION('',(0.,0.,-1.));
#8046=DIRECTION('',(-1.,0.,0.));
#8047=DIRECTION('',(0.259052943278191,-0.965863123107465,0.));
#8048=DIRECTION('',(0.,0.,-1.));
#8049=DIRECTION('',(-1.,0.,0.));
#8050=DIRECTION('',(0.995464757734522,-0.0951310470275093,0.));
#8051=DIRECTION('',(0.,0.,-1.));
#8052=DIRECTION('',(-1.,0.,0.));
#8053=DIRECTION('',(0.937581467333021,-0.347765714402182,0.));
#8054=DIRECTION('',(0.,0.,-1.));
#8055=DIRECTION('',(-1.,0.,0.));
#8056=DIRECTION('',(0.908569742658474,0.417733195623133,0.));
#8057=DIRECTION('',(0.,0.,-1.));
#8058=DIRECTION('',(-1.,0.,0.));
#8059=DIRECTION('',(0.809421856851046,0.587227602937571,0.));
#8060=DIRECTION('',(0.,0.,-1.));
#8061=DIRECTION('',(-1.,0.,0.));
#8062=DIRECTION('',(0.504798223417075,0.863237368071474,0.));
#8063=DIRECTION('',(0.,0.,-1.));
#8064=DIRECTION('',(-1.,0.,0.));
#8065=DIRECTION('',(0.812623706762221,0.582788736342791,0.));
#8066=DIRECTION('',(0.,0.,-1.));
#8067=DIRECTION('',(-1.,0.,0.));
#8068=DIRECTION('',(0.924016840579264,0.382351773012647,0.));
#8069=DIRECTION('',(0.,0.,-1.));
#8070=DIRECTION('',(-1.,0.,0.));
#8071=DIRECTION('',(-0.7889904491987,0.614405461461105,0.));
#8072=DIRECTION('',(0.,0.,-1.));
#8073=DIRECTION('',(-1.,0.,0.));
#8074=DIRECTION('',(0.987471336239882,-0.157798479411627,0.));
#8075=DIRECTION('',(0.,0.,-1.));
#8076=DIRECTION('',(-1.,0.,0.));
#8077=DIRECTION('',(0.,0.,-1.));
#8078=DIRECTION('',(-1.,0.,0.));
#8079=DIRECTION('',(0.,0.,-1.));
#8080=DIRECTION('',(-1.,0.,0.));
#8081=DIRECTION('',(0.885397852883427,-0.464833994141369,0.));
#8082=DIRECTION('',(0.,0.,-1.));
#8083=DIRECTION('',(-1.,0.,0.));
#8084=DIRECTION('',(0.963853969849352,-0.266431088286716,0.));
#8085=DIRECTION('',(0.,0.,-1.));
#8086=DIRECTION('',(-1.,0.,0.));
#8087=DIRECTION('',(1.,0.,0.));
#8088=DIRECTION('',(0.,0.,-1.));
#8089=DIRECTION('',(-1.,0.,0.));
#8090=DIRECTION('',(0.,0.,-1.));
#8091=DIRECTION('',(-1.,0.,0.));
#8092=DIRECTION('',(0.934571057714767,0.355776528289742,0.));
#8093=DIRECTION('',(0.,0.,-1.));
#8094=DIRECTION('',(-1.,0.,0.));
#8095=DIRECTION('',(0.987471336239882,-0.157798479411627,0.));
#8096=DIRECTION('',(0.,0.,-1.));
#8097=DIRECTION('',(-1.,0.,0.));
#8098=DIRECTION('',(-0.989297408390546,-0.145913117133962,0.));
#8099=DIRECTION('',(0.,0.,-1.));
#8100=DIRECTION('',(-1.,0.,0.));
#8101=DIRECTION('',(-0.697324029477709,-0.716756023980944,0.));
#8102=DIRECTION('',(0.,0.,-1.));
#8103=DIRECTION('',(-1.,0.,0.));
#8104=DIRECTION('',(0.,-1.,0.));
#8105=DIRECTION('',(0.,0.,-1.));
#8106=DIRECTION('',(-1.,0.,0.));
#8107=DIRECTION('',(0.963853969849352,-0.266431088286717,0.));
#8108=DIRECTION('',(0.,0.,-1.));
#8109=DIRECTION('',(-1.,0.,0.));
#8110=DIRECTION('',(0.996838822289612,0.0794503768163454,0.));
#8111=DIRECTION('',(0.,0.,-1.));
#8112=DIRECTION('',(-1.,0.,0.));
#8113=DIRECTION('',(0.,1.,0.));
#8114=DIRECTION('',(0.,0.,-1.));
#8115=DIRECTION('',(-1.,0.,0.));
#8116=DIRECTION('',(0.,0.,-1.));
#8117=DIRECTION('',(-1.,0.,0.));
#8118=DIRECTION('',(0.,0.,-1.));
#8119=DIRECTION('',(-1.,0.,0.));
#8120=DIRECTION('',(0.,0.,-1.));
#8121=DIRECTION('',(-1.,0.,0.));
#8122=DIRECTION('',(0.,-1.,0.));
#8123=DIRECTION('',(0.,0.,-1.));
#8124=DIRECTION('',(-1.,0.,0.));
#8125=DIRECTION('',(-0.962449741476636,-0.271459932829057,0.));
#8126=DIRECTION('',(-0.624076181680703,-0.781363500208984,0.));
#8127=DIRECTION('',(0.,0.,-1.));
#8128=DIRECTION('',(-1.,0.,0.));
#8129=DIRECTION('',(-0.897448582618629,0.441119078657695,0.));
#8130=DIRECTION('',(0.,0.,-1.));
#8131=DIRECTION('',(-1.,0.,0.));
#8132=DIRECTION('',(-0.985307987950749,0.170786910740979,0.));
#8133=DIRECTION('',(0.,0.,-1.));
#8134=DIRECTION('',(-1.,0.,0.));
#8135=DIRECTION('',(-0.977668425976629,-0.210153393616139,0.));
#8136=DIRECTION('',(0.,0.,-1.));
#8137=DIRECTION('',(-1.,0.,0.));
#8138=DIRECTION('',(0.,-1.,0.));
#8139=DIRECTION('',(0.,0.,-1.));
#8140=DIRECTION('',(-1.,0.,0.));
#8141=DIRECTION('',(0.,0.,-1.));
#8142=DIRECTION('',(-1.,0.,0.));
#8143=DIRECTION('',(0.753772834314022,-0.657135080672312,0.));
#8144=DIRECTION('',(0.,0.,-1.));
#8145=DIRECTION('',(-1.,0.,0.));
#8146=DIRECTION('',(-0.847998035823416,-0.529999369093614,0.));
#8147=DIRECTION('',(0.,0.,-1.));
#8148=DIRECTION('',(-1.,0.,0.));
#8149=DIRECTION('',(0.,0.,-1.));
#8150=DIRECTION('',(-1.,0.,0.));
#8151=DIRECTION('',(0.,0.,-1.));
#8152=DIRECTION('',(-1.,0.,0.));
#8153=DIRECTION('',(0.587512426992614,0.809215143289625,0.));
#8154=DIRECTION('',(0.,0.,-1.));
#8155=DIRECTION('',(-1.,0.,0.));
#8156=DIRECTION('',(0.379466623813308,0.925205426600887,0.));
#8157=DIRECTION('',(0.,0.,-1.));
#8158=DIRECTION('',(-1.,0.,0.));
#8159=DIRECTION('',(0.809421856851046,0.587227602937571,0.));
#8160=DIRECTION('',(0.,0.,-1.));
#8161=DIRECTION('',(-1.,0.,0.));
#8162=DIRECTION('',(-0.436722625313266,-0.899596214164716,0.));
#8163=DIRECTION('',(0.,0.,-1.));
#8164=DIRECTION('',(-1.,0.,0.));
#8165=DIRECTION('',(0.,-1.,0.));
#8166=DIRECTION('',(0.,0.,-1.));
#8167=DIRECTION('',(-1.,0.,0.));
#8168=DIRECTION('',(0.753772834314022,-0.657135080672312,0.));
#8169=DIRECTION('',(0.,0.,-1.));
#8170=DIRECTION('',(-1.,0.,0.));
#8171=DIRECTION('',(1.,0.,0.));
#8172=DIRECTION('',(0.280000243385639,0.959999929012489,0.));
#8173=DIRECTION('',(0.,0.,-1.));
#8174=DIRECTION('',(-1.,0.,0.));
#8175=DIRECTION('',(-0.35362236187682,0.935388275092573,0.));
#8176=DIRECTION('',(0.,0.,-1.));
#8177=DIRECTION('',(-1.,0.,0.));
#8178=DIRECTION('',(-0.624076181680703,-0.781363500208984,0.));
#8179=DIRECTION('',(0.,0.,-1.));
#8180=DIRECTION('',(-1.,0.,0.));
#8181=DIRECTION('',(-0.845972699121394,-0.533226211228653,0.));
#8182=DIRECTION('',(0.,0.,-1.));
#8183=DIRECTION('',(-1.,0.,0.));
#8184=DIRECTION('',(-0.398782390945288,-0.917045584838595,0.));
#8185=DIRECTION('',(0.048591161188414,-0.998818751853589,0.));
#8186=DIRECTION('',(-0.285619809015346,-0.958343009938528,0.));
#8187=DIRECTION('',(0.327772774587465,-0.94475658676679,0.));
#8188=DIRECTION('',(0.557186933829319,0.830387090921989,0.));
#8189=DIRECTION('',(-0.557186933829319,0.830387090921989,0.));
#8190=DIRECTION('',(-0.327772774587465,-0.94475658676679,0.));
#8191=DIRECTION('',(0.285619809015346,-0.958343009938528,0.));
#8192=DIRECTION('',(-0.0485911611884141,-0.998818751853589,0.));
#8193=DIRECTION('',(0.398782390945287,-0.917045584838595,0.));
#8194=DIRECTION('',(0.,0.,-1.));
#8195=DIRECTION('',(-1.,0.,0.));
#8196=DIRECTION('',(0.,1.,0.));
#8197=DIRECTION('',(0.,0.,-1.));
#8198=DIRECTION('',(-1.,0.,0.));
#8199=DIRECTION('',(0.7889904491987,0.614405461461105,0.));
#8200=DIRECTION('',(0.,0.,-1.));
#8201=DIRECTION('',(-1.,0.,0.));
#8202=DIRECTION('',(0.697324029477709,-0.716756023980944,0.));
#8203=DIRECTION('',(0.,0.,-1.));
#8204=DIRECTION('',(-1.,0.,0.));
#8205=DIRECTION('',(0.,-1.,0.));
#8206=DIRECTION('',(0.,0.,-1.));
#8207=DIRECTION('',(-1.,0.,0.));
#8208=DIRECTION('',(0.,0.,-1.));
#8209=DIRECTION('',(-1.,0.,0.));
#8210=DIRECTION('',(0.,0.,-1.));
#8211=DIRECTION('',(-1.,0.,0.));
#8212=DIRECTION('',(0.,0.,-1.));
#8213=DIRECTION('',(-1.,0.,0.));
#8214=DIRECTION('',(-0.963853969849352,-0.266431088286717,0.));
#8215=DIRECTION('',(0.,0.,-1.));
#8216=DIRECTION('',(-1.,0.,0.));
#8217=DIRECTION('',(0.,-1.,0.));
#8218=DIRECTION('',(0.,0.,-1.));
#8219=DIRECTION('',(-1.,0.,0.));
#8220=DIRECTION('',(0.,0.,-1.));
#8221=DIRECTION('',(-1.,0.,0.));
#8222=DIRECTION('',(0.,0.,-1.));
#8223=DIRECTION('',(-1.,0.,0.));
#8224=DIRECTION('',(0.,0.,-1.));
#8225=DIRECTION('',(-1.,0.,0.));
#8226=DIRECTION('',(0.,0.,-1.));
#8227=DIRECTION('',(-1.,0.,0.));
#8228=DIRECTION('',(0.,0.,-1.));
#8229=DIRECTION('',(-1.,0.,0.));
#8230=DIRECTION('',(0.,-1.,0.));
#8231=DIRECTION('',(0.,0.,-1.));
#8232=DIRECTION('',(-1.,0.,0.));
#8233=DIRECTION('',(0.963853969849352,-0.266431088286717,0.));
#8234=DIRECTION('',(0.,0.,-1.));
#8235=DIRECTION('',(-1.,0.,0.));
#8236=DIRECTION('',(0.,0.,-1.));
#8237=DIRECTION('',(-1.,0.,0.));
#8238=DIRECTION('',(0.,0.,-1.));
#8239=DIRECTION('',(-1.,0.,0.));
#8240=DIRECTION('',(0.,0.,-1.));
#8241=DIRECTION('',(-1.,0.,0.));
#8242=DIRECTION('',(0.,-1.,0.));
#8243=DIRECTION('',(0.,0.,-1.));
#8244=DIRECTION('',(-1.,0.,0.));
#8245=DIRECTION('',(-0.697324029477709,-0.716756023980944,0.));
#8246=DIRECTION('',(0.,0.,-1.));
#8247=DIRECTION('',(-1.,0.,0.));
#8248=DIRECTION('',(-0.7889904491987,0.614405461461105,0.));
#8249=DIRECTION('',(0.,0.,-1.));
#8250=DIRECTION('',(-1.,0.,0.));
#8251=DIRECTION('',(0.,1.,0.));
#8252=DIRECTION('',(0.,0.,-1.));
#8253=DIRECTION('',(-1.,0.,0.));
#8254=DIRECTION('',(0.,0.,-1.));
#8255=DIRECTION('',(-1.,0.,0.));
#8256=DIRECTION('',(0.,0.,-1.));
#8257=DIRECTION('',(-1.,0.,0.));
#8258=DIRECTION('',(0.,0.,-1.));
#8259=DIRECTION('',(-1.,0.,0.));
#8260=DIRECTION('',(0.,0.,-1.));
#8261=DIRECTION('',(-1.,0.,0.));
#8262=DIRECTION('',(0.,0.,-1.));
#8263=DIRECTION('',(-1.,0.,0.));
#8264=DIRECTION('',(0.,0.,-1.));
#8265=DIRECTION('',(-1.,0.,0.));
#8266=DIRECTION('',(0.,0.,-1.));
#8267=DIRECTION('',(-1.,0.,0.));
#8268=DIRECTION('',(-0.995464757734522,-0.0951310470275091,0.));
#8269=DIRECTION('',(0.,0.,-1.));
#8270=DIRECTION('',(-1.,0.,0.));
#8271=DIRECTION('',(0.,0.,-1.));
#8272=DIRECTION('',(-1.,0.,0.));
#8273=DIRECTION('',(0.,0.,-1.));
#8274=DIRECTION('',(-1.,0.,0.));
#8275=DIRECTION('',(0.,0.,1.));
#8276=DIRECTION('',(1.,0.,0.));
#8277=DIRECTION('',(0.,0.,1.));
#8278=DIRECTION('',(1.,0.,0.));
#8279=DIRECTION('',(0.,0.,1.));
#8280=DIRECTION('',(1.,0.,0.));
#8281=DIRECTION('',(0.,0.,1.));
#8282=DIRECTION('',(1.,0.,0.));
#8283=DIRECTION('',(0.995464757734522,0.0951310470275091,0.));
#8284=DIRECTION('',(0.,0.,1.));
#8285=DIRECTION('',(1.,0.,0.));
#8286=DIRECTION('',(0.,0.,1.));
#8287=DIRECTION('',(1.,0.,0.));
#8288=DIRECTION('',(0.,0.,1.));
#8289=DIRECTION('',(1.,0.,0.));
#8290=DIRECTION('',(0.,0.,1.));
#8291=DIRECTION('',(1.,0.,0.));
#8292=DIRECTION('',(0.,0.,1.));
#8293=DIRECTION('',(1.,0.,0.));
#8294=DIRECTION('',(-0.963853969849352,0.266431088286717,0.));
#8295=DIRECTION('',(0.,0.,1.));
#8296=DIRECTION('',(1.,0.,0.));
#8297=DIRECTION('',(0.,1.,0.));
#8298=DIRECTION('',(0.,0.,1.));
#8299=DIRECTION('',(1.,0.,0.));
#8300=DIRECTION('',(0.,0.,1.));
#8301=DIRECTION('',(1.,0.,0.));
#8302=DIRECTION('',(0.,0.,1.));
#8303=DIRECTION('',(1.,0.,0.));
#8304=DIRECTION('',(0.,0.,1.));
#8305=DIRECTION('',(1.,0.,0.));
#8306=DIRECTION('',(0.,0.,1.));
#8307=DIRECTION('',(1.,0.,0.));
#8308=DIRECTION('',(0.,0.,1.));
#8309=DIRECTION('',(1.,0.,0.));
#8310=DIRECTION('',(0.,-1.,0.));
#8311=DIRECTION('',(0.,0.,1.));
#8312=DIRECTION('',(1.,0.,0.));
#8313=DIRECTION('',(0.7889904491987,-0.614405461461105,0.));
#8314=DIRECTION('',(0.,0.,1.));
#8315=DIRECTION('',(1.,0.,0.));
#8316=DIRECTION('',(0.697324029477709,0.716756023980944,0.));
#8317=DIRECTION('',(0.,0.,1.));
#8318=DIRECTION('',(1.,0.,0.));
#8319=DIRECTION('',(0.,1.,0.));
#8320=DIRECTION('',(0.,0.,1.));
#8321=DIRECTION('',(1.,0.,0.));
#8322=DIRECTION('',(0.,0.,1.));
#8323=DIRECTION('',(1.,0.,0.));
#8324=DIRECTION('',(0.,1.,0.));
#8325=DIRECTION('',(0.,0.,1.));
#8326=DIRECTION('',(1.,0.,0.));
#8327=DIRECTION('',(-0.697324029477709,0.716756023980944,0.));
#8328=DIRECTION('',(0.,0.,1.));
#8329=DIRECTION('',(1.,0.,0.));
#8330=DIRECTION('',(-0.7889904491987,-0.614405461461105,0.));
#8331=DIRECTION('',(0.,0.,1.));
#8332=DIRECTION('',(1.,0.,0.));
#8333=DIRECTION('',(0.,-1.,0.));
#8334=DIRECTION('',(0.,0.,1.));
#8335=DIRECTION('',(1.,0.,0.));
#8336=DIRECTION('',(0.,0.,1.));
#8337=DIRECTION('',(1.,0.,0.));
#8338=DIRECTION('',(0.,0.,1.));
#8339=DIRECTION('',(1.,0.,0.));
#8340=DIRECTION('',(0.,0.,1.));
#8341=DIRECTION('',(1.,0.,0.));
#8342=DIRECTION('',(0.,0.,1.));
#8343=DIRECTION('',(1.,0.,0.));
#8344=DIRECTION('',(0.,0.,1.));
#8345=DIRECTION('',(1.,0.,0.));
#8346=DIRECTION('',(0.,1.,0.));
#8347=DIRECTION('',(0.,0.,1.));
#8348=DIRECTION('',(1.,0.,0.));
#8349=DIRECTION('',(0.963853969849352,0.266431088286717,0.));
#8350=DIRECTION('',(0.,0.,1.));
#8351=DIRECTION('',(1.,0.,0.));
#8352=DIRECTION('',(0.,0.,1.));
#8353=DIRECTION('',(1.,0.,0.));
#8354=DIRECTION('',(0.,0.,1.));
#8355=DIRECTION('',(1.,0.,0.));
#8356=DIRECTION('',(0.,0.,1.));
#8357=DIRECTION('',(1.,0.,0.));
#8358=DIRECTION('',(0.,0.,1.));
#8359=DIRECTION('',(1.,0.,0.));
#8360=DIRECTION('',(-0.280000243385639,-0.959999929012489,0.));
#8361=DIRECTION('',(0.,0.,1.));
#8362=DIRECTION('',(1.,0.,0.));
#8363=DIRECTION('',(0.845972699121394,0.533226211228653,0.));
#8364=DIRECTION('',(0.,0.,1.));
#8365=DIRECTION('',(1.,0.,0.));
#8366=DIRECTION('',(0.624076181680703,0.781363500208984,0.));
#8367=DIRECTION('',(0.,0.,1.));
#8368=DIRECTION('',(1.,0.,0.));
#8369=DIRECTION('',(0.35362236187682,-0.935388275092573,0.));
#8370=DIRECTION('',(0.,0.,1.));
#8371=DIRECTION('',(1.,0.,0.));
#8372=DIRECTION('',(0.,0.,1.));
#8373=DIRECTION('',(1.,0.,0.));
#8374=DIRECTION('',(-1.,0.,0.));
#8375=DIRECTION('',(0.,0.,1.));
#8376=DIRECTION('',(1.,0.,0.));
#8377=DIRECTION('',(-0.753772834314022,0.657135080672312,0.));
#8378=DIRECTION('',(0.,0.,1.));
#8379=DIRECTION('',(1.,0.,0.));
#8380=DIRECTION('',(0.,1.,0.));
#8381=DIRECTION('',(0.,0.,1.));
#8382=DIRECTION('',(1.,0.,0.));
#8383=DIRECTION('',(0.436722625313266,0.899596214164716,0.));
#8384=DIRECTION('',(0.,0.,1.));
#8385=DIRECTION('',(1.,0.,0.));
#8386=DIRECTION('',(-0.809421856851046,-0.587227602937571,0.));
#8387=DIRECTION('',(0.,0.,1.));
#8388=DIRECTION('',(1.,0.,0.));
#8389=DIRECTION('',(-0.379466623813308,-0.925205426600887,0.));
#8390=DIRECTION('',(0.,0.,1.));
#8391=DIRECTION('',(1.,0.,0.));
#8392=DIRECTION('',(-0.587512426992614,-0.809215143289625,0.));
#8393=DIRECTION('',(0.,0.,1.));
#8394=DIRECTION('',(1.,0.,0.));
#8395=DIRECTION('',(0.624076181680703,0.781363500208984,0.));
#8396=DIRECTION('',(0.,0.,1.));
#8397=DIRECTION('',(1.,0.,0.));
#8398=DIRECTION('',(0.847998035823416,0.529999369093614,0.));
#8399=DIRECTION('',(0.,0.,1.));
#8400=DIRECTION('',(1.,0.,0.));
#8401=DIRECTION('',(-0.753772834314022,0.657135080672312,0.));
#8402=DIRECTION('',(0.,0.,1.));
#8403=DIRECTION('',(1.,0.,0.));
#8404=DIRECTION('',(0.,0.,1.));
#8405=DIRECTION('',(1.,0.,0.));
#8406=DIRECTION('',(0.,1.,0.));
#8407=DIRECTION('',(0.,0.,1.));
#8408=DIRECTION('',(1.,0.,0.));
#8409=DIRECTION('',(0.977668425976629,0.210153393616139,0.));
#8410=DIRECTION('',(0.,0.,1.));
#8411=DIRECTION('',(1.,0.,0.));
#8412=DIRECTION('',(0.985307987950749,-0.170786910740979,0.));
#8413=DIRECTION('',(0.,0.,1.));
#8414=DIRECTION('',(1.,0.,0.));
#8415=DIRECTION('',(0.897448582618629,-0.441119078657695,0.));
#8416=DIRECTION('',(0.,-1.,0.));
#8417=DIRECTION('',(0.,0.,1.));
#8418=DIRECTION('',(1.,0.,0.));
#8419=DIRECTION('',(0.962449741476636,0.271459932829057,0.));
#8420=DIRECTION('',(0.,0.,1.));
#8421=DIRECTION('',(1.,0.,0.));
#8422=DIRECTION('',(0.,1.,0.));
#8423=DIRECTION('',(0.,0.,1.));
#8424=DIRECTION('',(1.,0.,0.));
#8425=DIRECTION('',(0.,0.,1.));
#8426=DIRECTION('',(1.,0.,0.));
#8427=DIRECTION('',(0.,0.,1.));
#8428=DIRECTION('',(1.,0.,0.));
#8429=DIRECTION('',(0.,0.,1.));
#8430=DIRECTION('',(1.,0.,0.));
#8431=DIRECTION('',(-0.934571057714767,-0.355776528289742,0.));
#8432=DIRECTION('',(0.,0.,1.));
#8433=DIRECTION('',(1.,0.,0.));
#8434=DIRECTION('',(-0.996838822289612,-0.0794503768163454,0.));
#8435=DIRECTION('',(0.,0.,1.));
#8436=DIRECTION('',(1.,0.,0.));
#8437=DIRECTION('',(-0.963853969849352,0.266431088286717,0.));
#8438=DIRECTION('',(0.,0.,1.));
#8439=DIRECTION('',(1.,0.,0.));
#8440=DIRECTION('',(0.,1.,0.));
#8441=DIRECTION('',(0.,0.,1.));
#8442=DIRECTION('',(1.,0.,0.));
#8443=DIRECTION('',(0.697324029477709,0.716756023980944,0.));
#8444=DIRECTION('',(0.,0.,1.));
#8445=DIRECTION('',(1.,0.,0.));
#8446=DIRECTION('',(0.989297408390546,0.145913117133962,0.));
#8447=DIRECTION('',(0.,0.,1.));
#8448=DIRECTION('',(1.,0.,0.));
#8449=DIRECTION('',(-0.987471336239882,0.157798479411627,0.));
#8450=DIRECTION('',(0.,0.,1.));
#8451=DIRECTION('',(1.,0.,0.));
#8452=DIRECTION('',(0.,0.,1.));
#8453=DIRECTION('',(1.,0.,0.));
#8454=DIRECTION('',(0.7889904491987,-0.614405461461105,0.));
#8455=DIRECTION('',(0.,0.,1.));
#8456=DIRECTION('',(1.,0.,0.));
#8457=DIRECTION('',(-1.,0.,0.));
#8458=DIRECTION('',(0.,0.,1.));
#8459=DIRECTION('',(1.,0.,0.));
#8460=DIRECTION('',(-0.963853969849352,0.266431088286716,0.));
#8461=DIRECTION('',(0.,0.,1.));
#8462=DIRECTION('',(1.,0.,0.));
#8463=DIRECTION('',(-0.885397852883427,0.464833994141369,0.));
#8464=DIRECTION('',(0.,0.,1.));
#8465=DIRECTION('',(1.,0.,0.));
#8466=DIRECTION('',(0.,0.,1.));
#8467=DIRECTION('',(1.,0.,0.));
#8468=DIRECTION('',(0.,0.,1.));
#8469=DIRECTION('',(1.,0.,0.));
#8470=DIRECTION('',(-0.987471336239882,0.157798479411627,0.));
#8471=DIRECTION('',(0.,0.,1.));
#8472=DIRECTION('',(1.,0.,0.));
#8473=DIRECTION('',(-0.907558958000373,-0.419924681048015,0.));
#8474=DIRECTION('',(0.,0.,1.));
#8475=DIRECTION('',(1.,0.,0.));
#8476=DIRECTION('',(-0.924016840579264,-0.382351773012647,0.));
#8477=DIRECTION('',(0.,0.,1.));
#8478=DIRECTION('',(1.,0.,0.));
#8479=DIRECTION('',(-0.812623706762221,-0.582788736342791,0.));
#8480=DIRECTION('',(0.,0.,1.));
#8481=DIRECTION('',(1.,0.,0.));
#8482=DIRECTION('',(-0.504798223417075,-0.863237368071474,0.));
#8483=DIRECTION('',(0.,0.,1.));
#8484=DIRECTION('',(1.,0.,0.));
#8485=DIRECTION('',(-0.809421856851046,-0.587227602937571,0.));
#8486=DIRECTION('',(0.,0.,1.));
#8487=DIRECTION('',(1.,0.,0.));
#8488=DIRECTION('',(-0.908569742658474,-0.417733195623133,0.));
#8489=DIRECTION('',(0.,0.,1.));
#8490=DIRECTION('',(1.,0.,0.));
#8491=DIRECTION('',(-0.937581467333021,0.347765714402182,0.));
#8492=DIRECTION('',(0.,0.,1.));
#8493=DIRECTION('',(1.,0.,0.));
#8494=DIRECTION('',(-0.995464757734522,0.0951310470275093,0.));
#8495=DIRECTION('',(0.,0.,1.));
#8496=DIRECTION('',(1.,0.,0.));
#8497=DIRECTION('',(-0.259052943278191,0.965863123107465,0.));
#8498=DIRECTION('',(0.,0.,1.));
#8499=DIRECTION('',(1.,0.,0.));
#8500=DIRECTION('',(0.656743293754329,0.754114212907246,0.));
#8501=DIRECTION('',(0.,0.,1.));
#8502=DIRECTION('',(1.,0.,0.));
#8503=DIRECTION('',(-0.924016840579264,-0.382351773012647,0.));
#8504=DIRECTION('',(0.,0.,1.));
#8505=DIRECTION('',(1.,0.,0.));
#8506=DIRECTION('',(-0.907558958000373,-0.419924681048015,0.));
#8507=DIRECTION('',(0.,0.,1.));
#8508=DIRECTION('',(1.,0.,0.));
#8509=DIRECTION('',(-1.,1.22464679914735E-16,0.));
#8510=DIRECTION('',(0.,0.,1.));
#8511=DIRECTION('',(1.,0.,0.));
#8512=DIRECTION('',(-0.995464757734522,0.0951310470275091,0.));
#8513=DIRECTION('',(0.,0.,1.));
#8514=DIRECTION('',(1.,0.,0.));
#8515=DIRECTION('',(-0.660758574372738,0.750598498794733,0.));
#8516=DIRECTION('',(0.,0.,1.));
#8517=DIRECTION('',(1.,0.,0.));
#8518=DIRECTION('',(0.85500947706951,0.518612373667775,0.));
#8519=DIRECTION('',(0.,0.,1.));
#8520=DIRECTION('',(1.,0.,0.));
#8521=DIRECTION('',(-0.934571057714767,-0.355776528289742,0.));
#8522=DIRECTION('',(0.,0.,1.));
#8523=DIRECTION('',(1.,0.,0.));
#8524=DIRECTION('',(0.,0.,1.));
#8525=DIRECTION('',(1.,0.,0.));
#8526=DIRECTION('',(0.,0.,1.));
#8527=DIRECTION('',(1.,0.,0.));
#8528=DIRECTION('',(0.995464757734522,0.0951310470275093,0.));
#8529=DIRECTION('',(0.,0.,1.));
#8530=DIRECTION('',(1.,0.,0.));
#8531=DIRECTION('',(0.937581467333021,0.347765714402182,0.));
#8532=DIRECTION('',(0.,0.,1.));
#8533=DIRECTION('',(1.,0.,0.));
#8534=DIRECTION('',(0.908569742658474,-0.417733195623133,0.));
#8535=DIRECTION('',(0.,0.,1.));
#8536=DIRECTION('',(1.,0.,0.));
#8537=DIRECTION('',(0.809421856851046,-0.587227602937571,0.));
#8538=DIRECTION('',(0.,0.,1.));
#8539=DIRECTION('',(1.,0.,0.));
#8540=DIRECTION('',(0.504798223417075,-0.863237368071474,0.));
#8541=DIRECTION('',(0.,0.,1.));
#8542=DIRECTION('',(1.,0.,0.));
#8543=DIRECTION('',(0.812623706762221,-0.582788736342791,0.));
#8544=DIRECTION('',(0.,0.,1.));
#8545=DIRECTION('',(1.,0.,0.));
#8546=DIRECTION('',(0.924016840579264,-0.382351773012648,0.));
#8547=DIRECTION('',(0.,0.,1.));
#8548=DIRECTION('',(1.,0.,0.));
#8549=DIRECTION('',(0.907558958000373,-0.419924681048015,0.));
#8550=DIRECTION('',(0.,0.,1.));
#8551=DIRECTION('',(1.,0.,0.));
#8552=DIRECTION('',(-0.656743293754328,0.754114212907247,0.));
#8553=DIRECTION('',(0.,0.,1.));
#8554=DIRECTION('',(1.,0.,0.));
#8555=DIRECTION('',(0.259052943278191,0.965863123107465,0.));
#8556=DIRECTION('',(0.809421856851046,-0.587227602937571,0.));
#8557=DIRECTION('',(0.,0.,1.));
#8558=DIRECTION('',(1.,0.,0.));
#8559=DIRECTION('',(-0.436722625313266,0.899596214164715,0.));
#8560=DIRECTION('',(0.,0.,1.));
#8561=DIRECTION('',(1.,0.,0.));
#8562=DIRECTION('',(0.,1.,0.));
#8563=DIRECTION('',(0.,0.,1.));
#8564=DIRECTION('',(1.,0.,0.));
#8565=DIRECTION('',(0.753772834314022,0.657135080672312,0.));
#8566=DIRECTION('',(0.,0.,1.));
#8567=DIRECTION('',(1.,0.,0.));
#8568=DIRECTION('',(1.,-1.92159787588384E-15,0.));
#8569=DIRECTION('',(0.,0.,1.));
#8570=DIRECTION('',(1.,0.,0.));
#8571=DIRECTION('',(0.,0.,1.));
#8572=DIRECTION('',(1.,0.,0.));
#8573=DIRECTION('',(0.587512426992614,-0.809215143289625,0.));
#8574=DIRECTION('',(0.,0.,1.));
#8575=DIRECTION('',(1.,0.,0.));
#8576=DIRECTION('',(0.379466623813308,-0.925205426600887,0.));
#8577=DIRECTION('',(0.,0.,1.));
#8578=DIRECTION('',(1.,0.,0.));
#8579=DIRECTION('',(0.,0.,1.));
#8580=DIRECTION('',(1.,0.,0.));
#8581=DIRECTION('',(0.995464757734522,0.0951310470275091,0.));
#8582=DIRECTION('',(0.,0.,1.));
#8583=DIRECTION('',(1.,0.,0.));
#8584=DIRECTION('',(1.,0.,0.));
#8585=DIRECTION('',(0.,0.,1.));
#8586=DIRECTION('',(1.,0.,0.));
#8587=DIRECTION('',(0.907558958000373,-0.419924681048015,0.));
#8588=DIRECTION('',(0.,0.,1.));
#8589=DIRECTION('',(1.,0.,0.));
#8590=DIRECTION('',(0.924016840579264,-0.382351773012648,0.));
#8591=DIRECTION('',(0.,0.,1.));
#8592=DIRECTION('',(1.,0.,0.));
#8593=DIRECTION('',(0.,0.,1.));
#8594=DIRECTION('',(1.,0.,0.));
#8595=DIRECTION('',(0.,0.,1.));
#8596=DIRECTION('',(1.,0.,0.));
#8597=DIRECTION('',(0.934571057714767,-0.355776528289743,0.));
#8598=DIRECTION('',(0.,0.,1.));
#8599=DIRECTION('',(1.,0.,0.));
#8600=DIRECTION('',(-0.85500947706951,0.518612373667775,0.));
#8601=DIRECTION('',(0.,0.,1.));
#8602=DIRECTION('',(1.,0.,0.));
#8603=DIRECTION('',(0.660758574372738,0.750598498794733,0.));
#8604=DIRECTION('',(0.,0.,1.));
#8605=DIRECTION('',(1.,0.,0.));
#8606=DIRECTION('',(-0.897448582618629,-0.441119078657695,0.));
#8607=DIRECTION('',(0.,0.,1.));
#8608=DIRECTION('',(1.,0.,0.));
#8609=DIRECTION('',(-0.985307987950749,-0.170786910740979,0.));
#8610=DIRECTION('',(0.,0.,1.));
#8611=DIRECTION('',(1.,0.,0.));
#8612=DIRECTION('',(-0.977668425976629,0.210153393616139,0.));
#8613=DIRECTION('',(0.,0.,1.));
#8614=DIRECTION('',(1.,0.,0.));
#8615=DIRECTION('',(0.,1.,0.));
#8616=DIRECTION('',(0.,0.,1.));
#8617=DIRECTION('',(1.,0.,0.));
#8618=DIRECTION('',(0.,0.,1.));
#8619=DIRECTION('',(1.,0.,0.));
#8620=DIRECTION('',(0.753772834314022,0.657135080672312,0.));
#8621=DIRECTION('',(0.,0.,1.));
#8622=DIRECTION('',(1.,0.,0.));
#8623=DIRECTION('',(-0.847998035823416,0.529999369093614,0.));
#8624=DIRECTION('',(0.,0.,1.));
#8625=DIRECTION('',(1.,0.,0.));
#8626=DIRECTION('',(-0.624076181680703,0.781363500208984,0.));
#8627=DIRECTION('',(0.,0.,1.));
#8628=DIRECTION('',(1.,0.,0.));
#8629=DIRECTION('',(-0.35362236187682,-0.935388275092573,0.));
#8630=DIRECTION('',(0.,0.,1.));
#8631=DIRECTION('',(1.,0.,0.));
#8632=DIRECTION('',(-0.624076181680703,0.781363500208984,0.));
#8633=DIRECTION('',(0.,0.,1.));
#8634=DIRECTION('',(1.,0.,0.));
#8635=DIRECTION('',(-0.845972699121393,0.533226211228655,0.));
#8636=DIRECTION('',(0.,0.,1.));
#8637=DIRECTION('',(1.,0.,0.));
#8638=DIRECTION('',(0.280000243385639,-0.959999929012489,0.));
#8639=DIRECTION('',(-0.412168073670364,0.911107830636342,0.));
#8640=DIRECTION('',(0.,0.,1.));
#8641=DIRECTION('',(1.,0.,0.));
#8642=DIRECTION('',(-0.048591161188414,0.998818751853589,0.));
#8643=DIRECTION('',(0.,0.,1.));
#8644=DIRECTION('',(1.,0.,0.));
#8645=DIRECTION('',(0.379466623813308,-0.925205426600887,0.));
#8646=DIRECTION('',(0.,0.,1.));
#8647=DIRECTION('',(1.,0.,0.));
#8648=DIRECTION('',(-9.32320278097868E-17,-1.,0.));
#8649=DIRECTION('',(0.,0.,1.));
#8650=DIRECTION('',(1.,0.,0.));
#8651=DIRECTION('',(-0.712103721202585,0.702074276874912,0.));
#8652=DIRECTION('',(0.,0.,1.));
#8653=DIRECTION('',(1.,0.,0.));
#8654=DIRECTION('',(0.,0.,1.));
#8655=DIRECTION('',(1.,0.,0.));
#8656=DIRECTION('',(0.963853969849352,0.266431088286716,0.));
#8657=DIRECTION('',(0.,0.,1.));
#8658=DIRECTION('',(1.,0.,0.));
#8659=DIRECTION('',(1.,0.,0.));
#8660=DIRECTION('',(0.,0.,1.));
#8661=DIRECTION('',(1.,0.,0.));
#8662=DIRECTION('',(-0.7889904491987,-0.614405461461105,0.));
#8663=DIRECTION('',(0.,0.,1.));
#8664=DIRECTION('',(1.,0.,0.));
#8665=DIRECTION('',(0.987471336239882,0.157798479411627,0.));
#8666=DIRECTION('',(0.,0.,1.));
#8667=DIRECTION('',(1.,0.,0.));
#8668=DIRECTION('',(0.,0.,1.));
#8669=DIRECTION('',(1.,0.,0.));
#8670=DIRECTION('',(0.,0.,1.));
#8671=DIRECTION('',(1.,0.,0.));
#8672=DIRECTION('',(0.885397852883427,0.464833994141369,0.));
#8673=DIRECTION('',(2.08375192309526E-16,-1.,0.));
#8674=DIRECTION('',(-1.,0.,0.));
#8675=DIRECTION('',(2.08375192309526E-16,-1.,0.));
#8676=DIRECTION('',(-1.,0.,0.));
#8677=DIRECTION('',(0.,0.,1.));
#8678=DIRECTION('',(1.,0.,0.));
#8679=DIRECTION('',(-9.32320278097868E-17,-1.,0.));
#8680=DIRECTION('',(0.,0.,1.));
#8681=DIRECTION('',(1.,0.,0.));
#8682=DIRECTION('',(0.,0.,1.));
#8683=DIRECTION('',(1.,0.,0.));
#8684=DIRECTION('',(0.,0.,1.));
#8685=DIRECTION('',(1.,0.,0.));
#8686=DIRECTION('',(0.,0.,1.));
#8687=DIRECTION('',(1.,0.,0.));
#8688=DIRECTION('',(0.,1.,0.));
#8689=DIRECTION('',(0.,0.,1.));
#8690=DIRECTION('',(1.,0.,0.));
#8691=DIRECTION('',(-0.962449741476636,0.271459932829057,0.));
#8692=DIRECTION('',(0.,0.,1.));
#8693=DIRECTION('',(1.,0.,0.));
#8694=DIRECTION('',(-0.697324029477709,0.716756023980944,0.));
#8695=DIRECTION('',(0.,0.,1.));
#8696=DIRECTION('',(1.,0.,0.));
#8697=DIRECTION('',(0.,1.,0.));
#8698=DIRECTION('',(0.,0.,1.));
#8699=DIRECTION('',(1.,0.,0.));
#8700=DIRECTION('',(0.963853969849352,0.266431088286717,0.));
#8701=DIRECTION('',(0.,0.,1.));
#8702=DIRECTION('',(1.,0.,0.));
#8703=DIRECTION('',(0.996838822289612,-0.0794503768163458,0.));
#8704=DIRECTION('',(0.,0.,1.));
#8705=DIRECTION('',(1.,0.,0.));
#8706=DIRECTION('',(0.934571057714767,-0.355776528289743,0.));
#8707=DIRECTION('',(0.,0.,1.));
#8708=DIRECTION('',(1.,0.,0.));
#8709=DIRECTION('',(0.987471336239882,0.157798479411627,0.));
#8710=DIRECTION('',(0.,0.,1.));
#8711=DIRECTION('',(1.,0.,0.));
#8712=DIRECTION('',(-0.989297408390546,0.145913117133963,0.));
#8713=DIRECTION('',(0.,0.,1.));
#8714=DIRECTION('',(1.,0.,0.));
#8715=DIRECTION('',(0.412168073670365,0.911107830636342,0.));
#8716=DIRECTION('',(0.,0.,1.));
#8717=DIRECTION('',(1.,0.,0.));
#8718=DIRECTION('',(0.712103721202585,0.702074276874912,0.));
#8719=DIRECTION('',(0.,0.,1.));
#8720=DIRECTION('',(1.,0.,0.));
#8721=DIRECTION('',(0.,-1.,0.));
#8722=DIRECTION('',(0.,0.,1.));
#8723=DIRECTION('',(1.,0.,0.));
#8724=DIRECTION('',(-0.379466623813308,-0.925205426600887,0.));
#8725=DIRECTION('',(0.,0.,1.));
#8726=DIRECTION('',(1.,0.,0.));
#8727=DIRECTION('',(0.0485911611884141,0.998818751853589,0.));
#8728=DIRECTION('',(-0.048591161188414,0.998818751853589,0.));
#8729=DIRECTION('',(0.398782390945288,0.917045584838595,0.));
#8730=DIRECTION('',(-0.398782390945288,0.917045584838595,0.));
#8731=DIRECTION('',(0.0485911611884141,0.998818751853589,0.));
#8732=DIRECTION('',(-0.285619809015346,0.958343009938528,0.));
#8733=DIRECTION('',(0.327772774587465,0.94475658676679,0.));
#8734=DIRECTION('',(0.557186933829319,-0.830387090921989,0.));
#8735=DIRECTION('',(-0.557186933829319,-0.830387090921989,0.));
#8736=DIRECTION('',(-0.327772774587465,0.94475658676679,0.));
#8737=DIRECTION('',(0.285619809015346,0.958343009938528,0.));
#8738=DIRECTION('',(-0.384035153327177,0.923318472147596,0.));
#8739=DIRECTION('',(-0.341335352219646,0.939941581868304,0.));
#8740=DIRECTION('',(0.,0.,1.));
#8741=DIRECTION('',(1.,0.,0.));
#8742=DIRECTION('',(0.341335352219646,0.939941581868304,0.));
#8743=DIRECTION('',(0.384035153327177,0.923318472147596,0.));
#8744=DIRECTION('',(0.72373734893881,0.69007553916294,0.));
#8745=DIRECTION('',(0.254492641860449,-0.967074710267459,0.));
#8746=DIRECTION('',(-0.967074710267459,-0.254492641860449,0.));
#8747=DIRECTION('',(-0.908803164185971,-0.417225129595002,0.));
#8748=DIRECTION('',(-0.392365342026898,-0.919809457646591,0.));
#8749=DIRECTION('',(0.,0.,1.));
#8750=DIRECTION('',(1.,0.,0.));
#8751=DIRECTION('',(0.392365342026898,-0.919809457646591,0.));
#8752=DIRECTION('',(0.908803164185971,-0.417225129595002,0.));
#8753=DIRECTION('',(0.967074710267459,-0.254492641860449,0.));
#8754=DIRECTION('',(-0.254492641860449,-0.967074710267459,0.));
#8755=DIRECTION('',(-0.72373734893881,0.69007553916294,0.));
#8756=DIRECTION('',(0.,0.,1.));
#8757=DIRECTION('',(1.,0.,0.));
#8758=DIRECTION('',(0.,0.,1.));
#8759=DIRECTION('',(1.,0.,0.));
#8760=DIRECTION('',(-0.995464757734522,0.0951310470275092,0.));
#8761=DIRECTION('',(0.,0.,1.));
#8762=DIRECTION('',(1.,0.,0.));
#8763=DIRECTION('',(0.,0.,1.));
#8764=DIRECTION('',(1.,0.,0.));
#8765=DIRECTION('',(0.,0.,1.));
#8766=DIRECTION('',(1.,0.,0.));
#8767=DIRECTION('',(0.,0.,1.));
#8768=DIRECTION('',(1.,0.,0.));
#8769=DIRECTION('',(0.,0.,1.));
#8770=DIRECTION('',(1.,0.,0.));
#8771=DIRECTION('',(1.86029327182499E-16,-1.,0.));
#8772=DIRECTION('',(0.,0.,1.));
#8773=DIRECTION('',(1.,0.,0.));
#8774=DIRECTION('',(-1.,0.,0.));
#8775=DIRECTION('',(0.,0.,1.));
#8776=DIRECTION('',(1.,0.,0.));
#8777=DIRECTION('',(1.86029327182499E-16,-1.,0.));
#8778=DIRECTION('',(0.,0.,1.));
#8779=DIRECTION('',(1.,0.,0.));
#8780=DIRECTION('',(-1.,0.,0.));
#8781=DIRECTION('',(0.,0.,1.));
#8782=DIRECTION('',(1.,0.,0.));
#8783=DIRECTION('',(1.,0.,0.));
#8784=DIRECTION('',(0.,0.,1.));
#8785=DIRECTION('',(1.,0.,0.));
#8786=DIRECTION('',(-1.60251591314254E-16,1.,0.));
#8787=DIRECTION('',(0.,0.,1.));
#8788=DIRECTION('',(1.,0.,0.));
#8789=DIRECTION('',(1.,0.,0.));
#8790=DIRECTION('',(0.,0.,1.));
#8791=DIRECTION('',(1.,0.,0.));
#8792=DIRECTION('',(-1.60251591314254E-16,1.,0.));
#8793=DIRECTION('',(0.,0.,1.));
#8794=DIRECTION('',(1.,0.,0.));
#8795=DIRECTION('',(0.,1.,0.));
#8796=DIRECTION('',(0.,0.,1.));
#8797=DIRECTION('',(0.,0.,-1.));
#8798=DIRECTION('',(0.,0.,-1.));
#8799=DIRECTION('',(-1.,-1.60251591314254E-16,0.));
#8800=DIRECTION('',(1.60251591314254E-16,-1.,0.));
#8801=DIRECTION('',(0.,0.,-1.));
#8802=DIRECTION('',(0.,0.,-1.));
#8803=DIRECTION('',(0.,1.,0.));
#8804=DIRECTION('',(0.,0.,1.));
#8805=DIRECTION('',(0.,0.,-1.));
#8806=DIRECTION('',(0.,0.,-1.));
#8807=DIRECTION('',(-1.,-1.60251591314254E-16,0.));
#8808=DIRECTION('',(1.60251591314254E-16,-1.,0.));
#8809=DIRECTION('',(0.,0.,-1.));
#8810=DIRECTION('',(0.,0.,-1.));
#8811=DIRECTION('',(-1.,-2.08375192309526E-16,0.));
#8812=DIRECTION('',(2.08375192309526E-16,-1.,0.));
#8813=DIRECTION('',(0.,0.,-1.));
#8814=DIRECTION('',(0.,0.,-1.));
#8815=DIRECTION('',(-2.08375192309526E-16,1.,0.));
#8816=DIRECTION('',(0.,1.,0.));
#8817=DIRECTION('',(0.,0.,1.));
#8818=DIRECTION('',(0.,0.,-1.));
#8819=DIRECTION('',(1.,0.,0.));
#8820=DIRECTION('',(-1.,-2.08375192309526E-16,0.));
#8821=DIRECTION('',(2.08375192309526E-16,-1.,0.));
#8822=DIRECTION('',(0.,0.,-1.));
#8823=DIRECTION('',(-2.08375192309526E-16,1.,0.));
#8824=DIRECTION('',(-1.,-1.86029327182499E-16,0.));
#8825=DIRECTION('',(1.86029327182499E-16,-1.,0.));
#8826=DIRECTION('',(0.,0.,-1.));
#8827=DIRECTION('',(-1.86029327182499E-16,1.,0.));
#8828=DIRECTION('',(0.,0.,-1.));
#8829=DIRECTION('',(0.,1.,0.));
#8830=DIRECTION('',(0.,0.,1.));
#8831=DIRECTION('',(1.,0.,0.));
#8832=DIRECTION('',(0.,0.,-1.));
#8833=DIRECTION('',(0.,0.,-1.));
#8834=DIRECTION('',(-1.,-1.86029327182499E-16,0.));
#8835=DIRECTION('',(1.86029327182499E-16,-1.,0.));
#8836=DIRECTION('',(-1.86029327182499E-16,1.,0.));
#8837=DIRECTION('',(0.,0.,-1.));
#8838=DIRECTION('',(0.,0.,-1.));
#8839=DIRECTION('',(0.,1.,0.));
#8840=DIRECTION('',(0.,0.,1.));
#8841=DIRECTION('',(1.,0.,0.));
#8842=DIRECTION('',(0.,0.,-1.));
#8843=DIRECTION('',(0.,0.,-1.));
#8844=DIRECTION('',(0.,1.,0.));
#8845=DIRECTION('',(0.,0.,1.));
#8846=DIRECTION('',(1.,0.,0.));
#8847=DIRECTION('',(0.,0.,1.));
#8848=DIRECTION('',(1.,0.,0.));
#8849=DIRECTION('',(0.,0.,1.));
#8850=DIRECTION('',(1.,0.,0.));
#8851=DIRECTION('',(0.,0.,1.));
#8852=DIRECTION('',(1.,0.,0.));
#8853=DIRECTION('',(0.,0.,1.));
#8854=DIRECTION('',(1.,0.,0.));
#8855=DIRECTION('',(0.,0.,1.));
#8856=DIRECTION('',(1.,0.,0.));
#8857=DIRECTION('',(0.,0.,1.));
#8858=DIRECTION('',(1.,0.,0.));
#8859=DIRECTION('',(0.,0.,-1.));
#8860=DIRECTION('',(-1.,0.,0.));
#8861=DIRECTION('',(0.,0.,1.));
#8862=DIRECTION('',(1.,0.,0.));
#8863=DIRECTION('',(0.,0.,-1.));
#8864=DIRECTION('',(-1.,0.,0.));
#8865=DIRECTION('',(0.,0.,-1.));
#8866=DIRECTION('',(-1.,0.,0.));
#8867=DIRECTION('',(0.,0.,1.));
#8868=DIRECTION('',(1.,0.,0.));
#8869=DIRECTION('',(0.,0.,-1.));
#8870=DIRECTION('',(-1.,0.,0.));
#8871=DIRECTION('',(0.,0.,1.));
#8872=DIRECTION('',(1.,0.,0.));
#8873=DIRECTION('',(0.,0.,-1.));
#8874=DIRECTION('',(-1.,0.,0.));
#8875=DIRECTION('',(0.,0.,1.));
#8876=DIRECTION('',(0.,0.,-1.));
#8877=DIRECTION('',(-0.614405461461105,0.7889904491987,0.));
#8878=DIRECTION('',(-0.7889904491987,-0.614405461461105,0.));
#8879=DIRECTION('',(0.,0.,-1.));
#8880=DIRECTION('',(0.,0.,1.));
#8881=DIRECTION('',(0.,-1.,0.));
#8882=DIRECTION('',(0.,0.,-1.));
#8883=DIRECTION('',(0.,0.,1.));
#8884=DIRECTION('',(0.,0.,-1.));
#8885=DIRECTION('',(0.266431088286716,-0.963853969849352,0.));
#8886=DIRECTION('',(0.963853969849352,0.266431088286716,0.));
#8887=DIRECTION('',(0.,0.,1.));
#8888=DIRECTION('',(0.,0.,1.));
#8889=DIRECTION('',(0.464833994141368,-0.885397852883427,0.));
#8890=DIRECTION('',(0.885397852883427,0.464833994141369,0.));
#8891=DIRECTION('',(0.,0.,1.));
#8892=DIRECTION('',(0.,0.,1.));
#8893=DIRECTION('',(0.,0.,-1.));
#8894=DIRECTION('',(-1.,0.,0.));
#8895=DIRECTION('',(0.,0.,-1.));
#8896=DIRECTION('',(0.157798479411627,-0.987471336239882,0.));
#8897=DIRECTION('',(0.987471336239882,0.157798479411627,0.));
#8898=DIRECTION('',(0.,0.,1.));
#8899=DIRECTION('',(0.,0.,-1.));
#8900=DIRECTION('',(-1.,0.,0.));
#8901=DIRECTION('',(0.,0.,1.));
#8902=DIRECTION('',(1.,0.,0.));
#8903=DIRECTION('',(0.,0.,1.));
#8904=DIRECTION('',(1.,0.,0.));
#8905=DIRECTION('',(0.,0.,-1.));
#8906=DIRECTION('',(-1.,0.,0.));
#8907=DIRECTION('',(0.,0.,-1.));
#8908=DIRECTION('',(-1.,0.,0.));
#8909=DIRECTION('',(-1.,9.32320278097868E-17,0.));
#8910=DIRECTION('',(-9.32320278097868E-17,-1.,0.));
#8911=DIRECTION('',(0.,0.,1.));
#8912=DIRECTION('',(0.,0.,-1.));
#8913=DIRECTION('',(-0.925205426600887,-0.379466623813308,0.));
#8914=DIRECTION('',(0.379466623813308,-0.925205426600887,0.));
#8915=DIRECTION('',(0.,0.,-1.));
#8916=DIRECTION('',(0.,0.,1.));
#8917=DIRECTION('',(0.998818751853589,0.048591161188414,0.));
#8918=DIRECTION('',(-0.048591161188414,0.998818751853589,0.));
#8919=DIRECTION('',(0.,0.,1.));
#8920=DIRECTION('',(0.,0.,-1.));
#8921=DIRECTION('',(0.911107830636342,0.412168073670364,0.));
#8922=DIRECTION('',(-0.412168073670364,0.911107830636342,0.));
#8923=DIRECTION('',(0.,0.,1.));
#8924=DIRECTION('',(0.,0.,1.));
#8925=DIRECTION('',(0.702074276874912,0.712103721202585,0.));
#8926=DIRECTION('',(-0.712103721202585,0.702074276874912,0.));
#8927=DIRECTION('',(0.,0.,-1.));
#8928=DIRECTION('',(0.,0.,1.));
#8929=DIRECTION('',(0.,0.,-1.));
#8930=DIRECTION('',(-1.,0.,0.));
#8931=DIRECTION('',(0.,0.,1.));
#8932=DIRECTION('',(1.,0.,0.));
#8933=DIRECTION('',(0.,0.,1.));
#8934=DIRECTION('',(1.,0.,0.));
#8935=DIRECTION('',(0.,0.,-1.));
#8936=DIRECTION('',(-1.,0.,0.));
#8937=DIRECTION('',(0.,0.,1.));
#8938=DIRECTION('',(1.,0.,0.));
#8939=DIRECTION('',(0.,0.,-1.));
#8940=DIRECTION('',(-1.,0.,0.));
#8941=DIRECTION('',(0.,0.,-1.));
#8942=DIRECTION('',(0.,0.,-1.));
#8943=DIRECTION('',(0.271459932829057,0.962449741476636,0.));
#8944=DIRECTION('',(-0.962449741476636,0.271459932829057,0.));
#8945=DIRECTION('',(0.,0.,1.));
#8946=DIRECTION('',(0.,0.,1.));
#8947=DIRECTION('',(1.,0.,0.));
#8948=DIRECTION('',(0.,0.,-1.));
#8949=DIRECTION('',(0.,0.,-1.));
#8950=DIRECTION('',(0.,0.,1.));
#8951=DIRECTION('',(0.,0.,-1.));
#8952=DIRECTION('',(-1.,0.,0.));
#8953=DIRECTION('',(0.,0.,-1.));
#8954=DIRECTION('',(-1.,9.32320278097868E-17,0.));
#8955=DIRECTION('',(-9.32320278097868E-17,-1.,0.));
#8956=DIRECTION('',(0.,0.,1.));
#8957=DIRECTION('',(0.,0.,1.));
#8958=DIRECTION('',(0.,0.,-1.));
#8959=DIRECTION('',(-1.,0.,0.));
#8960=DIRECTION('',(0.,0.,-1.));
#8961=DIRECTION('',(-1.,0.,0.));
#8962=DIRECTION('',(0.,0.,-1.));
#8963=DIRECTION('',(-1.,0.,0.));
#8964=DIRECTION('',(0.,0.,-1.));
#8965=DIRECTION('',(-1.,0.,0.));
#8966=DIRECTION('',(0.781363500208983,0.624076181680703,0.));
#8967=DIRECTION('',(-0.624076181680703,0.781363500208984,0.));
#8968=DIRECTION('',(0.,0.,1.));
#8969=DIRECTION('',(0.,0.,1.));
#8970=DIRECTION('',(-0.935388275092573,0.35362236187682,0.));
#8971=DIRECTION('',(-0.35362236187682,-0.935388275092573,0.));
#8972=DIRECTION('',(0.,0.,1.));
#8973=DIRECTION('',(0.,0.,1.));
#8974=DIRECTION('',(-0.959999929012488,-0.280000243385639,0.));
#8975=DIRECTION('',(0.280000243385639,-0.959999929012489,0.));
#8976=DIRECTION('',(0.,0.,1.));
#8977=DIRECTION('',(0.,0.,1.));
#8978=DIRECTION('',(0.533226211228655,0.845972699121393,0.));
#8979=DIRECTION('',(-0.845972699121393,0.533226211228655,0.));
#8980=DIRECTION('',(0.,0.,1.));
#8981=DIRECTION('',(0.,0.,1.));
#8982=DIRECTION('',(0.,0.,-1.));
#8983=DIRECTION('',(-1.,0.,0.));
#8984=DIRECTION('',(0.,0.,1.));
#8985=DIRECTION('',(1.,0.,0.));
#8986=DIRECTION('',(0.,0.,1.));
#8987=DIRECTION('',(1.,0.,0.));
#8988=DIRECTION('',(0.,0.,-1.));
#8989=DIRECTION('',(-1.,0.,0.));
#8990=DIRECTION('',(0.,0.,1.));
#8991=DIRECTION('',(1.,0.,0.));
#8992=DIRECTION('',(0.,0.,1.));
#8993=DIRECTION('',(0.,0.,1.));
#8994=DIRECTION('',(0.210153393616139,0.977668425976629,0.));
#8995=DIRECTION('',(-0.977668425976629,0.210153393616139,0.));
#8996=DIRECTION('',(0.,0.,1.));
#8997=DIRECTION('',(0.,0.,1.));
#8998=DIRECTION('',(-0.170786910740978,0.985307987950749,0.));
#8999=DIRECTION('',(-0.985307987950749,-0.170786910740979,0.));
#9000=DIRECTION('',(0.,0.,1.));
#9001=DIRECTION('',(0.,0.,1.));
#9002=DIRECTION('',(-0.441119078657695,0.897448582618629,0.));
#9003=DIRECTION('',(-0.897448582618629,-0.441119078657695,0.));
#9004=DIRECTION('',(0.,0.,1.));
#9005=DIRECTION('',(0.,0.,1.));
#9006=DIRECTION('',(0.781363500208983,0.624076181680703,0.));
#9007=DIRECTION('',(-0.624076181680703,0.781363500208984,0.));
#9008=DIRECTION('',(0.,0.,1.));
#9009=DIRECTION('',(0.,0.,1.));
#9010=DIRECTION('',(0.529999369093614,0.847998035823416,0.));
#9011=DIRECTION('',(-0.847998035823416,0.529999369093614,0.));
#9012=DIRECTION('',(0.,0.,1.));
#9013=DIRECTION('',(0.,0.,1.));
#9014=DIRECTION('',(0.657135080672312,-0.753772834314022,0.));
#9015=DIRECTION('',(0.753772834314022,0.657135080672312,0.));
#9016=DIRECTION('',(0.,0.,1.));
#9017=DIRECTION('',(1.,0.,0.));
#9018=DIRECTION('',(0.,0.,-1.));
#9019=DIRECTION('',(0.,0.,1.));
#9020=DIRECTION('',(0.,0.,-1.));
#9021=DIRECTION('',(0.,0.,-1.));
#9022=DIRECTION('',(-1.,0.,0.));
#9023=DIRECTION('',(0.,0.,1.));
#9024=DIRECTION('',(1.,0.,0.));
#9025=DIRECTION('',(0.,0.,-1.));
#9026=DIRECTION('',(-1.,0.,0.));
#9027=DIRECTION('',(0.,0.,1.));
#9028=DIRECTION('',(1.,0.,0.));
#9029=DIRECTION('',(0.,0.,1.));
#9030=DIRECTION('',(1.,0.,0.));
#9031=DIRECTION('',(0.,0.,1.));
#9032=DIRECTION('',(1.,0.,0.));
#9033=DIRECTION('',(0.,0.,1.));
#9034=DIRECTION('',(1.,0.,0.));
#9035=DIRECTION('',(0.,0.,1.));
#9036=DIRECTION('',(1.,0.,0.));
#9037=DIRECTION('',(0.,0.,1.));
#9038=DIRECTION('',(0.,0.,1.));
#9039=DIRECTION('',(-0.382351773012648,-0.924016840579264,0.));
#9040=DIRECTION('',(0.924016840579264,-0.382351773012648,0.));
#9041=DIRECTION('',(0.,0.,1.));
#9042=DIRECTION('',(-0.419924681048015,-0.907558958000373,0.));
#9043=DIRECTION('',(0.907558958000373,-0.419924681048015,0.));
#9044=DIRECTION('',(0.,0.,1.));
#9045=DIRECTION('',(0.,-1.,0.));
#9046=DIRECTION('',(0.,0.,-1.));
#9047=DIRECTION('',(0.,0.,1.));
#9048=DIRECTION('',(0.,0.,1.));
#9049=DIRECTION('',(0.0951310470275091,-0.995464757734522,0.));
#9050=DIRECTION('',(0.995464757734522,0.0951310470275091,0.));
#9051=DIRECTION('',(0.,0.,1.));
#9052=DIRECTION('',(0.,0.,1.));
#9053=DIRECTION('',(0.750598498794733,-0.660758574372738,0.));
#9054=DIRECTION('',(0.660758574372738,0.750598498794733,0.));
#9055=DIRECTION('',(0.,0.,-1.));
#9056=DIRECTION('',(0.,0.,1.));
#9057=DIRECTION('',(0.518612373667775,0.85500947706951,0.));
#9058=DIRECTION('',(-0.85500947706951,0.518612373667775,0.));
#9059=DIRECTION('',(0.,0.,1.));
#9060=DIRECTION('',(0.,0.,-1.));
#9061=DIRECTION('',(-0.355776528289743,-0.934571057714767,0.));
#9062=DIRECTION('',(0.934571057714767,-0.355776528289743,0.));
#9063=DIRECTION('',(0.,0.,-1.));
#9064=DIRECTION('',(0.,0.,1.));
#9065=DIRECTION('',(0.,0.,-1.));
#9066=DIRECTION('',(-1.,0.,0.));
#9067=DIRECTION('',(0.,0.,-1.));
#9068=DIRECTION('',(0.,0.,-1.));
#9069=DIRECTION('',(0.,0.,-1.));
#9070=DIRECTION('',(-1.,0.,0.));
#9071=DIRECTION('',(0.,0.,-1.));
#9072=DIRECTION('',(-1.,0.,0.));
#9073=DIRECTION('',(0.,0.,-1.));
#9074=DIRECTION('',(-1.,0.,0.));
#9075=DIRECTION('',(0.,0.,1.));
#9076=DIRECTION('',(1.,0.,0.));
#9077=DIRECTION('',(0.,0.,1.));
#9078=DIRECTION('',(1.,0.,0.));
#9079=DIRECTION('',(0.,0.,1.));
#9080=DIRECTION('',(1.,0.,0.));
#9081=DIRECTION('',(0.,0.,-1.));
#9082=DIRECTION('',(-1.,0.,0.));
#9083=DIRECTION('',(-0.0794503768163458,-0.996838822289612,0.));
#9084=DIRECTION('',(0.996838822289612,-0.0794503768163458,0.));
#9085=DIRECTION('',(0.,0.,1.));
#9086=DIRECTION('',(0.,0.,1.));
#9087=DIRECTION('',(0.266431088286717,-0.963853969849352,0.));
#9088=DIRECTION('',(0.963853969849352,0.266431088286717,0.));
#9089=DIRECTION('',(0.,0.,1.));
#9090=DIRECTION('',(0.,0.,1.));
#9091=DIRECTION('',(1.,0.,0.));
#9092=DIRECTION('',(0.,0.,-1.));
#9093=DIRECTION('',(0.,0.,1.));
#9094=DIRECTION('',(0.,0.,1.));
#9095=DIRECTION('',(0.716756023980944,0.697324029477709,0.));
#9096=DIRECTION('',(-0.697324029477709,0.716756023980944,0.));
#9097=DIRECTION('',(0.,0.,1.));
#9098=DIRECTION('',(0.,0.,1.));
#9099=DIRECTION('',(0.145913117133963,0.989297408390546,0.));
#9100=DIRECTION('',(-0.989297408390546,0.145913117133963,0.));
#9101=DIRECTION('',(0.,0.,1.));
#9102=DIRECTION('',(0.,0.,1.));
#9103=DIRECTION('',(0.157798479411627,-0.987471336239882,0.));
#9104=DIRECTION('',(0.987471336239882,0.157798479411627,0.));
#9105=DIRECTION('',(0.,0.,1.));
#9106=DIRECTION('',(0.,0.,1.));
#9107=DIRECTION('',(-0.355776528289743,-0.934571057714767,0.));
#9108=DIRECTION('',(0.934571057714767,-0.355776528289743,0.));
#9109=DIRECTION('',(0.,0.,1.));
#9110=DIRECTION('',(0.,0.,1.));
#9111=DIRECTION('',(0.,0.,-1.));
#9112=DIRECTION('',(-1.,0.,0.));
#9113=DIRECTION('',(0.,0.,-1.));
#9114=DIRECTION('',(-1.,0.,0.));
#9115=DIRECTION('',(0.,0.,1.));
#9116=DIRECTION('',(1.,0.,0.));
#9117=DIRECTION('',(0.,0.,1.));
#9118=DIRECTION('',(1.,0.,0.));
#9119=DIRECTION('',(0.,0.,1.));
#9120=DIRECTION('',(1.,0.,0.));
#9121=DIRECTION('',(0.,0.,1.));
#9122=DIRECTION('',(1.,0.,0.));
#9123=DIRECTION('',(0.,0.,1.));
#9124=DIRECTION('',(1.,0.,0.));
#9125=DIRECTION('',(0.657135080672312,-0.753772834314022,0.));
#9126=DIRECTION('',(0.753772834314022,0.657135080672312,0.));
#9127=DIRECTION('',(0.,0.,1.));
#9128=DIRECTION('',(0.,0.,1.));
#9129=DIRECTION('',(1.,0.,0.));
#9130=DIRECTION('',(0.,0.,-1.));
#9131=DIRECTION('',(0.,0.,1.));
#9132=DIRECTION('',(0.,0.,1.));
#9133=DIRECTION('',(0.899596214164715,0.436722625313266,0.));
#9134=DIRECTION('',(-0.436722625313266,0.899596214164715,0.));
#9135=DIRECTION('',(0.,0.,1.));
#9136=DIRECTION('',(0.,0.,1.));
#9137=DIRECTION('',(-0.587227602937571,-0.809421856851046,0.));
#9138=DIRECTION('',(0.809421856851046,-0.587227602937571,0.));
#9139=DIRECTION('',(0.,0.,1.));
#9140=DIRECTION('',(0.,0.,1.));
#9141=DIRECTION('',(-0.925205426600887,-0.379466623813308,0.));
#9142=DIRECTION('',(0.379466623813308,-0.925205426600887,0.));
#9143=DIRECTION('',(0.,0.,1.));
#9144=DIRECTION('',(0.,0.,1.));
#9145=DIRECTION('',(-0.809215143289625,-0.587512426992614,0.));
#9146=DIRECTION('',(0.587512426992614,-0.809215143289625,0.));
#9147=DIRECTION('',(0.,0.,-1.));
#9148=DIRECTION('',(0.,0.,1.));
#9149=DIRECTION('',(0.,0.,-1.));
#9150=DIRECTION('',(-1.,0.,0.));
#9151=DIRECTION('',(0.,0.,-1.));
#9152=DIRECTION('',(-1.92159787588384E-15,-1.,0.));
#9153=DIRECTION('',(1.,-1.92159787588384E-15,0.));
#9154=DIRECTION('',(0.,0.,1.));
#9155=DIRECTION('',(0.,0.,-1.));
#9156=DIRECTION('',(0.,0.,-1.));
#9157=DIRECTION('',(-1.,0.,0.));
#9158=DIRECTION('',(0.,0.,1.));
#9159=DIRECTION('',(1.,0.,0.));
#9160=DIRECTION('',(0.,0.,-1.));
#9161=DIRECTION('',(-1.,0.,0.));
#9162=DIRECTION('',(0.,0.,-1.));
#9163=DIRECTION('',(-1.,0.,0.));
#9164=DIRECTION('',(0.,0.,1.));
#9165=DIRECTION('',(1.,0.,0.));
#9166=DIRECTION('',(0.,0.,1.));
#9167=DIRECTION('',(1.,0.,0.));
#9168=DIRECTION('',(0.,0.,1.));
#9169=DIRECTION('',(1.,0.,0.));
#9170=DIRECTION('',(0.,0.,1.));
#9171=DIRECTION('',(1.,0.,0.));
#9172=DIRECTION('',(0.,0.,1.));
#9173=DIRECTION('',(0.,0.,1.));
#9174=DIRECTION('',(0.,0.,1.));
#9175=DIRECTION('',(1.,0.,0.));
#9176=DIRECTION('',(0.,0.,1.));
#9177=DIRECTION('',(0.,0.,1.));
#9178=DIRECTION('',(-0.863237368071474,-0.504798223417075,0.));
#9179=DIRECTION('',(0.504798223417075,-0.863237368071474,0.));
#9180=DIRECTION('',(0.,0.,1.));
#9181=DIRECTION('',(0.,0.,1.));
#9182=DIRECTION('',(-0.587227602937571,-0.809421856851046,0.));
#9183=DIRECTION('',(0.809421856851046,-0.587227602937571,0.));
#9184=DIRECTION('',(0.,0.,1.));
#9185=DIRECTION('',(0.,0.,1.));
#9186=DIRECTION('',(-0.417733195623133,-0.908569742658474,0.));
#9187=DIRECTION('',(0.908569742658474,-0.417733195623133,0.));
#9188=DIRECTION('',(0.,0.,1.));
#9189=DIRECTION('',(0.,0.,1.));
#9190=DIRECTION('',(0.347765714402182,-0.93758146733302,0.));
#9191=DIRECTION('',(0.937581467333021,0.347765714402182,0.));
#9192=DIRECTION('',(0.,0.,1.));
#9193=DIRECTION('',(0.0951310470275093,-0.995464757734522,0.));
#9194=DIRECTION('',(0.995464757734522,0.0951310470275093,0.));
#9195=DIRECTION('',(0.,0.,1.));
#9196=DIRECTION('',(0.965863123107465,-0.259052943278191,0.));
#9197=DIRECTION('',(0.259052943278191,0.965863123107465,0.));
#9198=DIRECTION('',(0.,0.,1.));
#9199=DIRECTION('',(0.,0.,1.));
#9200=DIRECTION('',(0.754114212907247,0.656743293754328,0.));
#9201=DIRECTION('',(-0.656743293754328,0.754114212907247,0.));
#9202=DIRECTION('',(0.,0.,1.));
#9203=DIRECTION('',(0.,0.,1.));
#9204=DIRECTION('',(-0.419924681048015,-0.907558958000373,0.));
#9205=DIRECTION('',(0.907558958000373,-0.419924681048015,0.));
#9206=DIRECTION('',(0.,0.,1.));
#9207=DIRECTION('',(0.,0.,1.));
#9208=DIRECTION('',(-0.382351773012648,-0.924016840579264,0.));
#9209=DIRECTION('',(0.924016840579264,-0.382351773012648,0.));
#9210=DIRECTION('',(0.,0.,1.));
#9211=DIRECTION('',(-0.582788736342791,-0.812623706762221,0.));
#9212=DIRECTION('',(0.812623706762221,-0.582788736342791,0.));
#9213=DIRECTION('',(0.,0.,1.));
#9214=DIRECTION('',(0.,0.,1.));
#9215=DIRECTION('',(1.,0.,0.));
#9216=DIRECTION('',(0.,0.,-1.));
#9217=DIRECTION('',(-1.,0.,0.));
#9218=DIRECTION('',(0.,0.,1.));
#9219=DIRECTION('',(1.,0.,0.));
#9220=DIRECTION('',(0.,0.,1.));
#9221=DIRECTION('',(1.,0.,0.));
#9222=DIRECTION('',(0.,0.,1.));
#9223=DIRECTION('',(1.,0.,0.));
#9224=DIRECTION('',(0.,0.,1.));
#9225=DIRECTION('',(1.,0.,0.));
#9226=DIRECTION('',(0.,0.,1.));
#9227=DIRECTION('',(1.,0.,0.));
#9228=DIRECTION('',(0.,0.,-1.));
#9229=DIRECTION('',(-1.,0.,0.));
#9230=DIRECTION('',(-0.925205426600887,0.379466623813308,0.));
#9231=DIRECTION('',(-0.379466623813308,-0.925205426600887,0.));
#9232=DIRECTION('',(0.,0.,1.));
#9233=DIRECTION('',(0.,0.,-1.));
#9234=DIRECTION('',(-1.,0.,0.));
#9235=DIRECTION('',(0.,0.,1.));
#9236=DIRECTION('',(0.,0.,-1.));
#9237=DIRECTION('',(0.,0.,1.));
#9238=DIRECTION('',(0.702074276874912,-0.712103721202585,0.));
#9239=DIRECTION('',(0.712103721202585,0.702074276874912,0.));
#9240=DIRECTION('',(0.,0.,1.));
#9241=DIRECTION('',(0.,0.,-1.));
#9242=DIRECTION('',(0.911107830636342,-0.412168073670365,0.));
#9243=DIRECTION('',(0.412168073670365,0.911107830636342,0.));
#9244=DIRECTION('',(0.,0.,1.));
#9245=DIRECTION('',(0.,0.,1.));
#9246=DIRECTION('',(0.998818751853589,-0.0485911611884141,0.));
#9247=DIRECTION('',(0.0485911611884141,0.998818751853589,0.));
#9248=DIRECTION('',(0.,0.,-1.));
#9249=DIRECTION('',(0.,0.,1.));
#9250=DIRECTION('',(0.,0.,-1.));
#9251=DIRECTION('',(-1.,0.,0.));
#9252=DIRECTION('',(0.,0.,1.));
#9253=DIRECTION('',(1.,0.,0.));
#9254=DIRECTION('',(0.,0.,1.));
#9255=DIRECTION('',(1.,0.,0.));
#9256=DIRECTION('',(0.,0.,-1.));
#9257=DIRECTION('',(-1.,0.,0.));
#9258=DIRECTION('',(0.,0.,1.));
#9259=DIRECTION('',(1.,0.,0.));
#9260=DIRECTION('',(0.,0.,1.));
#9261=DIRECTION('',(1.,0.,0.));
#9262=DIRECTION('',(0.,0.,1.));
#9263=DIRECTION('',(0.,0.,1.));
#9264=DIRECTION('',(0.750598498794733,0.660758574372738,0.));
#9265=DIRECTION('',(-0.660758574372738,0.750598498794733,0.));
#9266=DIRECTION('',(0.,0.,1.));
#9267=DIRECTION('',(0.,0.,-1.));
#9268=DIRECTION('',(0.0951310470275091,0.995464757734522,0.));
#9269=DIRECTION('',(-0.995464757734522,0.0951310470275091,0.));
#9270=DIRECTION('',(0.,0.,1.));
#9271=DIRECTION('',(0.,0.,1.));
#9272=DIRECTION('',(1.22464679914735E-16,1.,0.));
#9273=DIRECTION('',(-1.,1.22464679914735E-16,0.));
#9274=DIRECTION('',(0.,0.,1.));
#9275=DIRECTION('',(0.,0.,1.));
#9276=DIRECTION('',(-0.419924681048015,0.907558958000373,0.));
#9277=DIRECTION('',(-0.907558958000373,-0.419924681048015,0.));
#9278=DIRECTION('',(0.,0.,1.));
#9279=DIRECTION('',(-0.382351773012647,0.924016840579264,0.));
#9280=DIRECTION('',(-0.924016840579264,-0.382351773012647,0.));
#9281=DIRECTION('',(0.,0.,1.));
#9282=DIRECTION('',(0.,0.,-1.));
#9283=DIRECTION('',(-1.,0.,0.));
#9284=DIRECTION('',(0.,0.,-1.));
#9285=DIRECTION('',(0.,0.,-1.));
#9286=DIRECTION('',(-0.355776528289742,0.934571057714767,0.));
#9287=DIRECTION('',(-0.934571057714767,-0.355776528289742,0.));
#9288=DIRECTION('',(0.,0.,1.));
#9289=DIRECTION('',(0.,0.,-1.));
#9290=DIRECTION('',(0.518612373667775,-0.85500947706951,0.));
#9291=DIRECTION('',(0.85500947706951,0.518612373667775,0.));
#9292=DIRECTION('',(0.,0.,-1.));
#9293=DIRECTION('',(0.,0.,1.));
#9294=DIRECTION('',(0.,0.,-1.));
#9295=DIRECTION('',(-1.,0.,0.));
#9296=DIRECTION('',(0.,0.,-1.));
#9297=DIRECTION('',(-1.,0.,0.));
#9298=DIRECTION('',(0.,0.,-1.));
#9299=DIRECTION('',(-1.,0.,0.));
#9300=DIRECTION('',(0.,0.,-1.));
#9301=DIRECTION('',(-1.,0.,0.));
#9302=DIRECTION('',(0.,0.,1.));
#9303=DIRECTION('',(1.,0.,0.));
#9304=DIRECTION('',(0.,0.,1.));
#9305=DIRECTION('',(1.,0.,0.));
#9306=DIRECTION('',(0.,0.,1.));
#9307=DIRECTION('',(1.,0.,0.));
#9308=DIRECTION('',(0.,0.,1.));
#9309=DIRECTION('',(1.,0.,0.));
#9310=DIRECTION('',(0.,0.,1.));
#9311=DIRECTION('',(0.,0.,1.));
#9312=DIRECTION('',(0.,0.,1.));
#9313=DIRECTION('',(1.,0.,0.));
#9314=DIRECTION('',(0.,0.,1.));
#9315=DIRECTION('',(0.,0.,1.));
#9316=DIRECTION('',(-0.587227602937571,0.809421856851046,0.));
#9317=DIRECTION('',(-0.809421856851046,-0.587227602937571,0.));
#9318=DIRECTION('',(0.,0.,1.));
#9319=DIRECTION('',(0.,0.,1.));
#9320=DIRECTION('',(-0.863237368071474,0.504798223417075,0.));
#9321=DIRECTION('',(-0.504798223417075,-0.863237368071474,0.));
#9322=DIRECTION('',(0.,0.,1.));
#9323=DIRECTION('',(0.,0.,1.));
#9324=DIRECTION('',(-0.582788736342791,0.812623706762221,0.));
#9325=DIRECTION('',(-0.812623706762221,-0.582788736342791,0.));
#9326=DIRECTION('',(0.,0.,1.));
#9327=DIRECTION('',(-0.382351773012647,0.924016840579264,0.));
#9328=DIRECTION('',(-0.924016840579264,-0.382351773012647,0.));
#9329=DIRECTION('',(0.,0.,1.));
#9330=DIRECTION('',(-0.419924681048015,0.907558958000373,0.));
#9331=DIRECTION('',(-0.907558958000373,-0.419924681048015,0.));
#9332=DIRECTION('',(0.,0.,1.));
#9333=DIRECTION('',(0.,0.,1.));
#9334=DIRECTION('',(0.754114212907246,-0.656743293754329,0.));
#9335=DIRECTION('',(0.656743293754329,0.754114212907246,0.));
#9336=DIRECTION('',(0.,0.,1.));
#9337=DIRECTION('',(0.,0.,1.));
#9338=DIRECTION('',(0.965863123107465,0.259052943278191,0.));
#9339=DIRECTION('',(-0.259052943278191,0.965863123107465,0.));
#9340=DIRECTION('',(0.,0.,1.));
#9341=DIRECTION('',(0.,0.,1.));
#9342=DIRECTION('',(0.0951310470275093,0.995464757734522,0.));
#9343=DIRECTION('',(-0.995464757734522,0.0951310470275093,0.));
#9344=DIRECTION('',(0.,0.,1.));
#9345=DIRECTION('',(0.347765714402182,0.93758146733302,0.));
#9346=DIRECTION('',(-0.937581467333021,0.347765714402182,0.));
#9347=DIRECTION('',(0.,0.,1.));
#9348=DIRECTION('',(-0.417733195623133,0.908569742658474,0.));
#9349=DIRECTION('',(-0.908569742658474,-0.417733195623133,0.));
#9350=DIRECTION('',(0.,0.,1.));
#9351=DIRECTION('',(0.,0.,1.));
#9352=DIRECTION('',(0.,0.,1.));
#9353=DIRECTION('',(1.,0.,0.));
#9354=DIRECTION('',(0.,0.,1.));
#9355=DIRECTION('',(1.,0.,0.));
#9356=DIRECTION('',(0.,0.,1.));
#9357=DIRECTION('',(1.,0.,0.));
#9358=DIRECTION('',(0.,0.,-1.));
#9359=DIRECTION('',(-1.,0.,0.));
#9360=DIRECTION('',(0.,0.,1.));
#9361=DIRECTION('',(1.,0.,0.));
#9362=DIRECTION('',(0.,0.,-1.));
#9363=DIRECTION('',(-1.,0.,0.));
#9364=DIRECTION('',(0.,0.,1.));
#9365=DIRECTION('',(1.,0.,0.));
#9366=DIRECTION('',(0.,0.,1.));
#9367=DIRECTION('',(1.,0.,0.));
#9368=DIRECTION('',(0.,0.,-1.));
#9369=DIRECTION('',(-1.,0.,0.));
#9370=DIRECTION('',(0.,0.,-1.));
#9371=DIRECTION('',(0.,0.,1.));
#9372=DIRECTION('',(0.266431088286716,0.963853969849352,0.));
#9373=DIRECTION('',(-0.963853969849352,0.266431088286716,0.));
#9374=DIRECTION('',(0.,0.,1.));
#9375=DIRECTION('',(0.,0.,1.));
#9376=DIRECTION('',(0.,1.,0.));
#9377=DIRECTION('',(0.,0.,1.));
#9378=DIRECTION('',(0.,0.,-1.));
#9379=DIRECTION('',(0.,0.,1.));
#9380=DIRECTION('',(-0.614405461461105,-0.7889904491987,0.));
#9381=DIRECTION('',(0.7889904491987,-0.614405461461105,0.));
#9382=DIRECTION('',(0.,0.,1.));
#9383=DIRECTION('',(0.,0.,-1.));
#9384=DIRECTION('',(0.157798479411627,0.987471336239882,0.));
#9385=DIRECTION('',(-0.987471336239882,0.157798479411627,0.));
#9386=DIRECTION('',(0.,0.,1.));
#9387=DIRECTION('',(0.,0.,-1.));
#9388=DIRECTION('',(-1.,0.,0.));
#9389=DIRECTION('',(0.,0.,-1.));
#9390=DIRECTION('',(0.464833994141368,0.885397852883427,0.));
#9391=DIRECTION('',(-0.885397852883427,0.464833994141369,0.));
#9392=DIRECTION('',(0.,0.,1.));
#9393=DIRECTION('',(0.,0.,1.));
#9394=DIRECTION('',(0.,0.,-1.));
#9395=DIRECTION('',(-1.,0.,0.));
#9396=DIRECTION('',(0.,0.,-1.));
#9397=DIRECTION('',(-1.,0.,0.));
#9398=DIRECTION('',(0.,0.,-1.));
#9399=DIRECTION('',(-1.,0.,0.));
#9400=DIRECTION('',(0.,0.,1.));
#9401=DIRECTION('',(1.,0.,0.));
#9402=DIRECTION('',(0.,0.,1.));
#9403=DIRECTION('',(1.,0.,0.));
#9404=DIRECTION('',(1.,0.,0.));
#9405=DIRECTION('',(0.,0.,-1.));
#9406=DIRECTION('',(0.,0.,1.));
#9407=DIRECTION('',(0.,0.,1.));
#9408=DIRECTION('',(0.266431088286717,0.963853969849352,0.));
#9409=DIRECTION('',(-0.963853969849352,0.266431088286717,0.));
#9410=DIRECTION('',(0.,0.,1.));
#9411=DIRECTION('',(0.,0.,1.));
#9412=DIRECTION('',(-0.0794503768163454,0.996838822289612,0.));
#9413=DIRECTION('',(-0.996838822289612,-0.0794503768163454,0.));
#9414=DIRECTION('',(0.,0.,1.));
#9415=DIRECTION('',(0.,0.,1.));
#9416=DIRECTION('',(-0.355776528289742,0.934571057714767,0.));
#9417=DIRECTION('',(-0.934571057714767,-0.355776528289742,0.));
#9418=DIRECTION('',(0.,0.,1.));
#9419=DIRECTION('',(0.,0.,1.));
#9420=DIRECTION('',(0.157798479411627,0.987471336239882,0.));
#9421=DIRECTION('',(-0.987471336239882,0.157798479411627,0.));
#9422=DIRECTION('',(0.,0.,1.));
#9423=DIRECTION('',(0.,0.,1.));
#9424=DIRECTION('',(0.145913117133962,-0.989297408390546,0.));
#9425=DIRECTION('',(0.989297408390546,0.145913117133962,0.));
#9426=DIRECTION('',(0.,0.,1.));
#9427=DIRECTION('',(0.,0.,1.));
#9428=DIRECTION('',(0.716756023980944,-0.697324029477709,0.));
#9429=DIRECTION('',(0.697324029477709,0.716756023980944,0.));
#9430=DIRECTION('',(0.,0.,1.));
#9431=DIRECTION('',(0.,0.,1.));
#9432=DIRECTION('',(0.,0.,1.));
#9433=DIRECTION('',(1.,0.,0.));
#9434=DIRECTION('',(0.,0.,-1.));
#9435=DIRECTION('',(-1.,0.,0.));
#9436=DIRECTION('',(0.,0.,-1.));
#9437=DIRECTION('',(-1.,0.,0.));
#9438=DIRECTION('',(0.,0.,1.));
#9439=DIRECTION('',(1.,0.,0.));
#9440=DIRECTION('',(0.,0.,1.));
#9441=DIRECTION('',(1.,0.,0.));
#9442=DIRECTION('',(0.,0.,1.));
#9443=DIRECTION('',(1.,0.,0.));
#9444=DIRECTION('',(0.,0.,1.));
#9445=DIRECTION('',(1.,0.,0.));
#9446=DIRECTION('',(0.,0.,-1.));
#9447=DIRECTION('',(-1.,0.,0.));
#9448=DIRECTION('',(0.,0.,-1.));
#9449=DIRECTION('',(0.,0.,-1.));
#9450=DIRECTION('',(0.271459932829057,-0.962449741476636,0.));
#9451=DIRECTION('',(0.962449741476636,0.271459932829057,0.));
#9452=DIRECTION('',(0.,0.,1.));
#9453=DIRECTION('',(0.,0.,1.));
#9454=DIRECTION('',(-1.,0.,0.));
#9455=DIRECTION('',(0.,0.,1.));
#9456=DIRECTION('',(0.,0.,1.));
#9457=DIRECTION('',(0.,0.,1.));
#9458=DIRECTION('',(0.,0.,-1.));
#9459=DIRECTION('',(-1.,0.,0.));
#9460=DIRECTION('',(0.,0.,-1.));
#9461=DIRECTION('',(1.,0.,0.));
#9462=DIRECTION('',(0.,0.,-1.));
#9463=DIRECTION('',(0.,0.,1.));
#9464=DIRECTION('',(0.,0.,1.));
#9465=DIRECTION('',(0.,0.,-1.));
#9466=DIRECTION('',(-1.,0.,0.));
#9467=DIRECTION('',(0.,0.,-1.));
#9468=DIRECTION('',(-1.,0.,0.));
#9469=DIRECTION('',(0.,0.,-1.));
#9470=DIRECTION('',(-1.,0.,0.));
#9471=DIRECTION('',(0.,0.,-1.));
#9472=DIRECTION('',(-1.,0.,0.));
#9473=DIRECTION('',(0.,0.,1.));
#9474=DIRECTION('',(1.,0.,0.));
#9475=DIRECTION('',(0.,0.,1.));
#9476=DIRECTION('',(0.,0.,1.));
#9477=DIRECTION('',(0.657135080672312,0.753772834314022,0.));
#9478=DIRECTION('',(-0.753772834314022,0.657135080672312,0.));
#9479=DIRECTION('',(0.,0.,1.));
#9480=DIRECTION('',(0.529999369093614,-0.847998035823416,0.));
#9481=DIRECTION('',(0.847998035823416,0.529999369093614,0.));
#9482=DIRECTION('',(0.,0.,1.));
#9483=DIRECTION('',(0.,0.,1.));
#9484=DIRECTION('',(0.781363500208984,-0.624076181680703,0.));
#9485=DIRECTION('',(0.624076181680703,0.781363500208984,0.));
#9486=DIRECTION('',(0.,0.,1.));
#9487=DIRECTION('',(0.,0.,1.));
#9488=DIRECTION('',(-0.441119078657695,-0.897448582618629,0.));
#9489=DIRECTION('',(0.897448582618629,-0.441119078657695,0.));
#9490=DIRECTION('',(0.,0.,1.));
#9491=DIRECTION('',(0.,0.,1.));
#9492=DIRECTION('',(-0.170786910740979,-0.985307987950749,0.));
#9493=DIRECTION('',(0.985307987950749,-0.170786910740979,0.));
#9494=DIRECTION('',(0.,0.,1.));
#9495=DIRECTION('',(0.,0.,1.));
#9496=DIRECTION('',(0.210153393616139,-0.977668425976629,0.));
#9497=DIRECTION('',(0.977668425976629,0.210153393616139,0.));
#9498=DIRECTION('',(0.,0.,1.));
#9499=DIRECTION('',(0.,0.,1.));
#9500=DIRECTION('',(1.,0.,0.));
#9501=DIRECTION('',(0.,0.,-1.));
#9502=DIRECTION('',(0.,0.,1.));
#9503=DIRECTION('',(0.,0.,1.));
#9504=DIRECTION('',(0.,0.,1.));
#9505=DIRECTION('',(1.,0.,0.));
#9506=DIRECTION('',(0.,0.,1.));
#9507=DIRECTION('',(1.,0.,0.));
#9508=DIRECTION('',(0.,0.,1.));
#9509=DIRECTION('',(1.,0.,0.));
#9510=DIRECTION('',(0.,0.,-1.));
#9511=DIRECTION('',(-1.,0.,0.));
#9512=DIRECTION('',(0.,0.,1.));
#9513=DIRECTION('',(1.,0.,0.));
#9514=DIRECTION('',(0.,0.,-1.));
#9515=DIRECTION('',(-1.,0.,0.));
#9516=DIRECTION('',(0.,0.,1.));
#9517=DIRECTION('',(1.,0.,0.));
#9518=DIRECTION('',(1.,0.,0.));
#9519=DIRECTION('',(0.,0.,-1.));
#9520=DIRECTION('',(0.,0.,1.));
#9521=DIRECTION('',(0.,0.,1.));
#9522=DIRECTION('',(0.657135080672312,0.753772834314022,0.));
#9523=DIRECTION('',(-0.753772834314022,0.657135080672312,0.));
#9524=DIRECTION('',(0.,0.,1.));
#9525=DIRECTION('',(0.,0.,1.));
#9526=DIRECTION('',(0.,1.,0.));
#9527=DIRECTION('',(0.,0.,1.));
#9528=DIRECTION('',(0.,0.,-1.));
#9529=DIRECTION('',(0.,0.,1.));
#9530=DIRECTION('',(0.,0.,-1.));
#9531=DIRECTION('',(-1.,0.,0.));
#9532=DIRECTION('',(0.,0.,1.));
#9533=DIRECTION('',(0.,0.,-1.));
#9534=DIRECTION('',(-0.809215143289625,0.587512426992614,0.));
#9535=DIRECTION('',(-0.587512426992614,-0.809215143289625,0.));
#9536=DIRECTION('',(0.,0.,1.));
#9537=DIRECTION('',(-0.925205426600887,0.379466623813308,0.));
#9538=DIRECTION('',(-0.379466623813308,-0.925205426600887,0.));
#9539=DIRECTION('',(0.,0.,1.));
#9540=DIRECTION('',(0.,0.,1.));
#9541=DIRECTION('',(-0.587227602937571,0.809421856851046,0.));
#9542=DIRECTION('',(-0.809421856851046,-0.587227602937571,0.));
#9543=DIRECTION('',(0.,0.,1.));
#9544=DIRECTION('',(0.,0.,1.));
#9545=DIRECTION('',(0.899596214164716,-0.436722625313266,0.));
#9546=DIRECTION('',(0.436722625313266,0.899596214164716,0.));
#9547=DIRECTION('',(0.,0.,1.));
#9548=DIRECTION('',(0.,0.,1.));
#9549=DIRECTION('',(0.,0.,-1.));
#9550=DIRECTION('',(-1.,0.,0.));
#9551=DIRECTION('',(0.,0.,-1.));
#9552=DIRECTION('',(-1.,0.,0.));
#9553=DIRECTION('',(0.,0.,1.));
#9554=DIRECTION('',(1.,0.,0.));
#9555=DIRECTION('',(0.,0.,-1.));
#9556=DIRECTION('',(-1.,0.,0.));
#9557=DIRECTION('',(0.,0.,1.));
#9558=DIRECTION('',(1.,0.,0.));
#9559=DIRECTION('',(0.,0.,1.));
#9560=DIRECTION('',(1.,0.,0.));
#9561=DIRECTION('',(0.,0.,1.));
#9562=DIRECTION('',(1.,0.,0.));
#9563=DIRECTION('',(0.533226211228653,-0.845972699121394,0.));
#9564=DIRECTION('',(0.845972699121394,0.533226211228653,0.));
#9565=DIRECTION('',(0.,0.,1.));
#9566=DIRECTION('',(0.,0.,1.));
#9567=DIRECTION('',(-0.959999929012488,0.280000243385639,0.));
#9568=DIRECTION('',(-0.280000243385639,-0.959999929012489,0.));
#9569=DIRECTION('',(0.,0.,1.));
#9570=DIRECTION('',(0.,0.,1.));
#9571=DIRECTION('',(-0.935388275092573,-0.35362236187682,0.));
#9572=DIRECTION('',(0.35362236187682,-0.935388275092573,0.));
#9573=DIRECTION('',(0.,0.,1.));
#9574=DIRECTION('',(0.,0.,1.));
#9575=DIRECTION('',(0.781363500208984,-0.624076181680703,0.));
#9576=DIRECTION('',(0.624076181680703,0.781363500208984,0.));
#9577=DIRECTION('',(0.,0.,1.));
#9578=DIRECTION('',(0.,0.,1.));
#9579=DIRECTION('',(0.,0.,1.));
#9580=DIRECTION('',(1.,0.,0.));
#9581=DIRECTION('',(0.,0.,1.));
#9582=DIRECTION('',(1.,0.,0.));
#9583=DIRECTION('',(0.,0.,-1.));
#9584=DIRECTION('',(-1.,0.,0.));
#9585=DIRECTION('',(0.,0.,-1.));
#9586=DIRECTION('',(-1.,0.,0.));
#9587=DIRECTION('',(0.917045584838595,-0.398782390945288,0.));
#9588=DIRECTION('',(0.398782390945288,0.917045584838595,0.));
#9589=DIRECTION('',(0.,0.,-1.));
#9590=DIRECTION('',(0.,0.,-1.));
#9591=DIRECTION('',(0.,0.,-1.));
#9592=DIRECTION('',(0.,0.,-1.));
#9593=DIRECTION('',(0.917045584838595,0.398782390945288,0.));
#9594=DIRECTION('',(-0.398782390945288,0.917045584838595,0.));
#9595=DIRECTION('',(0.,0.,-1.));
#9596=DIRECTION('',(0.998818751853589,-0.0485911611884141,0.));
#9597=DIRECTION('',(0.0485911611884141,0.998818751853589,0.));
#9598=DIRECTION('',(0.,0.,-1.));
#9599=DIRECTION('',(0.958343009938528,0.285619809015346,0.));
#9600=DIRECTION('',(-0.285619809015346,0.958343009938528,0.));
#9601=DIRECTION('',(0.,0.,-1.));
#9602=DIRECTION('',(0.94475658676679,-0.327772774587465,0.));
#9603=DIRECTION('',(0.327772774587465,0.94475658676679,0.));
#9604=DIRECTION('',(0.,0.,-1.));
#9605=DIRECTION('',(-0.830387090921989,-0.557186933829319,0.));
#9606=DIRECTION('',(0.557186933829319,-0.830387090921989,0.));
#9607=DIRECTION('',(0.,0.,-1.));
#9608=DIRECTION('',(-0.830387090921989,0.557186933829319,0.));
#9609=DIRECTION('',(-0.557186933829319,-0.830387090921989,0.));
#9610=DIRECTION('',(0.,0.,-1.));
#9611=DIRECTION('',(0.94475658676679,0.327772774587465,0.));
#9612=DIRECTION('',(-0.327772774587465,0.94475658676679,0.));
#9613=DIRECTION('',(0.,0.,-1.));
#9614=DIRECTION('',(0.958343009938528,-0.285619809015346,0.));
#9615=DIRECTION('',(0.285619809015346,0.958343009938528,0.));
#9616=DIRECTION('',(0.,0.,-1.));
#9617=DIRECTION('',(0.998818751853589,0.048591161188414,0.));
#9618=DIRECTION('',(-0.048591161188414,0.998818751853589,0.));
#9619=DIRECTION('',(0.939941581868304,0.341335352219646,0.));
#9620=DIRECTION('',(-0.341335352219646,0.939941581868304,0.));
#9621=DIRECTION('',(0.,0.,-1.));
#9622=DIRECTION('',(0.,0.,-1.));
#9623=DIRECTION('',(0.,0.,-1.));
#9624=DIRECTION('',(-1.,0.,0.));
#9625=DIRECTION('',(0.,0.,-1.));
#9626=DIRECTION('',(0.939941581868304,-0.341335352219646,0.));
#9627=DIRECTION('',(0.341335352219646,0.939941581868304,0.));
#9628=DIRECTION('',(0.,0.,-1.));
#9629=DIRECTION('',(0.923318472147596,-0.384035153327177,0.));
#9630=DIRECTION('',(0.384035153327177,0.923318472147596,0.));
#9631=DIRECTION('',(0.,0.,-1.));
#9632=DIRECTION('',(0.69007553916294,-0.72373734893881,0.));
#9633=DIRECTION('',(0.72373734893881,0.69007553916294,0.));
#9634=DIRECTION('',(0.,0.,-1.));
#9635=DIRECTION('',(-0.967074710267459,-0.254492641860449,0.));
#9636=DIRECTION('',(0.254492641860449,-0.967074710267459,0.));
#9637=DIRECTION('',(0.,0.,-1.));
#9638=DIRECTION('',(-0.254492641860449,0.967074710267459,0.));
#9639=DIRECTION('',(-0.967074710267459,-0.254492641860449,0.));
#9640=DIRECTION('',(0.,0.,-1.));
#9641=DIRECTION('',(-0.417225129595002,0.908803164185971,0.));
#9642=DIRECTION('',(-0.908803164185971,-0.417225129595002,0.));
#9643=DIRECTION('',(0.,0.,-1.));
#9644=DIRECTION('',(-0.919809457646591,0.392365342026898,0.));
#9645=DIRECTION('',(-0.392365342026898,-0.919809457646591,0.));
#9646=DIRECTION('',(0.,0.,-1.));
#9647=DIRECTION('',(0.,0.,-1.));
#9648=DIRECTION('',(-1.,0.,0.));
#9649=DIRECTION('',(0.,0.,-1.));
#9650=DIRECTION('',(-0.919809457646591,-0.392365342026898,0.));
#9651=DIRECTION('',(0.392365342026898,-0.919809457646591,0.));
#9652=DIRECTION('',(0.,0.,-1.));
#9653=DIRECTION('',(-0.417225129595002,-0.908803164185971,0.));
#9654=DIRECTION('',(0.908803164185971,-0.417225129595002,0.));
#9655=DIRECTION('',(0.,0.,-1.));
#9656=DIRECTION('',(-0.254492641860449,-0.967074710267459,0.));
#9657=DIRECTION('',(0.967074710267459,-0.254492641860449,0.));
#9658=DIRECTION('',(0.,0.,-1.));
#9659=DIRECTION('',(-0.967074710267459,0.254492641860449,0.));
#9660=DIRECTION('',(-0.254492641860449,-0.967074710267459,0.));
#9661=DIRECTION('',(0.,0.,-1.));
#9662=DIRECTION('',(0.69007553916294,0.72373734893881,0.));
#9663=DIRECTION('',(-0.72373734893881,0.69007553916294,0.));
#9664=DIRECTION('',(0.,0.,-1.));
#9665=DIRECTION('',(0.923318472147596,0.384035153327177,0.));
#9666=DIRECTION('',(-0.384035153327177,0.923318472147596,0.));
#9667=DIRECTION('',(0.,0.,-1.));
#9668=DIRECTION('',(-1.,0.,0.));
#9669=DIRECTION('',(0.,0.,-1.));
#9670=DIRECTION('',(0.,0.,1.));
#9671=DIRECTION('',(0.,0.,1.));
#9672=DIRECTION('',(1.,0.,0.));
#9673=DIRECTION('',(0.,0.,-1.));
#9674=DIRECTION('',(0.,0.,1.));
#9675=DIRECTION('',(0.,0.,1.));
#9676=DIRECTION('',(1.,0.,0.));
#9677=DIRECTION('',(0.,0.,-1.));
#9678=DIRECTION('',(0.,0.,1.));
#9679=DIRECTION('',(1.,0.,0.));
#9680=DIRECTION('',(0.,0.,1.));
#9681=DIRECTION('',(0.,0.,1.));
#9682=DIRECTION('',(0.,0.,1.));
#9683=DIRECTION('',(1.,0.,0.));
#9684=DIRECTION('',(0.,0.,1.));
#9685=DIRECTION('',(0.,0.,1.));
#9686=DIRECTION('',(0.716756023980944,0.697324029477709,0.));
#9687=DIRECTION('',(-0.697324029477709,0.716756023980944,0.));
#9688=DIRECTION('',(0.,0.,-1.));
#9689=DIRECTION('',(1.,0.,0.));
#9690=DIRECTION('',(0.,0.,-1.));
#9691=DIRECTION('',(0.,0.,-1.));
#9692=DIRECTION('',(0.,0.,-1.));
#9693=DIRECTION('',(-1.,0.,0.));
#9694=DIRECTION('',(0.,0.,1.));
#9695=DIRECTION('',(-0.614405461461105,0.7889904491987,0.));
#9696=DIRECTION('',(-0.7889904491987,-0.614405461461105,0.));
#9697=DIRECTION('',(0.,0.,-1.));
#9698=DIRECTION('',(0.,0.,-1.));
#9699=DIRECTION('',(-1.,0.,0.));
#9700=DIRECTION('',(0.,0.,-1.));
#9701=DIRECTION('',(-1.,0.,0.));
#9702=DIRECTION('',(0.,0.,-1.));
#9703=DIRECTION('',(0.,0.,1.));
#9704=DIRECTION('',(1.,0.,0.));
#9705=DIRECTION('',(0.,0.,-1.));
#9706=DIRECTION('',(-1.,0.,0.));
#9707=DIRECTION('',(0.,0.,1.));
#9708=DIRECTION('',(0.,0.,1.));
#9709=DIRECTION('',(1.,0.,0.));
#9710=DIRECTION('',(0.,0.,1.));
#9711=DIRECTION('',(0.,0.,-1.));
#9712=DIRECTION('',(0.,0.,-1.));
#9713=DIRECTION('',(0.,0.,-1.));
#9714=DIRECTION('',(0.,0.,1.));
#9715=DIRECTION('',(1.,0.,0.));
#9716=DIRECTION('',(0.,0.,1.));
#9717=DIRECTION('',(1.,0.,0.));
#9718=DIRECTION('',(0.,0.,-1.));
#9719=DIRECTION('',(0.,0.,1.));
#9720=DIRECTION('',(0.266431088286717,-0.963853969849352,0.));
#9721=DIRECTION('',(0.963853969849352,0.266431088286717,0.));
#9722=DIRECTION('',(0.,0.,1.));
#9723=DIRECTION('',(0.,0.,-1.));
#9724=DIRECTION('',(-1.,0.,0.));
#9725=DIRECTION('',(0.,0.,1.));
#9726=DIRECTION('',(1.,0.,0.));
#9727=DIRECTION('',(0.,0.,-1.));
#9728=DIRECTION('',(-1.,0.,0.));
#9729=DIRECTION('',(0.,0.,-1.));
#9730=DIRECTION('',(0.,0.,-1.));
#9731=DIRECTION('',(0.,0.,-1.));
#9732=DIRECTION('',(0.,0.,-1.));
#9733=DIRECTION('',(0.0951310470275091,0.995464757734522,0.));
#9734=DIRECTION('',(-0.995464757734522,0.0951310470275092,0.));
#9735=DIRECTION('',(0.,0.,1.));
#9736=DIRECTION('',(0.,0.,1.));
#9737=DIRECTION('',(0.,0.,1.));
#9738=DIRECTION('',(1.,0.,0.));
#9739=DIRECTION('',(0.,0.,1.));
#9740=DIRECTION('',(0.,0.,1.));
#9741=DIRECTION('',(1.,0.,0.));
#9742=DIRECTION('',(0.,0.,1.));
#9743=DIRECTION('',(0.,0.,1.));
#9744=DIRECTION('',(0.,0.,-1.));
#9745=DIRECTION('',(-1.,0.,0.));
#9746=DIRECTION('',(0.,0.,1.));
#9747=DIRECTION('',(1.,0.,0.));
#9748=DIRECTION('',(0.,0.,-1.));
#9749=DIRECTION('',(-1.,0.,0.));
#9750=DIRECTION('',(0.,0.,-1.));
#9751=DIRECTION('',(-1.,0.,0.));
#9752=DIRECTION('',(0.,0.,-1.));
#9753=DIRECTION('',(-1.,0.,0.));
#9754=DIRECTION('',(0.,0.,-1.));
#9755=DIRECTION('',(0.,0.,1.));
#9756=DIRECTION('',(0.,0.,1.));
#9757=DIRECTION('',(1.,0.,0.));
#9758=DIRECTION('',(0.,0.,-1.));
#9759=DIRECTION('',(0.,0.,1.));
#9760=DIRECTION('',(0.,0.,-1.));
#9761=DIRECTION('',(0.,0.,-1.));
#9762=DIRECTION('',(0.,0.,1.));
#9763=DIRECTION('',(1.,0.,0.));
#9764=DIRECTION('',(0.,0.,1.));
#9765=DIRECTION('',(0.266431088286717,0.963853969849352,0.));
#9766=DIRECTION('',(-0.963853969849352,0.266431088286717,0.));
#9767=DIRECTION('',(0.,0.,-1.));
#9768=DIRECTION('',(1.,0.,0.));
#9769=DIRECTION('',(0.,0.,-1.));
#9770=DIRECTION('',(0.,0.,-1.));
#9771=DIRECTION('',(0.,0.,-1.));
#9772=DIRECTION('',(-1.,0.,0.));
#9773=DIRECTION('',(0.,0.,-1.));
#9774=DIRECTION('',(-1.,0.,0.));
#9775=DIRECTION('',(0.,0.,-1.));
#9776=DIRECTION('',(-1.,0.,0.));
#9777=DIRECTION('',(0.,0.,-1.));
#9778=DIRECTION('',(0.,0.,-1.));
#9779=DIRECTION('',(-1.,0.,0.));
#9780=DIRECTION('',(0.,0.,1.));
#9781=DIRECTION('',(0.,0.,1.));
#9782=DIRECTION('',(1.,0.,0.));
#9783=DIRECTION('',(0.,0.,-1.));
#9784=DIRECTION('',(0.,0.,1.));
#9785=DIRECTION('',(1.,0.,0.));
#9786=DIRECTION('',(0.,0.,1.));
#9787=DIRECTION('',(0.,0.,-1.));
#9788=DIRECTION('',(0.,0.,1.));
#9789=DIRECTION('',(1.,0.,0.));
#9790=DIRECTION('',(0.,0.,1.));
#9791=DIRECTION('',(0.,0.,1.));
#9792=DIRECTION('',(0.,0.,1.));
#9793=DIRECTION('',(1.,0.,0.));
#9794=DIRECTION('',(0.,0.,1.));
#9795=DIRECTION('',(0.,0.,1.));
#9796=DIRECTION('',(1.,0.,0.));
#9797=DIRECTION('',(0.,0.,-1.));
#9798=DIRECTION('',(0.716756023980944,-0.697324029477709,0.));
#9799=DIRECTION('',(0.697324029477709,0.716756023980944,0.));
#9800=DIRECTION('',(0.,0.,1.));
#9801=DIRECTION('',(-0.614405461461105,-0.7889904491987,0.));
#9802=DIRECTION('',(0.7889904491987,-0.614405461461105,0.));
#9803=DIRECTION('',(0.,0.,1.));
#9804=DIRECTION('',(-1.,0.,0.));
#9805=DIRECTION('',(0.,0.,1.));
#9806=DIRECTION('',(0.,0.,-1.));
#9807=DIRECTION('',(0.,0.,-1.));
#9808=DIRECTION('',(0.,0.,-1.));
#9809=DIRECTION('',(-1.,0.,0.));
#9810=DIRECTION('',(0.,0.,-1.));
#9811=DIRECTION('',(-1.,0.,0.));
#9812=DIRECTION('',(0.,0.,-1.));
#9813=DIRECTION('',(-1.,0.,0.));
#9814=DIRECTION('',(0.,0.,-1.));
#9815=DIRECTION('',(0.,0.,-1.));
#9816=DIRECTION('',(0.,0.,-1.));
#9817=DIRECTION('',(0.,0.,-1.));
#9818=DIRECTION('',(0.095131047027509,-0.995464757734522,0.));
#9819=DIRECTION('',(0.995464757734522,0.0951310470275091,0.));
#9820=DIRECTION('',(0.,0.,-1.));
#9821=DIRECTION('',(0.,0.,1.));
#9822=DIRECTION('',(0.,0.,1.));
#9823=DIRECTION('',(1.,0.,0.));
#9824=DIRECTION('',(0.,0.,1.));
#9825=DIRECTION('',(0.,0.,1.));
#9826=DIRECTION('',(0.,0.,1.));
#9827=DIRECTION('',(1.,0.,0.));
#9828=DIRECTION('',(0.,0.,1.));
#9829=DIRECTION('',(0.,0.,-1.));
#9830=DIRECTION('',(-1.,0.,0.));
#9831=DIRECTION('',(0.,0.,-1.));
#9832=DIRECTION('',(-1.,0.,0.));
#9833=DIRECTION('',(0.,0.,1.));
#9834=DIRECTION('',(1.,0.,0.));
#9835=DIRECTION('',(0.,0.,-1.));
#9836=DIRECTION('',(-1.,0.,0.));
#9837=CARTESIAN_POINT('',(0.,0.,0.));
#9838=CARTESIAN_POINT('',(0.,0.,0.));
#9839=CARTESIAN_POINT('',(0.010377242546595,0.0013144351944135,0.));
#9840=CARTESIAN_POINT('',(0.0103058942613243,0.000567836626112609,0.));
#9841=CARTESIAN_POINT('',(0.00964059618801371,0.00117353756352869,0.));
#9842=CARTESIAN_POINT('',(0.000147041382505552,0.00153866186472762,0.));
#9843=CARTESIAN_POINT('',(0.0106533796821146,0.000534629371260311,-5.55111512312578E-17));
#9844=CARTESIAN_POINT('',(0.0105929714672521,-9.74907499011098E-05,0.));
#9845=CARTESIAN_POINT('',(0.0108820902158224,0.000467872274380799,0.));
#9846=CARTESIAN_POINT('',(0.0112235690527163,0.00113562387786337,0.));
#9847=CARTESIAN_POINT('',(0.0117051344318659,0.0017105976038757,0.));
#9848=CARTESIAN_POINT('',(0.0117051344318659,0.00171059760387569,0.));
#9849=CARTESIAN_POINT('',(0.0115030813288803,0.00187982582204571,0.));
#9850=CARTESIAN_POINT('',(0.0112925262197906,0.00204128798705071,4.16333634234434E-17));
#9851=CARTESIAN_POINT('',(0.0110452023522412,0.00214068369967088,4.16333634234434E-17));
#9852=CARTESIAN_POINT('',(0.0110452023522412,0.00214068369967088,0.));
#9853=CARTESIAN_POINT('',(0.0107655289644674,0.00144477939865593,0.));
#9854=CARTESIAN_POINT('',(0.0106772635161565,0.00218956742932941,0.));
#9855=CARTESIAN_POINT('',(0.0106772635161565,0.00218956742932941,0.));
#9856=CARTESIAN_POINT('',(0.010549411928043,0.00217441563139854,0.));
#9857=CARTESIAN_POINT('',(0.0104237210934515,0.00214342951822026,0.));
#9858=CARTESIAN_POINT('',(0.0102953801820572,0.00213201237481181,0.));
#9859=CARTESIAN_POINT('',(0.0102953801820572,0.00213201237481181,-2.08166817117217E-17));
#9860=CARTESIAN_POINT('',(0.0103618373616838,0.0013849625483102,0.));
#9861=CARTESIAN_POINT('',(0.00963353316099666,0.00120587320953909,0.));
#9862=CARTESIAN_POINT('',(0.00901690227108156,0.00105424423604622,0.));
#9863=CARTESIAN_POINT('',(0.00039757598084669,-0.00547526325500641,0.));
#9864=CARTESIAN_POINT('',(0.000194461706751797,-0.00491594365669556,0.));
#9865=CARTESIAN_POINT('',(0.000600690254941583,-0.00603458285331726,0.));
#9866=CARTESIAN_POINT('',(0.000892611569724977,-0.0067364361602813,0.));
#9867=CARTESIAN_POINT('',(0.00118453288450837,-0.00743828946724534,0.));
#9868=CARTESIAN_POINT('',(0.00171868677716702,-0.00794759928248823,0.));
#9869=CARTESIAN_POINT('',(0.00225284066982567,-0.00845690909773111,0.));
#9870=CARTESIAN_POINT('',(0.00231495150364936,-0.00822088727727532,0.));
#9871=CARTESIAN_POINT('',(0.00237706233747304,-0.00798486545681953,0.));
#9872=CARTESIAN_POINT('',(0.00220126911517992,-0.00793860421031236,0.));
#9873=CARTESIAN_POINT('',(0.0020254758928868,-0.00789234296380519,0.));
#9874=CARTESIAN_POINT('',(0.0018286037047842,-0.00780196032933413,0.));
#9875=CARTESIAN_POINT('',(0.00163173151668161,-0.00771157769486308,0.));
#9876=CARTESIAN_POINT('',(0.00101546271579939,-0.00626687855661674,0.));
#9877=CARTESIAN_POINT('',(0.000399193914917171,-0.00482217941837041,0.));
#9878=CARTESIAN_POINT('',(-4.66566029964017E-19,-0.00422094436362386,0.));
#9879=CARTESIAN_POINT('',(-0.000399193914917173,-0.0048221794183704,0.));
#9880=CARTESIAN_POINT('',(-0.00101546271579939,-0.00626687855661674,0.));
#9881=CARTESIAN_POINT('',(-0.00163173151668162,-0.00771157769486308,0.));
#9882=CARTESIAN_POINT('',(-0.00182860370478421,-0.00780196032933413,0.));
#9883=CARTESIAN_POINT('',(-0.0020254758928868,-0.00789234296380519,0.));
#9884=CARTESIAN_POINT('',(-0.00220126911517992,-0.00793860421031236,0.));
#9885=CARTESIAN_POINT('',(-0.00237706233747304,-0.00798486545681953,0.));
#9886=CARTESIAN_POINT('',(-0.00231495150364936,-0.00822088727727532,0.));
#9887=CARTESIAN_POINT('',(-0.00225284066982567,-0.00845690909773111,0.));
#9888=CARTESIAN_POINT('',(-0.00171868677716703,-0.00794759928248823,0.));
#9889=CARTESIAN_POINT('',(-0.00118453288450837,-0.00743828946724534,0.));
#9890=CARTESIAN_POINT('',(-0.000892611569724978,-0.0067364361602813,0.));
#9891=CARTESIAN_POINT('',(-0.000600690254941584,-0.00603458285331726,0.));
#9892=CARTESIAN_POINT('',(-0.000397575980846691,-0.00547526325500641,0.));
#9893=CARTESIAN_POINT('',(-0.000194461706751798,-0.00491594365669556,0.));
#9894=CARTESIAN_POINT('',(-3.93023287525996E-19,-0.00422094436362385,0.));
#9895=CARTESIAN_POINT('',(-0.00141311895001369,0.000639268477242081,0.));
#9896=CARTESIAN_POINT('',(0.00123420639149744,0.0064912473251279,0.));
#9897=CARTESIAN_POINT('',(0.000996894606708108,0.00596666369229474,0.));
#9898=CARTESIAN_POINT('',(0.00145244852202628,0.00576057965545956,0.));
#9899=CARTESIAN_POINT('',(0.000953039146099485,0.00578487523605377,0.));
#9900=CARTESIAN_POINT('',(0.000670027160956628,-3.25959016270365E-05,0.));
#9901=CARTESIAN_POINT('',(0.000758258134907227,0.00178104158142155,0.));
#9902=CARTESIAN_POINT('',(0.00125766751083402,0.00175674600082734,0.));
#9903=CARTESIAN_POINT('',(0.00172027022413446,0.00156701268892069,0.));
#9904=CARTESIAN_POINT('',(0.000922406062196105,-0.000378318483812219,0.));
#9905=CARTESIAN_POINT('',(0.00248883386437461,0.00344090410917945,0.));
#9906=CARTESIAN_POINT('',(0.00202623115107417,0.00363063742108611,0.));
#9907=CARTESIAN_POINT('',(0.00252623115107417,0.00363063742108611,0.));
#9908=CARTESIAN_POINT('',(0.00252623115107417,0.,0.));
#9909=CARTESIAN_POINT('',(0.00252623115107417,0.00661689519424791,0.));
#9910=CARTESIAN_POINT('',(0.00202623115107417,0.00661689519424791,0.));
#9911=CARTESIAN_POINT('',(0.00167519401263672,0.00697294705484921,0.));
#9912=CARTESIAN_POINT('',(-0.00266040580730697,0.00269841089140174,0.));
#9913=CARTESIAN_POINT('',(0.00133872316837815,0.00664121514889401,0.));
#9914=CARTESIAN_POINT('',(0.00168976030681561,0.00628516328829272,0.));
#9915=CARTESIAN_POINT('',(0.000386772982261933,-0.00242034799726678,0.));
#9916=CARTESIAN_POINT('',(-0.00878776335985346,-0.00388644410655256,0.));
#9917=CARTESIAN_POINT('',(-0.0102638056989234,-0.00412231650922839,0.));
#9918=CARTESIAN_POINT('',(-0.00886666259955928,-0.00339270843843262,0.));
#9919=CARTESIAN_POINT('',(-0.00868877433541441,-0.00292542290957524,0.));
#9920=CARTESIAN_POINT('',(-0.00207249702342304,-0.0054441358023309,0.));
#9921=CARTESIAN_POINT('',(-0.00934159897010788,-0.00267690282092495,0.));
#9922=CARTESIAN_POINT('',(-0.00951948723425275,-0.00314418834978234,0.));
#9923=CARTESIAN_POINT('',(-0.00947976204584458,-0.00264576893863753,0.));
#9924=CARTESIAN_POINT('',(-0.000269382529662754,-0.00337985764668104,0.));
#9925=CARTESIAN_POINT('',(-0.011307712574804,-0.00250007702227146,0.));
#9926=CARTESIAN_POINT('',(-0.0113474377632122,-0.00299849643341626,0.));
#9927=CARTESIAN_POINT('',(-0.0114806533073556,-0.00251656944849159,0.));
#9928=CARTESIAN_POINT('',(-0.000168703499449327,0.000610309925607201,0.));
#9929=CARTESIAN_POINT('',(-0.0121178176983456,-0.00269269613097602,0.));
#9930=CARTESIAN_POINT('',(-0.0119846021542022,-0.00317462311590069,0.));
#9931=CARTESIAN_POINT('',(-0.0124846021542022,-0.00317462311590069,0.));
#9932=CARTESIAN_POINT('',(-0.0124846021542022,0.,0.));
#9933=CARTESIAN_POINT('',(-0.0124846021542022,-0.00322315771940693,0.));
#9934=CARTESIAN_POINT('',(-0.0119846021542022,-0.00322315771940693,0.));
#9935=CARTESIAN_POINT('',(-0.0123429801661927,-0.00357181973414579,0.));
#9936=CARTESIAN_POINT('',(-0.00812630823363793,-0.00790599564240138,0.));
#9937=CARTESIAN_POINT('',(-0.0121575398692085,-0.00376242760700484,0.));
#9938=CARTESIAN_POINT('',(-0.011799161857218,-0.00341376559226599,0.));
#9939=CARTESIAN_POINT('',(-0.011872118415785,-0.00390841429646126,0.));
#9940=CARTESIAN_POINT('',(-0.000816950316248213,-0.00553895939256906,0.));
#9941=CARTESIAN_POINT('',(-0.0104156614971962,-0.00412322954530373,0.));
#9942=CARTESIAN_POINT('',(-0.0103427049386292,-0.00362858084110845,0.));
#9943=CARTESIAN_POINT('',(-0.00521507709626367,0.00598200211742619,0.));
#9944=CARTESIAN_POINT('',(-0.00545599218519749,0.00577197364572387,0.));
#9945=CARTESIAN_POINT('',(-0.00576005806241695,0.00550689065830346,0.));
#9946=CARTESIAN_POINT('',(-0.00528513706422268,0.00557599270880222,0.));
#9947=CARTESIAN_POINT('',(-0.00538858002139189,0.0058145289840563,0.));
#9948=CARTESIAN_POINT('',(-0.00558750878517882,0.00627325259031415,0.));
#9949=CARTESIAN_POINT('',(-0.00508750878517882,0.00627325259031415,0.));
#9950=CARTESIAN_POINT('',(-0.00508750878517882,0.,0.));
#9951=CARTESIAN_POINT('',(-0.00508750878517882,0.00809148982308488,0.));
#9952=CARTESIAN_POINT('',(-0.00558750878517882,0.00809148982308488,0.));
#9953=CARTESIAN_POINT('',(-0.00548243208837075,0.00858032403607319,0.));
#9954=CARTESIAN_POINT('',(0.00152078768121131,0.00707495640660605,0.));
#9955=CARTESIAN_POINT('',(-0.00646475865539986,0.00879147871409631,0.));
#9956=CARTESIAN_POINT('',(-0.00656983535220793,0.00830264450110799,0.));
#9957=CARTESIAN_POINT('',(-0.00665522880757842,0.00879529849508336,0.));
#9958=CARTESIAN_POINT('',(-0.00167417350436537,0.00965868238912346,0.));
#9959=CARTESIAN_POINT('',(-0.00780163342723452,0.00859658813665274,0.));
#9960=CARTESIAN_POINT('',(-0.00771623997186404,0.00810393414267736,0.));
#9961=CARTESIAN_POINT('',(-0.00793679951119288,0.00855265843398668,0.));
#9962=CARTESIAN_POINT('',(-0.00493023129065774,0.010030464103359,0.));
#9963=CARTESIAN_POINT('',(-0.00810054205699098,0.00847217475799851,0.));
#9964=CARTESIAN_POINT('',(-0.00787998251766213,0.00802345046668919,0.));
#9965=CARTESIAN_POINT('',(-0.00827066426776662,0.00771141237584884,0.));
#9966=CARTESIAN_POINT('',(-0.00128916100497389,-0.00102965479874678,0.));
#9967=CARTESIAN_POINT('',(-0.00664383372032688,0.00567456808005937,0.));
#9968=CARTESIAN_POINT('',(-0.00625315197022239,0.00598660617089972,0.));
#9969=CARTESIAN_POINT('',(-0.0065181516547692,0.00556260715298801,0.));
#9970=CARTESIAN_POINT('',(0.000669104951310289,0.00107056671678911,0.));
#9971=CARTESIAN_POINT('',(-0.00635362528729991,0.00545977805754876,0.));
#9972=CARTESIAN_POINT('',(-0.00608862560275311,0.00588377707546047,0.));
#9973=CARTESIAN_POINT('',(0.00266040580730697,0.00269841089140174,0.));
#9974=CARTESIAN_POINT('',(-0.00167519401263672,0.00697294705484921,0.));
#9975=CARTESIAN_POINT('',(-0.00133872316837815,0.00664121514889401,0.));
#9976=CARTESIAN_POINT('',(-0.00202623115107417,0.00661689519424791,0.));
#9977=CARTESIAN_POINT('',(-0.00252623115107417,0.00661689519424791,0.));
#9978=CARTESIAN_POINT('',(-0.00252623115107417,2.35525652930897E-19,0.));
#9979=CARTESIAN_POINT('',(-0.00252623115107417,0.00363063742108611,0.));
#9980=CARTESIAN_POINT('',(-0.00202623115107417,0.00363063742108611,0.));
#9981=CARTESIAN_POINT('',(-0.00248883386437461,0.00344090410917945,0.));
#9982=CARTESIAN_POINT('',(-0.000922406062196105,-0.000378318483812219,0.));
#9983=CARTESIAN_POINT('',(-0.00172027022413446,0.00156701268892069,0.));
#9984=CARTESIAN_POINT('',(-0.00125766751083402,0.00175674600082734,0.));
#9985=CARTESIAN_POINT('',(-0.000758258134907227,0.00178104158142155,0.));
#9986=CARTESIAN_POINT('',(-0.000670027160956628,-3.25959016270365E-05,0.));
#9987=CARTESIAN_POINT('',(-0.000953039146099484,0.00578487523605377,0.));
#9988=CARTESIAN_POINT('',(-0.00145244852202628,0.00576057965545956,0.));
#9989=CARTESIAN_POINT('',(-0.000996894606708108,0.00596666369229475,0.));
#9990=CARTESIAN_POINT('',(0.00141311895001369,0.00063926847724208,0.));
#9991=CARTESIAN_POINT('',(-0.00123420639149743,0.0064912473251279,0.));
#9992=CARTESIAN_POINT('',(-0.00168976030681561,0.00628516328829272,0.));
#9993=CARTESIAN_POINT('',(-0.00453246656747819,-0.00417992610200868,0.));
#9994=CARTESIAN_POINT('',(-0.00460278838444607,-0.00368489595943315,0.));
#9995=CARTESIAN_POINT('',(-0.00430004957040751,-0.00462262502845038,0.));
#9996=CARTESIAN_POINT('',(-0.000841459772442422,-0.0301627533208824,0.));
#9997=CARTESIAN_POINT('',(-0.00653883704484346,-0.00403299221220295,2.77555756156289E-17));
#9998=CARTESIAN_POINT('',(-0.00659422650447308,-0.00377896070281496,0.));
#9999=CARTESIAN_POINT('',(-0.00655319889982606,-0.00403570325023733,2.77555756156289E-17));
#10000=CARTESIAN_POINT('',(0.000465672221967745,-0.00291408366538673,0.));
#10001=CARTESIAN_POINT('',(-0.0110163498862775,-0.00474891730840767,0.));
#10002=CARTESIAN_POINT('',(-0.0109374506465717,-0.00524265297652761,0.));
#10003=CARTESIAN_POINT('',(-0.0112446533773022,-0.00484815775192826,0.));
#10004=CARTESIAN_POINT('',(-0.00189459683046864,0.0024329516875828,0.));
#10005=CARTESIAN_POINT('',(-0.0118355043048712,-0.00530826729720403,0.));
#10006=CARTESIAN_POINT('',(-0.0115283015741407,-0.00570276252180338,0.));
#10007=CARTESIAN_POINT('',(-0.0115283015741407,-0.00620276252180338,0.));
#10008=CARTESIAN_POINT('',(0.,-0.00620276252180338,0.));
#10009=CARTESIAN_POINT('',(-0.0090706002646194,-0.00620276252180338,0.));
#10010=CARTESIAN_POINT('',(-0.0090706002646194,-0.00570276252180338,0.));
#10011=CARTESIAN_POINT('',(-0.00893738472047605,-0.00618468950672806,0.));
#10012=CARTESIAN_POINT('',(0.000953807415663089,-0.0034505397623467,0.));
#10013=CARTESIAN_POINT('',(-0.0054789682959428,-0.00522870480306899,0.));
#10014=CARTESIAN_POINT('',(-0.00561218384008616,-0.00474677781814431,0.));
#10015=CARTESIAN_POINT('',(-0.00537976684301547,-0.00518947674458603,0.));
#10016=CARTESIAN_POINT('',(0.00097338704692047,-0.00185407008142743,0.));
#10017=CARTESIAN_POINT('',(0.0244,0.,0.));
#10018=CARTESIAN_POINT('',(0.0244,-0.01865,0.));
#10019=CARTESIAN_POINT('',(0.0244,0.01865,0.));
#10020=CARTESIAN_POINT('',(0.0214,-0.01865,0.));
#10021=CARTESIAN_POINT('',(0.0214,-0.02165,0.));
#10022=CARTESIAN_POINT('',(3.46944695195361E-18,-0.02165,0.));
#10023=CARTESIAN_POINT('',(-0.0214,-0.02165,0.));
#10024=CARTESIAN_POINT('',(-0.0214,-0.01865,0.));
#10025=CARTESIAN_POINT('',(-0.0244,-0.01865,0.));
#10026=CARTESIAN_POINT('',(-0.0244,0.,0.));
#10027=CARTESIAN_POINT('',(-0.0244,0.01865,0.));
#10028=CARTESIAN_POINT('',(-0.0214,0.01865,0.));
#10029=CARTESIAN_POINT('',(-0.0214,0.02165,0.));
#10030=CARTESIAN_POINT('',(-3.46944695195361E-18,0.02165,0.));
#10031=CARTESIAN_POINT('',(0.0214,0.02165,0.));
#10032=CARTESIAN_POINT('',(0.0214,0.01865,0.));
#10033=CARTESIAN_POINT('',(-0.00436279499388063,0.00557599270880222,0.));
#10034=CARTESIAN_POINT('',(-0.00416750679777751,0.00574763920734732,2.77555756156289E-17));
#10035=CARTESIAN_POINT('',(-0.00426861813300896,0.00581833692448801,0.));
#10036=CARTESIAN_POINT('',(-0.0120154977450461,-0.00115026959406859,0.));
#10037=CARTESIAN_POINT('',(-0.00391392038433761,0.00544795380390123,0.));
#10038=CARTESIAN_POINT('',(-0.00352623115107418,0.00576370221389186,0.));
#10039=CARTESIAN_POINT('',(-0.00302623115107417,0.00576370221389186,0.));
#10040=CARTESIAN_POINT('',(-0.00302623115107417,2.8214166683579E-19,0.));
#10041=CARTESIAN_POINT('',(-0.00302623115107417,0.00756671554804761,0.));
#10042=CARTESIAN_POINT('',(-0.00352623115107417,0.00756671554804761,0.));
#10043=CARTESIAN_POINT('',(-0.00339050118465964,0.00804794041878593,0.));
#10044=CARTESIAN_POINT('',(0.00185280985378554,0.00656905918378824,0.));
#10045=CARTESIAN_POINT('',(-0.00395177881876429,0.00820624934889041,0.));
#10046=CARTESIAN_POINT('',(-0.00408750878517882,0.0077250244781521,0.));
#10047=CARTESIAN_POINT('',(-0.00458750878517882,0.0077250244781521,0.));
#10048=CARTESIAN_POINT('',(-0.00458750878517882,0.,0.));
#10049=CARTESIAN_POINT('',(-0.00458750878517882,0.00628438349311452,0.));
#10050=CARTESIAN_POINT('',(-0.00408750878517882,0.00628438349311452,0.));
#10051=CARTESIAN_POINT('',(-0.00681419041201842,-0.00198747407804905,0.));
#10052=CARTESIAN_POINT('',(-0.00907427553983691,0.00576138190876403,0.));
#10053=CARTESIAN_POINT('',(-0.00931533490605686,0.00658787038484804,0.));
#10054=CARTESIAN_POINT('',(-0.00859427557533067,0.00590138203045685,0.));
#10055=CARTESIAN_POINT('',(-0.00886088868094499,0.00547839568089615,0.));
#10056=CARTESIAN_POINT('',(-4.81422849889673E-05,-7.63785761396557E-05,0.));
#10057=CARTESIAN_POINT('',(-0.00787518321528696,0.00485709431811448,0.));
#10058=CARTESIAN_POINT('',(-0.00760857010967263,0.00528008066767518,0.));
#10059=CARTESIAN_POINT('',(-0.00721788835956814,0.00559211875851553,0.));
#10060=CARTESIAN_POINT('',(-0.00167984275507838,-0.00134169288958713,0.));
#10061=CARTESIAN_POINT('',(-0.00842203197030622,0.00709974538176963,0.));
#10062=CARTESIAN_POINT('',(-0.00881271372041071,0.00678770729092928,0.));
#10063=CARTESIAN_POINT('',(-0.009280407857957,0.00696451847186769,0.));
#10064=CARTESIAN_POINT('',(-0.0104235873287896,0.0039406240901096,0.));
#10065=CARTESIAN_POINT('',(-0.00930302907909691,0.00690468168747927,0.));
#10066=CARTESIAN_POINT('',(-0.00883533494155062,0.00672787050654086,0.));
#10067=CARTESIAN_POINT('',(-0.00189460875927818,-0.00497685027347351,0.));
#10068=CARTESIAN_POINT('',(-0.00613592813518276,-0.00336224657857941,0.));
#10069=CARTESIAN_POINT('',(-0.00920021406285584,-0.00219572103722526,0.));
#10070=CARTESIAN_POINT('',(-0.00595803987103788,-0.00289496104972203,0.));
#10071=CARTESIAN_POINT('',(-0.00586582824406658,-0.00338638450851424,0.));
#10072=CARTESIAN_POINT('',(-0.000841459772443587,-0.0301627533208768,0.));
#10073=CARTESIAN_POINT('',(-0.00400552867004135,-0.00310343194495246,0.));
#10074=CARTESIAN_POINT('',(-0.00406359844389344,-0.00260681549197817,0.));
#10075=CARTESIAN_POINT('',(-0.00387242255738713,-0.00214480707168854,0.));
#10076=CARTESIAN_POINT('',(-0.00132387981707199,-0.00319937641779172,0.));
#10077=CARTESIAN_POINT('',(-0.0057551974821476,-0.00136572783952365,0.));
#10078=CARTESIAN_POINT('',(-0.00565578602116431,-0.00112548346097304,0.));
#10079=CARTESIAN_POINT('',(-0.00576496643823679,-0.00136144879005314,0.));
#10080=CARTESIAN_POINT('',(-0.00153543223026594,-0.00331844099161444,0.));
#10081=CARTESIAN_POINT('',(-0.00806718276779814,-0.000296220520999814,0.));
#10082=CARTESIAN_POINT('',(-0.00827714510832214,-0.00075,0.));
#10083=CARTESIAN_POINT('',(-0.00827714510832214,-0.00025,0.));
#10084=CARTESIAN_POINT('',(0.,-0.00025,0.));
#10085=CARTESIAN_POINT('',(-0.00964217737576466,-0.00025,0.));
#10086=CARTESIAN_POINT('',(-0.00964217737576466,-0.00075,0.));
#10087=CARTESIAN_POINT('',(-0.00968974289927842,-0.000252267621132739,0.));
#10088=CARTESIAN_POINT('',(-6.38017163564819E-05,0.000667630201709921,0.));
#10089=CARTESIAN_POINT('',(-0.0102786055929103,-0.00030854196350939,0.));
#10090=CARTESIAN_POINT('',(-0.0102310400693966,-0.000806274342376651,0.));
#10091=CARTESIAN_POINT('',(-0.0106063393187939,-0.000475895055190281,0.));
#10092=CARTESIAN_POINT('',(-0.00573956448531888,0.00505258997044282,0.));
#10093=CARTESIAN_POINT('',(-0.0107148065184943,-0.000599109978796673,0.));
#10094=CARTESIAN_POINT('',(-0.010339507269097,-0.000929489265983043,0.));
#10095=CARTESIAN_POINT('',(-0.0105988134559309,-0.0013569940045178,0.));
#10096=CARTESIAN_POINT('',(-0.00345236032463269,-0.00569172843860963,0.));
#10097=CARTESIAN_POINT('',(-0.00928163198554486,-0.00215594024690263,0.));
#10098=CARTESIAN_POINT('',(-0.00902232579871097,-0.00172843550836787,0.));
#10099=CARTESIAN_POINT('',(-0.000364450016568739,-0.000264600725193254,0.));
#10100=CARTESIAN_POINT('',(-0.00303138954589687,0.00340873068741559,0.));
#10101=CARTESIAN_POINT('',(-0.00396498389168741,0.0046946246491322,0.));
#10102=CARTESIAN_POINT('',(-0.0120154977450461,-0.00115026959406859,0.));
#10103=CARTESIAN_POINT('',(-0.00431840790894023,0.00515277491412249,0.));
#10104=CARTESIAN_POINT('',(-0.00470525288356499,0.00483599270880222,0.));
#10105=CARTESIAN_POINT('',(-0.00470525288356499,0.00533599270880222,0.));
#10106=CARTESIAN_POINT('',(1.0253632254966E-17,0.00533599270880221,0.));
#10107=CARTESIAN_POINT('',(-0.00500786058337919,0.00533599270880222,0.));
#10108=CARTESIAN_POINT('',(-0.00500786058337919,0.00483599270880222,0.));
#10109=CARTESIAN_POINT('',(-0.00533642812371535,0.00521287912595923,0.));
#10110=CARTESIAN_POINT('',(-0.00488650955592751,0.00560511570026918,0.));
#10111=CARTESIAN_POINT('',(-0.00559332952095916,0.00498891387712365,0.));
#10112=CARTESIAN_POINT('',(-0.00526476198062301,0.00461202745996664,0.));
#10113=CARTESIAN_POINT('',(-0.00576476198062301,0.00461202745996664,0.));
#10114=CARTESIAN_POINT('',(-0.00576476198062301,0.,0.));
#10115=CARTESIAN_POINT('',(-0.00576476198062301,0.00432527693627268,0.));
#10116=CARTESIAN_POINT('',(-0.00526476198062301,0.00432527693627268,0.));
#10117=CARTESIAN_POINT('',(-0.00571456008770537,0.00410691562361604,0.));
#10118=CARTESIAN_POINT('',(-0.00301114072522927,-0.0014618039315904,0.));
#10119=CARTESIAN_POINT('',(-0.00442383560269646,0.00144817803379958,0.));
#10120=CARTESIAN_POINT('',(-0.00397403749561411,0.00166653934645621,0.));
#10121=CARTESIAN_POINT('',(-0.00426765129708289,0.00126182841803069,0.));
#10122=CARTESIAN_POINT('',(-0.000871875108472037,-0.00120177383643301,0.));
#10123=CARTESIAN_POINT('',(-0.00265598673071384,9.25816129960187E-05,0.));
#10124=CARTESIAN_POINT('',(-0.00236237292924505,0.000497292541421542,0.));
#10125=CARTESIAN_POINT('',(-0.00189977021594461,0.000687025853328196,0.));
#10126=CARTESIAN_POINT('',(-0.00138500877549655,-0.000568051795718873,0.));
#10127=CARTESIAN_POINT('',(-0.00297339440424124,0.00330470778582593,0.));
#10128=CARTESIAN_POINT('',(-0.00343599711754168,0.00311497447391928,0.));
#10129=CARTESIAN_POINT('',(-0.00113270393056567,-0.00273736799750209,0.));
#10130=CARTESIAN_POINT('',(-0.00299485408569152,-0.00196682315225685,0.));
#10131=CARTESIAN_POINT('',(-0.00554999470150298,-0.000909523650940742,0.));
#10132=CARTESIAN_POINT('',(-0.00309426554667482,-0.00220706753080745,0.));
#10133=CARTESIAN_POINT('',(-0.00294274047522568,-0.00199578536704928,0.));
#10134=CARTESIAN_POINT('',(-0.00194466024040914,-0.00271157782298812,0.));
#10135=CARTESIAN_POINT('',(-0.00197037476664778,-0.00269313615542715,0.));
#10136=CARTESIAN_POINT('',(-0.00167898039847638,-0.00228682430204604,0.));
#10137=CARTESIAN_POINT('',(-0.00124736171444064,-0.0020344251903375,0.));
#10138=CARTESIAN_POINT('',(-0.00181602997196589,-0.00106196596374016,0.));
#10139=CARTESIAN_POINT('',(-0.00168932717341945,-0.00127863588306781,0.));
#10140=CARTESIAN_POINT('',(-0.00212094585745518,-0.00153103499477634,0.));
#10141=CARTESIAN_POINT('',(-0.0018273320559864,-0.00112632406635082,0.));
#10142=CARTESIAN_POINT('',(-0.00116548890994082,-0.00160648476485853,0.));
#10143=CARTESIAN_POINT('',(-0.00465354501324119,0.000924065660875489,0.));
#10144=CARTESIAN_POINT('',(-0.00494715881470997,0.000519354732449965,0.));
#10145=CARTESIAN_POINT('',(-0.0047382922168984,0.000973639603779203,0.));
#10146=CARTESIAN_POINT('',(-0.000457301913755809,-0.000994631708592264,0.));
#10147=CARTESIAN_POINT('',(-0.00700822164288794,0.00201728526842911,0.));
#10148=CARTESIAN_POINT('',(-0.00721708824069951,0.00156300039709987,0.));
#10149=CARTESIAN_POINT('',(-0.0073909710979006,0.00203179113076638,0.));
#10150=CARTESIAN_POINT('',(-0.00155635452927119,0.00419595464076407,0.));
#10151=CARTESIAN_POINT('',(-0.00787614997815899,0.00185182961725027,0.));
#10152=CARTESIAN_POINT('',(-0.00796656906390355,0.00209560079875685,0.));
#10153=CARTESIAN_POINT('',(-0.0079418349916764,0.00183677996174587,0.));
#10154=CARTESIAN_POINT('',(-0.000245815276688271,0.00257224589134579,0.));
#10155=CARTESIAN_POINT('',(-0.00822929488445506,0.00180930901376306,0.));
#10156=CARTESIAN_POINT('',(-0.0081817293609413,0.0013115766348958,0.));
#10157=CARTESIAN_POINT('',(-0.00866466092249504,0.0014411031065349,0.));
#10158=CARTESIAN_POINT('',(-0.00844376710796443,0.00226469224193622,0.));
#10159=CARTESIAN_POINT('',(-0.00868302552898806,0.00137263178960048,0.));
#10160=CARTESIAN_POINT('',(-0.00820009396743433,0.00124310531796138,0.));
#10161=CARTESIAN_POINT('',(-0.00857715107388796,0.000914733671084216,0.));
#10162=CARTESIAN_POINT('',(-0.00442469450410446,-0.00385337975699929,0.));
#10163=CARTESIAN_POINT('',(-0.00802874111635923,0.000285014650874507,0.));
#10164=CARTESIAN_POINT('',(-0.0076516840099056,0.000613386297751672,0.));
#10165=CARTESIAN_POINT('',(-0.00786164635042961,0.000159606818751486,0.));
#10166=CARTESIAN_POINT('',(-0.00132546988974194,-0.00286466151261425,0.));
#10167=CARTESIAN_POINT('',(-0.00556878115552067,-0.000901294709651297,0.));
#10168=CARTESIAN_POINT('',(-0.00535881881499666,-0.000447515230651111,0.));
#10169=CARTESIAN_POINT('',(0.00132387981707199,-0.00319937641779173,0.));
#10170=CARTESIAN_POINT('',(0.00387242255738712,-0.00214480707168855,0.));
#10171=CARTESIAN_POINT('',(0.00575519748214759,-0.00136572783952366,0.));
#10172=CARTESIAN_POINT('',(0.00406359844389344,-0.00260681549197817,0.));
#10173=CARTESIAN_POINT('',(0.00400552867004134,-0.00310343194495246,0.));
#10174=CARTESIAN_POINT('',(0.000841459772443567,-0.0301627533208768,0.));
#10175=CARTESIAN_POINT('',(0.00586582824406658,-0.00338638450851424,0.));
#10176=CARTESIAN_POINT('',(0.00595803987103788,-0.00289496104972203,0.));
#10177=CARTESIAN_POINT('',(0.00613592813518275,-0.00336224657857942,0.));
#10178=CARTESIAN_POINT('',(0.00189460875927817,-0.00497685027347351,0.));
#10179=CARTESIAN_POINT('',(0.00920021406285584,-0.00219572103722526,0.));
#10180=CARTESIAN_POINT('',(0.00902232579871097,-0.00172843550836788,0.));
#10181=CARTESIAN_POINT('',(0.00928163198554486,-0.00215594024690263,0.));
#10182=CARTESIAN_POINT('',(0.00345236032463269,-0.00569172843860963,0.));
#10183=CARTESIAN_POINT('',(0.0105988134559309,-0.0013569940045178,0.));
#10184=CARTESIAN_POINT('',(0.010339507269097,-0.000929489265983044,0.));
#10185=CARTESIAN_POINT('',(0.0107148065184943,-0.000599109978796675,0.));
#10186=CARTESIAN_POINT('',(0.00573956448531888,0.00505258997044282,0.));
#10187=CARTESIAN_POINT('',(0.0106063393187939,-0.000475895055190283,0.));
#10188=CARTESIAN_POINT('',(0.0102310400693966,-0.000806274342376652,0.));
#10189=CARTESIAN_POINT('',(0.0102786055929103,-0.000308541963509391,0.));
#10190=CARTESIAN_POINT('',(6.38017163564819E-05,0.000667630201709921,0.));
#10191=CARTESIAN_POINT('',(0.00968974289927842,-0.00025226762113274,0.));
#10192=CARTESIAN_POINT('',(0.00964217737576466,-0.00075,0.));
#10193=CARTESIAN_POINT('',(0.00964217737576466,-0.00025,0.));
#10194=CARTESIAN_POINT('',(-3.06161699786838E-20,-0.00025,0.));
#10195=CARTESIAN_POINT('',(0.00827714510832214,-0.00025,0.));
#10196=CARTESIAN_POINT('',(0.00827714510832214,-0.00075,0.));
#10197=CARTESIAN_POINT('',(0.00806718276779814,-0.000296220520999813,0.));
#10198=CARTESIAN_POINT('',(0.00153543223026594,-0.00331844099161444,0.));
#10199=CARTESIAN_POINT('',(0.00576496643823678,-0.00136144879005314,0.));
#10200=CARTESIAN_POINT('',(0.0056557860211643,-0.00112548346097305,0.));
#10201=CARTESIAN_POINT('',(0.00132546988974194,-0.00286466151261425,0.));
#10202=CARTESIAN_POINT('',(0.00556878115552066,-0.000901294709651302,0.));
#10203=CARTESIAN_POINT('',(0.00786164635042961,0.000159606818751485,0.));
#10204=CARTESIAN_POINT('',(0.0076516840099056,0.000613386297751672,0.));
#10205=CARTESIAN_POINT('',(0.00802874111635923,0.000285014650874507,0.));
#10206=CARTESIAN_POINT('',(0.00442469450410446,-0.00385337975699929,0.));
#10207=CARTESIAN_POINT('',(0.00857715107388796,0.000914733671084217,0.));
#10208=CARTESIAN_POINT('',(0.00820009396743433,0.00124310531796138,0.));
#10209=CARTESIAN_POINT('',(0.00868302552898807,0.00137263178960047,0.));
#10210=CARTESIAN_POINT('',(0.00844376710796443,0.00226469224193622,0.));
#10211=CARTESIAN_POINT('',(0.00866466092249504,0.0014411031065349,0.));
#10212=CARTESIAN_POINT('',(0.0081817293609413,0.0013115766348958,0.));
#10213=CARTESIAN_POINT('',(0.00822929488445506,0.00180930901376306,0.));
#10214=CARTESIAN_POINT('',(0.000245815276688271,0.00257224589134579,0.));
#10215=CARTESIAN_POINT('',(0.0079418349916764,0.00183677996174587,0.));
#10216=CARTESIAN_POINT('',(0.00796656906390355,0.00209560079875685,0.));
#10217=CARTESIAN_POINT('',(0.00787614997815899,0.00185182961725027,0.));
#10218=CARTESIAN_POINT('',(0.00155635452927119,0.00419595464076407,0.));
#10219=CARTESIAN_POINT('',(0.0073909710979006,0.00203179113076637,0.));
#10220=CARTESIAN_POINT('',(0.00721708824069951,0.00156300039709987,0.));
#10221=CARTESIAN_POINT('',(0.00700822164288794,0.00201728526842911,0.));
#10222=CARTESIAN_POINT('',(0.00045730191375581,-0.000994631708592265,0.));
#10223=CARTESIAN_POINT('',(0.0047382922168984,0.0009736396037792,0.));
#10224=CARTESIAN_POINT('',(0.00494715881470997,0.000519354732449963,0.));
#10225=CARTESIAN_POINT('',(0.00465354501324118,0.000924065660875487,0.));
#10226=CARTESIAN_POINT('',(0.00116548890994082,-0.00160648476485853,0.));
#10227=CARTESIAN_POINT('',(0.0018273320559864,-0.00112632406635082,0.));
#10228=CARTESIAN_POINT('',(0.00212094585745518,-0.00153103499477634,0.));
#10229=CARTESIAN_POINT('',(0.00168932717341945,-0.00127863588306781,0.));
#10230=CARTESIAN_POINT('',(0.00181602997196589,-0.00106196596374016,0.));
#10231=CARTESIAN_POINT('',(0.00124736171444065,-0.0020344251903375,0.));
#10232=CARTESIAN_POINT('',(0.00167898039847638,-0.00228682430204604,0.));
#10233=CARTESIAN_POINT('',(0.00197037476664778,-0.00269313615542715,0.));
#10234=CARTESIAN_POINT('',(0.00194466024040914,-0.00271157782298812,0.));
#10235=CARTESIAN_POINT('',(0.00294274047522568,-0.00199578536704928,-5.55111512312578E-17));
#10236=CARTESIAN_POINT('',(0.00309426554667481,-0.00220706753080745,0.));
#10237=CARTESIAN_POINT('',(0.00299485408569152,-0.00196682315225685,0.));
#10238=CARTESIAN_POINT('',(0.00113270393056567,-0.00273736799750209,0.));
#10239=CARTESIAN_POINT('',(0.00554999470150298,-0.000909523650940747,0.));
#10240=CARTESIAN_POINT('',(0.00535881881499665,-0.000447515230651115,0.));
#10241=CARTESIAN_POINT('',(0.00189459683046864,0.0024329516875828,0.));
#10242=CARTESIAN_POINT('',(0.0118355043048712,-0.00530826729720403,0.));
#10243=CARTESIAN_POINT('',(0.0112446533773022,-0.00484815775192826,0.));
#10244=CARTESIAN_POINT('',(0.0109374506465717,-0.00524265297652761,0.));
#10245=CARTESIAN_POINT('',(0.0110163498862775,-0.00474891730840767,0.));
#10246=CARTESIAN_POINT('',(-0.000465672221967746,-0.00291408366538672,0.));
#10247=CARTESIAN_POINT('',(0.00655319889982593,-0.0040357032502373,2.77555756156289E-17));
#10248=CARTESIAN_POINT('',(0.00659422650447295,-0.00377896070281493,0.));
#10249=CARTESIAN_POINT('',(0.00653883704484333,-0.00403299221220292,2.77555756156289E-17));
#10250=CARTESIAN_POINT('',(0.000841459772443567,-0.0301627533208768,0.));
#10251=CARTESIAN_POINT('',(0.0046027883844461,-0.00368489595943318,0.));
#10252=CARTESIAN_POINT('',(0.00453246656747822,-0.00417992610200869,0.));
#10253=CARTESIAN_POINT('',(0.00430004957040754,-0.0046226250284504,0.));
#10254=CARTESIAN_POINT('',(-0.000973387046920471,-0.00185407008142743,0.));
#10255=CARTESIAN_POINT('',(0.00537976684301548,-0.00518947674458603,0.));
#10256=CARTESIAN_POINT('',(0.00561218384008616,-0.00474677781814431,0.));
#10257=CARTESIAN_POINT('',(0.0054789682959428,-0.00522870480306899,0.));
#10258=CARTESIAN_POINT('',(-0.000953807415663089,-0.0034505397623467,0.));
#10259=CARTESIAN_POINT('',(0.00893738472047605,-0.00618468950672806,0.));
#10260=CARTESIAN_POINT('',(0.00907060026461941,-0.00570276252180338,0.));
#10261=CARTESIAN_POINT('',(0.00907060026461941,-0.00620276252180338,0.));
#10262=CARTESIAN_POINT('',(0.,-0.00620276252180338,0.));
#10263=CARTESIAN_POINT('',(0.0115283015741407,-0.00620276252180338,0.));
#10264=CARTESIAN_POINT('',(0.0115283015741407,-0.00570276252180338,0.));
#10265=CARTESIAN_POINT('',(0.00951948723425275,-0.00314418834978234,0.));
#10266=CARTESIAN_POINT('',(0.00934159897010788,-0.00267690282092495,0.));
#10267=CARTESIAN_POINT('',(0.00947976204584458,-0.00264576893863753,0.));
#10268=CARTESIAN_POINT('',(0.00207249702342304,-0.0054441358023309,0.));
#10269=CARTESIAN_POINT('',(0.00868877433541441,-0.00292542290957524,0.));
#10270=CARTESIAN_POINT('',(0.00886666259955928,-0.00339270843843262,0.));
#10271=CARTESIAN_POINT('',(0.00878776335985347,-0.00388644410655256,0.));
#10272=CARTESIAN_POINT('',(-0.000386772982261933,-0.00242034799726678,0.));
#10273=CARTESIAN_POINT('',(0.0102638056989234,-0.00412231650922839,0.));
#10274=CARTESIAN_POINT('',(0.0103427049386292,-0.00362858084110845,0.));
#10275=CARTESIAN_POINT('',(0.0104156614971962,-0.00412322954530373,0.));
#10276=CARTESIAN_POINT('',(0.000816950316248207,-0.00553895939256905,0.));
#10277=CARTESIAN_POINT('',(0.011872118415785,-0.00390841429646127,0.));
#10278=CARTESIAN_POINT('',(0.011799161857218,-0.00341376559226599,0.));
#10279=CARTESIAN_POINT('',(0.0121575398692085,-0.00376242760700484,0.));
#10280=CARTESIAN_POINT('',(0.00812630823363793,-0.00790599564240138,0.));
#10281=CARTESIAN_POINT('',(0.0123429801661927,-0.00357181973414579,0.));
#10282=CARTESIAN_POINT('',(0.0119846021542022,-0.00322315771940693,0.));
#10283=CARTESIAN_POINT('',(0.0124846021542022,-0.00322315771940693,0.));
#10284=CARTESIAN_POINT('',(0.0124846021542022,0.,0.));
#10285=CARTESIAN_POINT('',(0.0124846021542022,-0.00317462311590069,0.));
#10286=CARTESIAN_POINT('',(0.0119846021542022,-0.00317462311590069,0.));
#10287=CARTESIAN_POINT('',(0.0121178176983456,-0.00269269613097602,0.));
#10288=CARTESIAN_POINT('',(0.000168703499449327,0.0006103099256072,0.));
#10289=CARTESIAN_POINT('',(0.0114806533073556,-0.00251656944849159,0.));
#10290=CARTESIAN_POINT('',(0.0113474377632122,-0.00299849643341627,0.));
#10291=CARTESIAN_POINT('',(0.011307712574804,-0.00250007702227147,0.));
#10292=CARTESIAN_POINT('',(0.000269382529662752,-0.00337985764668104,0.));
#10293=CARTESIAN_POINT('',(0.00352623115107417,0.00756671554804761,0.));
#10294=CARTESIAN_POINT('',(0.00302623115107417,0.00756671554804762,0.));
#10295=CARTESIAN_POINT('',(0.00339050118465964,0.00804794041878593,0.));
#10296=CARTESIAN_POINT('',(0.00302623115107417,0.,0.));
#10297=CARTESIAN_POINT('',(0.00302623115107417,0.00576370221389186,0.));
#10298=CARTESIAN_POINT('',(0.00352623115107418,0.00576370221389186,0.));
#10299=CARTESIAN_POINT('',(0.0039139203843376,0.00544795380390123,0.));
#10300=CARTESIAN_POINT('',(0.0120154977450461,-0.0011502695940686,0.));
#10301=CARTESIAN_POINT('',(0.00416750679777751,0.00574763920734732,2.77555756156289E-17));
#10302=CARTESIAN_POINT('',(0.00436279499388063,0.00557599270880222,0.));
#10303=CARTESIAN_POINT('',(0.00426861813300896,0.00581833692448801,0.));
#10304=CARTESIAN_POINT('',(0.00408750878517882,0.00628438349311452,0.));
#10305=CARTESIAN_POINT('',(0.00458750878517883,0.00628438349311452,0.));
#10306=CARTESIAN_POINT('',(0.00458750878517882,0.,0.));
#10307=CARTESIAN_POINT('',(0.00458750878517882,0.0077250244781521,0.));
#10308=CARTESIAN_POINT('',(0.00408750878517882,0.0077250244781521,0.));
#10309=CARTESIAN_POINT('',(0.0039517788187643,0.00820624934889041,0.));
#10310=CARTESIAN_POINT('',(-0.00185280985378554,0.00656905918378823,0.));
#10311=CARTESIAN_POINT('',(0.00128916100497389,-0.00102965479874678,0.));
#10312=CARTESIAN_POINT('',(0.00827066426776662,0.00771141237584884,0.));
#10313=CARTESIAN_POINT('',(0.00664383372032688,0.00567456808005937,0.));
#10314=CARTESIAN_POINT('',(0.00787998251766213,0.00802345046668919,0.));
#10315=CARTESIAN_POINT('',(0.00810054205699098,0.00847217475799851,0.));
#10316=CARTESIAN_POINT('',(0.00493023129065774,0.010030464103359,0.));
#10317=CARTESIAN_POINT('',(0.00793679951119289,0.00855265843398667,0.));
#10318=CARTESIAN_POINT('',(0.00771623997186404,0.00810393414267736,0.));
#10319=CARTESIAN_POINT('',(0.00780163342723453,0.00859658813665274,0.));
#10320=CARTESIAN_POINT('',(0.00167417350436537,0.00965868238912346,0.));
#10321=CARTESIAN_POINT('',(0.00665522880757841,0.00879529849508336,0.));
#10322=CARTESIAN_POINT('',(0.00656983535220792,0.00830264450110799,0.));
#10323=CARTESIAN_POINT('',(0.00646475865539985,0.0087914787140963,0.));
#10324=CARTESIAN_POINT('',(-0.00152078768121131,0.00707495640660605,0.));
#10325=CARTESIAN_POINT('',(0.00548243208837075,0.00858032403607319,0.));
#10326=CARTESIAN_POINT('',(0.00558750878517882,0.00809148982308488,0.));
#10327=CARTESIAN_POINT('',(0.00508750878517883,0.00809148982308488,0.));
#10328=CARTESIAN_POINT('',(0.00508750878517883,0.,0.));
#10329=CARTESIAN_POINT('',(0.00508750878517883,0.00627325259031415,0.));
#10330=CARTESIAN_POINT('',(0.00558750878517882,0.00627325259031415,0.));
#10331=CARTESIAN_POINT('',(0.00538858002139189,0.0058145289840563,0.));
#10332=CARTESIAN_POINT('',(0.00528513706422269,0.00557599270880222,0.));
#10333=CARTESIAN_POINT('',(0.00545599218519749,0.00577197364572387,0.));
#10334=CARTESIAN_POINT('',(0.00521507709626367,0.00598200211742619,0.));
#10335=CARTESIAN_POINT('',(0.00576005806241695,0.00550689065830346,0.));
#10336=CARTESIAN_POINT('',(0.00608862560275311,0.00588377707546047,0.));
#10337=CARTESIAN_POINT('',(0.00635362528729992,0.00545977805754876,0.));
#10338=CARTESIAN_POINT('',(-0.000669104951310289,0.0010705667167891,0.));
#10339=CARTESIAN_POINT('',(0.00651815165476919,0.00556260715298801,0.));
#10340=CARTESIAN_POINT('',(0.00625315197022239,0.00598660617089972,0.));
#10341=CARTESIAN_POINT('',(0.00470525288356499,0.00483599270880222,0.));
#10342=CARTESIAN_POINT('',(0.00431840790894024,0.0051527749141225,0.));
#10343=CARTESIAN_POINT('',(0.004705252883565,0.00533599270880222,0.));
#10344=CARTESIAN_POINT('',(0.0120154977450461,-0.0011502695940686,0.));
#10345=CARTESIAN_POINT('',(0.00396498389168741,0.0046946246491322,2.77555756156289E-17));
#10346=CARTESIAN_POINT('',(0.000364450016568737,-0.000264600725193254,0.));
#10347=CARTESIAN_POINT('',(0.00303138954589687,0.00340873068741559,0.));
#10348=CARTESIAN_POINT('',(0.00343599711754169,0.00311497447391928,0.));
#10349=CARTESIAN_POINT('',(0.00297339440424124,0.00330470778582594,0.));
#10350=CARTESIAN_POINT('',(0.00138500877549655,-0.000568051795718873,0.));
#10351=CARTESIAN_POINT('',(0.00189977021594461,0.000687025853328196,0.));
#10352=CARTESIAN_POINT('',(0.00236237292924505,0.000497292541421542,0.));
#10353=CARTESIAN_POINT('',(0.00265598673071384,9.25816129960196E-05,0.));
#10354=CARTESIAN_POINT('',(0.000871875108472037,-0.00120177383643301,0.));
#10355=CARTESIAN_POINT('',(0.00426765129708289,0.00126182841803069,0.));
#10356=CARTESIAN_POINT('',(0.00397403749561411,0.00166653934645621,0.));
#10357=CARTESIAN_POINT('',(0.00442383560269646,0.00144817803379958,0.));
#10358=CARTESIAN_POINT('',(0.00301114072522927,-0.0014618039315904,0.));
#10359=CARTESIAN_POINT('',(0.00571456008770537,0.00410691562361604,0.));
#10360=CARTESIAN_POINT('',(0.00526476198062301,0.00432527693627268,0.));
#10361=CARTESIAN_POINT('',(0.00576476198062301,0.00432527693627268,0.));
#10362=CARTESIAN_POINT('',(0.00576476198062301,0.,0.));
#10363=CARTESIAN_POINT('',(0.00576476198062301,0.00461202745996664,0.));
#10364=CARTESIAN_POINT('',(0.00526476198062301,0.00461202745996664,0.));
#10365=CARTESIAN_POINT('',(0.00559332952095916,0.00498891387712365,0.));
#10366=CARTESIAN_POINT('',(0.00488650955592751,0.00560511570026918,0.));
#10367=CARTESIAN_POINT('',(0.00533642812371535,0.00521287912595923,0.));
#10368=CARTESIAN_POINT('',(0.00500786058337919,0.00483599270880222,0.));
#10369=CARTESIAN_POINT('',(0.00500786058337919,0.00533599270880222,0.));
#10370=CARTESIAN_POINT('',(0.,0.00533599270880222,0.));
#10371=CARTESIAN_POINT('',(0.00681419041201842,-0.00198747407804905,0.));
#10372=CARTESIAN_POINT('',(0.0090742755398369,0.00576138190876402,0.));
#10373=CARTESIAN_POINT('',(0.00931533490605686,0.00658787038484805,0.));
#10374=CARTESIAN_POINT('',(0.00883533494155062,0.00672787050654086,0.));
#10375=CARTESIAN_POINT('',(0.00930302907909691,0.00690468168747927,0.));
#10376=CARTESIAN_POINT('',(0.0104235873287896,0.0039406240901096,0.));
#10377=CARTESIAN_POINT('',(0.009280407857957,0.00696451847186769,0.));
#10378=CARTESIAN_POINT('',(0.00881271372041071,0.00678770729092928,0.));
#10379=CARTESIAN_POINT('',(0.00842203197030622,0.00709974538176963,0.));
#10380=CARTESIAN_POINT('',(0.00167984275507838,-0.00134169288958713,0.));
#10381=CARTESIAN_POINT('',(0.00721788835956813,0.00559211875851551,0.));
#10382=CARTESIAN_POINT('',(0.00760857010967262,0.00528008066767516,0.));
#10383=CARTESIAN_POINT('',(0.00787518321528694,0.00485709431811446,0.));
#10384=CARTESIAN_POINT('',(4.8142284988959E-05,-7.6378576139643E-05,0.));
#10385=CARTESIAN_POINT('',(0.00886088868094499,0.00547839568089614,0.));
#10386=CARTESIAN_POINT('',(0.00859427557533066,0.00590138203045684,0.));
#10387=CARTESIAN_POINT('',(-0.00032878335206264,0.00632807334026664,0.));
#10388=CARTESIAN_POINT('',(-0.000213427941636884,0.00659334626158953,0.));
#10389=CARTESIAN_POINT('',(-0.000444138762488397,0.00606280041894376,0.));
#10390=CARTESIAN_POINT('',(-0.000274941815479588,0.00258486164786801,0.));
#10391=CARTESIAN_POINT('',(-0.00010574486847078,-0.000893077123207733,0.));
#10392=CARTESIAN_POINT('',(-0.000264668706432197,-0.00142631587071612,0.));
#10393=CARTESIAN_POINT('',(-0.000423592544393614,-0.0019595546182245,0.));
#10394=CARTESIAN_POINT('',(-0.000290559299173765,-0.00234300328884274,0.));
#10395=CARTESIAN_POINT('',(-0.000157526053953916,-0.00272645195946098,0.));
#10396=CARTESIAN_POINT('',(-7.8763026976958E-05,-0.00260906980838627,0.));
#10397=CARTESIAN_POINT('',(-1.62630325872826E-19,-0.00249168765731156,0.));
#10398=CARTESIAN_POINT('',(7.87630269769577E-05,-0.00260906980838627,0.));
#10399=CARTESIAN_POINT('',(0.000157526053953916,-0.00272645195946098,0.));
#10400=CARTESIAN_POINT('',(0.000290559299173765,-0.00234300328884274,0.));
#10401=CARTESIAN_POINT('',(0.000423592544393613,-0.0019595546182245,0.));
#10402=CARTESIAN_POINT('',(0.000264668706432197,-0.00142631587071612,0.));
#10403=CARTESIAN_POINT('',(0.00010574486847078,-0.00089307712320774,0.));
#10404=CARTESIAN_POINT('',(0.000274941815479588,0.00258486164786801,0.));
#10405=CARTESIAN_POINT('',(0.000444138762488398,0.00606280041894375,0.));
#10406=CARTESIAN_POINT('',(0.000328783352062641,0.00632807334026664,0.));
#10407=CARTESIAN_POINT('',(0.000213427941636885,0.00659334626158953,0.));
#10408=CARTESIAN_POINT('',(0.00021342793624498,0.00659334624754089,0.));
#10409=CARTESIAN_POINT('',(8.24946543245178E-05,0.00625219879909319,0.));
#10410=CARTESIAN_POINT('',(4.1247327162259E-05,0.00597422492809079,0.));
#10411=CARTESIAN_POINT('',(1.79787415265143E-19,0.00569625105708838,0.));
#10412=CARTESIAN_POINT('',(3.46099768880117E-19,0.00569625105708837,0.));
#10413=CARTESIAN_POINT('',(-0.000213427936244985,0.00659334624754091,0.));
#10414=CARTESIAN_POINT('',(-8.24946543245183E-05,0.0062521987990932,0.));
#10415=CARTESIAN_POINT('',(-4.12473271622592E-05,0.00597422492809079,0.));
#10416=CARTESIAN_POINT('',(1.74397390605075E-19,0.00569625105708838,0.));
#10417=CARTESIAN_POINT('',(-0.0128408594878412,-0.00644276252180338,0.));
#10418=CARTESIAN_POINT('',(-0.0134758594878412,-0.00644276252180338,0.));
#10419=CARTESIAN_POINT('',(-0.0133579584793476,-0.00681131866811353,0.));
#10420=CARTESIAN_POINT('',(-0.0134758594878412,0.,0.));
#10421=CARTESIAN_POINT('',(-0.0134758594878412,-0.00578697488550064,0.));
#10422=CARTESIAN_POINT('',(-0.0128408594878412,-0.00578697488550064,0.));
#10423=CARTESIAN_POINT('',(-0.013231006955869,-0.00528596595025946,0.));
#10424=CARTESIAN_POINT('',(-0.0024322016092471,0.00312331833063166,0.));
#10425=CARTESIAN_POINT('',(-0.0131322106264623,-0.0052090309196499,0.));
#10426=CARTESIAN_POINT('',(-0.0135930147225582,-0.00461728808275088,0.));
#10427=CARTESIAN_POINT('',(-0.0130554477045724,-0.0040942950606426,0.));
#10428=CARTESIAN_POINT('',(-0.00875346975462126,-0.00851615416819437,0.));
#10429=CARTESIAN_POINT('',(-0.0131797422294301,-0.00396653687983487,0.));
#10430=CARTESIAN_POINT('',(-0.0127246021542022,-0.00352373612111652,0.));
#10431=CARTESIAN_POINT('',(-0.0133596021542022,-0.00352373612111652,0.));
#10432=CARTESIAN_POINT('',(-0.0133596021542022,0.,0.));
#10433=CARTESIAN_POINT('',(-0.0133596021542022,-0.00261142473559764,2.77555756156289E-17));
#10434=CARTESIAN_POINT('',(-0.0127246021542022,-0.00261142473559764,0.));
#10435=CARTESIAN_POINT('',(-0.0133378210124223,-0.00244653801107677,0.));
#10436=CARTESIAN_POINT('',(-0.0140620952544146,-0.00225178991124897,0.));
#10437=CARTESIAN_POINT('',(-0.0133137074306654,-0.00220264049351186,0.));
#10438=CARTESIAN_POINT('',(-0.0135295847440853,-0.00148438080123436,0.));
#10439=CARTESIAN_POINT('',(-0.0130936735943291,-0.00209469340107007,0.));
#10440=CARTESIAN_POINT('',(-0.0127246021542022,-0.00261142473559764,0.));
#10441=CARTESIAN_POINT('',(-0.0128937858952643,-0.0019993774647433,0.));
#10442=CARTESIAN_POINT('',(-0.000401830701700204,0.00145368214922538,0.));
#10443=CARTESIAN_POINT('',(-0.0123303638361111,-0.00184363483455171,0.));
#10444=CARTESIAN_POINT('',(-0.0125301871523261,-0.0011207443571647,0.));
#10445=CARTESIAN_POINT('',(-0.0117801871523261,-0.0011207443571647,0.));
#10446=CARTESIAN_POINT('',(-0.0117801871523261,0.,0.));
#10447=CARTESIAN_POINT('',(-0.0117801871523261,-0.000724788344368053,0.));
#10448=CARTESIAN_POINT('',(-0.0111451871523261,-0.000724788344368053,0.));
#10449=CARTESIAN_POINT('',(-0.0116822515644805,-0.000385986311910676,0.));
#10450=CARTESIAN_POINT('',(-0.0123165796103324,1.41735689446264E-05,0.));
#10451=CARTESIAN_POINT('',(-0.0128830873981197,0.000505670187830556,2.08166817117217E-17));
#10452=CARTESIAN_POINT('',(-0.0141320860885695,-0.00103773538270326,0.));
#10453=CARTESIAN_POINT('',(-0.0137377688090228,-0.000505821964982554,0.));
#10454=CARTESIAN_POINT('',(-0.0133168394253184,5.71984853099542E-06,0.));
#10455=CARTESIAN_POINT('',(-0.0128830873981197,0.000505670187830557,0.));
#10456=CARTESIAN_POINT('',(-0.0141320860885695,-0.00103773538270326,0.));
#10457=CARTESIAN_POINT('',(-0.0135295847440853,-0.00148438080123436,0.));
#10458=CARTESIAN_POINT('',(-0.0142779725678346,-0.00153353021897147,0.));
#10459=CARTESIAN_POINT('',(-0.0140620952544146,-0.00225178991124897,0.));
#10460=CARTESIAN_POINT('',(-0.0146933000271932,-0.00184672135554331,0.));
#10461=CARTESIAN_POINT('',(-0.014132472106376,-0.00797852313616367,0.));
#10462=CARTESIAN_POINT('',(-0.0142783782677184,-0.00794587588914974,0.));
#10463=CARTESIAN_POINT('',(-0.014565093536514,-0.00786500440006433,0.));
#10464=CARTESIAN_POINT('',(-0.0149768632319659,-0.00768511291940649,0.));
#10465=CARTESIAN_POINT('',(-0.0153300456188727,-0.00739036556351551,0.));
#10466=CARTESIAN_POINT('',(-0.0154916054960137,-0.00696066181726179,0.));
#10467=CARTESIAN_POINT('',(-0.0155921836645893,-0.00652544646022261,0.));
#10468=CARTESIAN_POINT('',(-0.015705083883079,-0.00594045973540563,0.));
#10469=CARTESIAN_POINT('',(-0.0157858380815605,-0.00519312601784511,0.));
#10470=CARTESIAN_POINT('',(-0.0157498319669754,-0.0043039440240207,0.));
#10471=CARTESIAN_POINT('',(-0.0154552162082461,-0.00313617199436023,0.));
#10472=CARTESIAN_POINT('',(-0.0150167648595623,-0.00235076577750958,0.));
#10473=CARTESIAN_POINT('',(-0.0146933000271932,-0.0018467213555433,0.));
#10474=CARTESIAN_POINT('',(-0.014132472106376,-0.00797852313616367,0.));
#10475=CARTESIAN_POINT('',(-0.0139687053197096,-0.00724662120312552,0.));
#10476=CARTESIAN_POINT('',(0.0111451871523261,-0.000724788344368054,0.));
#10477=CARTESIAN_POINT('',(0.0117801871523261,-0.000724788344368054,0.));
#10478=CARTESIAN_POINT('',(0.0116822515644805,-0.00038598631191068,0.));
#10479=CARTESIAN_POINT('',(0.0117801871523261,0.,0.));
#10480=CARTESIAN_POINT('',(0.0117801871523261,-0.0011207443571647,0.));
#10481=CARTESIAN_POINT('',(0.0125301871523261,-0.0011207443571647,0.));
#10482=CARTESIAN_POINT('',(0.0123303638361111,-0.00184363483455172,0.));
#10483=CARTESIAN_POINT('',(0.000401830701700204,0.00145368214922538,0.));
#10484=CARTESIAN_POINT('',(0.0128937858952643,-0.0019993774647433,0.));
#10485=CARTESIAN_POINT('',(0.0127246021542022,-0.00261142473559764,0.));
#10486=CARTESIAN_POINT('',(0.0130936735943291,-0.00209469340107007,0.));
#10487=CARTESIAN_POINT('',(0.0135295847440853,-0.00148438080123435,0.));
#10488=CARTESIAN_POINT('',(0.0133137074306654,-0.00220264049351186,0.));
#10489=CARTESIAN_POINT('',(0.0140620952544146,-0.00225178991124897,0.));
#10490=CARTESIAN_POINT('',(0.0133378210124223,-0.00244653801107677,0.));
#10491=CARTESIAN_POINT('',(0.0127246021542022,-0.00261142473559764,0.));
#10492=CARTESIAN_POINT('',(0.0133596021542022,-0.00261142473559764,2.77555756156289E-17));
#10493=CARTESIAN_POINT('',(0.0133596021542022,0.,0.));
#10494=CARTESIAN_POINT('',(0.0133596021542022,-0.00352373612111652,0.));
#10495=CARTESIAN_POINT('',(0.0127246021542022,-0.00352373612111652,0.));
#10496=CARTESIAN_POINT('',(0.0131797422294301,-0.00396653687983487,0.));
#10497=CARTESIAN_POINT('',(0.00875346975462126,-0.00851615416819438,0.));
#10498=CARTESIAN_POINT('',(0.0130554477045724,-0.0040942950606426,0.));
#10499=CARTESIAN_POINT('',(0.0135930147225582,-0.00461728808275088,0.));
#10500=CARTESIAN_POINT('',(0.0131322106264623,-0.0052090309196499,0.));
#10501=CARTESIAN_POINT('',(0.0024322016092471,0.00312331833063166,0.));
#10502=CARTESIAN_POINT('',(0.013231006955869,-0.00528596595025946,0.));
#10503=CARTESIAN_POINT('',(0.0128408594878412,-0.00578697488550064,0.));
#10504=CARTESIAN_POINT('',(0.0134758594878412,-0.00578697488550064,0.));
#10505=CARTESIAN_POINT('',(0.0134758594878412,0.,0.));
#10506=CARTESIAN_POINT('',(0.0134758594878412,-0.00644276252180338,0.));
#10507=CARTESIAN_POINT('',(0.0128408594878412,-0.00644276252180338,0.));
#10508=CARTESIAN_POINT('',(0.0133579584793476,-0.00681131866811353,0.));
#10509=CARTESIAN_POINT('',(0.0139687053197096,-0.00724662120312552,0.));
#10510=CARTESIAN_POINT('',(0.0141324721063759,-0.00797852313616367,0.));
#10511=CARTESIAN_POINT('',(0.0141324721063759,-0.00797852313616368,0.));
#10512=CARTESIAN_POINT('',(0.0142783782677183,-0.00794587588914975,0.));
#10513=CARTESIAN_POINT('',(0.014565093536514,-0.00786500440006434,-1.25279436403761E-21));
#10514=CARTESIAN_POINT('',(0.0149768632319659,-0.0076851129194065,4.38478027413162E-21));
#10515=CARTESIAN_POINT('',(0.0153300456188727,-0.00739036556351552,-1.62863267324889E-20));
#10516=CARTESIAN_POINT('',(0.0154916054960137,-0.00696066181726181,6.07605266558239E-20));
#10517=CARTESIAN_POINT('',(0.0155921836645893,-0.00652544646022262,-2.26755779890807E-19));
#10518=CARTESIAN_POINT('',(0.015705083883079,-0.00594045973540564,1.20393538384014E-18));
#10519=CARTESIAN_POINT('',(0.0157858380815605,-0.00519312601784511,-9.70163955510723E-18));
#10520=CARTESIAN_POINT('',(0.0157498319669754,-0.0043039440240207,3.54215078487993E-17));
#10521=CARTESIAN_POINT('',(0.0154552162082461,-0.00313617199436024,-2.12529047092796E-17));
#10522=CARTESIAN_POINT('',(0.0150167648595623,-0.00235076577750959,0.));
#10523=CARTESIAN_POINT('',(0.0146933000271932,-0.00184672135554331,0.));
#10524=CARTESIAN_POINT('',(0.0146933000271932,-0.00184672135554331,-4.16333634234433E-17));
#10525=CARTESIAN_POINT('',(0.0140620952544146,-0.00225178991124897,0.));
#10526=CARTESIAN_POINT('',(0.0142779725678346,-0.00153353021897148,0.));
#10527=CARTESIAN_POINT('',(0.0135295847440853,-0.00148438080123435,0.));
#10528=CARTESIAN_POINT('',(0.0141320860885516,-0.0010377353826791,2.08166817117217E-17));
#10529=CARTESIAN_POINT('',(0.0141320860885516,-0.0010377353826791,0.));
#10530=CARTESIAN_POINT('',(0.0137377371161442,-0.000505779212946214,0.));
#10531=CARTESIAN_POINT('',(0.0133168309709871,5.7295931444102E-06,0.));
#10532=CARTESIAN_POINT('',(0.0128830873981197,0.000505670187830498,0.));
#10533=CARTESIAN_POINT('',(0.0128830873981199,0.000505670187830683,0.));
#10534=CARTESIAN_POINT('',(0.0123165796103326,1.41735689447529E-05,0.));
#10535=CARTESIAN_POINT('',(-0.0106772635161565,0.00218956742932941,2.08166817117217E-17));
#10536=CARTESIAN_POINT('',(-0.0105494119280422,0.00217441563139845,2.08166817117217E-17));
#10537=CARTESIAN_POINT('',(-0.01042372109345,0.00214342951821991,0.));
#10538=CARTESIAN_POINT('',(-0.0102953801820549,0.00213201237481161,0.));
#10539=CARTESIAN_POINT('',(-0.0106772635161565,0.00218956742932941,0.));
#10540=CARTESIAN_POINT('',(-0.0102953801820549,0.00213201237481161,2.08166817117217E-17));
#10541=CARTESIAN_POINT('',(-0.0107655289644674,0.00144477939865593,0.));
#10542=CARTESIAN_POINT('',(-0.0110452023522447,0.00214068369966945,-4.16333634234433E-17));
#10543=CARTESIAN_POINT('',(-0.0117051344318661,0.00171059760387559,0.));
#10544=CARTESIAN_POINT('',(-0.0115030813288814,0.00187982582204482,0.));
#10545=CARTESIAN_POINT('',(-0.0112925262197926,0.00204128798704897,0.));
#10546=CARTESIAN_POINT('',(-0.0110452023522447,0.00214068369966946,0.));
#10547=CARTESIAN_POINT('',(-0.0117051344318661,0.00171059760387559,0.));
#10548=CARTESIAN_POINT('',(-0.0112235690527163,0.00113562387786338,0.));
#10549=CARTESIAN_POINT('',(-0.0108820902158224,0.000467872274380802,0.));
#10550=CARTESIAN_POINT('',(-0.0105929714672521,-9.74907499011086E-05,0.));
#10551=CARTESIAN_POINT('',(-0.0106533796821146,0.000534629371260313,-5.55111512312578E-17));
#10552=CARTESIAN_POINT('',(-0.000147041382505552,0.00153866186472762,0.));
#10553=CARTESIAN_POINT('',(-0.0103058942613243,0.000567836626112611,0.));
#10554=CARTESIAN_POINT('',(-0.010377242546595,0.0013144351944135,0.));
#10555=CARTESIAN_POINT('',(-0.00964059618801371,0.00117353756352869,0.));
#10556=CARTESIAN_POINT('',(-0.00901690227108156,0.00105424423604622,0.));
#10557=CARTESIAN_POINT('',(-0.00963353316099667,0.0012058732095391,0.));
#10558=CARTESIAN_POINT('',(-0.0103618373616838,0.00138496254831021,0.));
#10559=CARTESIAN_POINT('',(0.,0.,0.002));
#10560=CARTESIAN_POINT('',(-0.0103618373616838,0.00138496254831021,0.002));
#10561=CARTESIAN_POINT('',(-0.00963353316099667,0.0012058732095391,0.002));
#10562=CARTESIAN_POINT('',(-0.0102953801820572,0.00213201237481181,0.002));
#10563=CARTESIAN_POINT('',(-0.00901690227108156,0.00105424423604622,0.002));
#10564=CARTESIAN_POINT('',(-0.00964059618801371,0.00117353756352869,0.002));
#10565=CARTESIAN_POINT('',(-0.010377242546595,0.0013144351944135,0.002));
#10566=CARTESIAN_POINT('',(-0.0103058942613243,0.000567836626112611,0.002));
#10567=CARTESIAN_POINT('',(-0.000147041382505552,0.00153866186472762,0.002));
#10568=CARTESIAN_POINT('',(-0.0106533796821146,0.000534629371260313,0.00199999999999994));
#10569=CARTESIAN_POINT('',(-0.0105929714672521,-9.74907499011086E-05,0.002));
#10570=CARTESIAN_POINT('',(-0.0108820902158224,0.000467872274380803,0.002));
#10571=CARTESIAN_POINT('',(-0.0112235690527163,0.00113562387786338,0.002));
#10572=CARTESIAN_POINT('',(-0.0117051344318621,0.00171059760387893,0.002));
#10573=CARTESIAN_POINT('',(-0.0110452023522412,0.00214068369967089,0.002));
#10574=CARTESIAN_POINT('',(-0.0112935618689154,0.00204087177536924,0.002));
#10575=CARTESIAN_POINT('',(-0.0115023911298011,0.00188040389364491,0.002));
#10576=CARTESIAN_POINT('',(-0.0117051344318661,0.00171059760387559,0.002));
#10577=CARTESIAN_POINT('',(-0.0110452023522412,0.00214068369967089,0.002));
#10578=CARTESIAN_POINT('',(-0.0107655289644674,0.00144477939865593,0.002));
#10579=CARTESIAN_POINT('',(-0.0106772635161565,0.00218956742932941,0.002));
#10580=CARTESIAN_POINT('',(-0.0102953801820549,0.00213201237481161,0.002));
#10581=CARTESIAN_POINT('',(-0.0104238437080434,0.00214344042595293,0.002));
#10582=CARTESIAN_POINT('',(-0.0105493620998577,0.0021744097262189,0.002));
#10583=CARTESIAN_POINT('',(-0.0106772635161565,0.00218956742932941,0.002));
#10584=CARTESIAN_POINT('',(0.0135295847440853,-0.00148438080123435,0.002));
#10585=CARTESIAN_POINT('',(0.0130936735943291,-0.00209469340107007,0.002));
#10586=CARTESIAN_POINT('',(0.0133137074306654,-0.00220264049351186,0.002));
#10587=CARTESIAN_POINT('',(0.0127246021542022,-0.00261142473559764,0.002));
#10588=CARTESIAN_POINT('',(0.0128937858952643,-0.0019993774647433,0.002));
#10589=CARTESIAN_POINT('',(0.000401830701700204,0.00145368214922538,0.002));
#10590=CARTESIAN_POINT('',(0.0123303638361111,-0.00184363483455171,0.002));
#10591=CARTESIAN_POINT('',(0.0125301871523261,-0.0011207443571647,0.002));
#10592=CARTESIAN_POINT('',(0.0117801871523261,-0.0011207443571647,0.002));
#10593=CARTESIAN_POINT('',(0.0117801871523261,0.,0.002));
#10594=CARTESIAN_POINT('',(0.0117801871523261,-0.000724788344368054,0.002));
#10595=CARTESIAN_POINT('',(0.0111451871523261,-0.000724788344368054,0.002));
#10596=CARTESIAN_POINT('',(0.0116822515644805,-0.00038598631191068,0.002));
#10597=CARTESIAN_POINT('',(0.0123165796103326,1.41735689447529E-05,0.002));
#10598=CARTESIAN_POINT('',(0.0128830873981199,0.000505670187830683,0.002));
#10599=CARTESIAN_POINT('',(0.0128830873981197,0.000505670187830523,0.002));
#10600=CARTESIAN_POINT('',(0.0133170544137297,5.47204904551917E-06,0.002));
#10601=CARTESIAN_POINT('',(0.0137375968081161,-0.000505589944741758,0.002));
#10602=CARTESIAN_POINT('',(0.0141320860885695,-0.00103773538270325,0.002));
#10603=CARTESIAN_POINT('',(0.0141320860885695,-0.00103773538270325,0.002));
#10604=CARTESIAN_POINT('',(0.0135295847440853,-0.00148438080123435,0.002));
#10605=CARTESIAN_POINT('',(0.0142779725678346,-0.00153353021897148,0.002));
#10606=CARTESIAN_POINT('',(0.0140620952544146,-0.00225178991124897,0.002));
#10607=CARTESIAN_POINT('',(0.0146933000271932,-0.00184672135554331,0.002));
#10608=CARTESIAN_POINT('',(0.0146933000271925,-0.00184672135554215,0.002));
#10609=CARTESIAN_POINT('',(0.015016343658571,-0.00235010943410227,0.002));
#10610=CARTESIAN_POINT('',(0.015451331562094,-0.00312657863905019,0.00200000000000002));
#10611=CARTESIAN_POINT('',(0.0157496656259467,-0.00430104192546756,0.00200000000000003));
#10612=CARTESIAN_POINT('',(0.01578583268901,-0.0051870837836006,0.00199999999999999));
#10613=CARTESIAN_POINT('',(0.0157061396884917,-0.00593411883110498,0.00200000000000002));
#10614=CARTESIAN_POINT('',(0.0155927278176364,-0.00652317458700213,0.00200000000000003));
#10615=CARTESIAN_POINT('',(0.0154917658166772,-0.00695971485021014,0.00199999999999999));
#10616=CARTESIAN_POINT('',(0.0153312108096897,-0.00738874270841329,0.00200000000000003));
#10617=CARTESIAN_POINT('',(0.0149771966740667,-0.00768507527639869,0.00200000000000003));
#10618=CARTESIAN_POINT('',(0.0145662612684197,-0.00786454208619196,0.002));
#10619=CARTESIAN_POINT('',(0.0142786685276935,-0.0079458109420014,0.002));
#10620=CARTESIAN_POINT('',(0.0141324721063759,-0.00797852313616368,0.002));
#10621=CARTESIAN_POINT('',(0.0141324721063759,-0.00797852313616367,0.002));
#10622=CARTESIAN_POINT('',(0.0139687053197096,-0.00724662120312552,0.002));
#10623=CARTESIAN_POINT('',(0.0133579584793476,-0.00681131866811353,0.002));
#10624=CARTESIAN_POINT('',(0.0128408594878412,-0.00644276252180338,0.002));
#10625=CARTESIAN_POINT('',(0.0134758594878412,-0.00644276252180338,0.002));
#10626=CARTESIAN_POINT('',(0.0134758594878412,0.,0.002));
#10627=CARTESIAN_POINT('',(0.0134758594878412,-0.00578697488550064,0.002));
#10628=CARTESIAN_POINT('',(0.0128408594878412,-0.00578697488550064,0.002));
#10629=CARTESIAN_POINT('',(0.013231006955869,-0.00528596595025946,0.002));
#10630=CARTESIAN_POINT('',(0.0024322016092471,0.00312331833063166,0.002));
#10631=CARTESIAN_POINT('',(0.0131322106264623,-0.0052090309196499,0.002));
#10632=CARTESIAN_POINT('',(0.0135930147225582,-0.00461728808275088,0.002));
#10633=CARTESIAN_POINT('',(0.0130554477045724,-0.0040942950606426,0.002));
#10634=CARTESIAN_POINT('',(0.00875346975462126,-0.00851615416819438,0.002));
#10635=CARTESIAN_POINT('',(0.0131797422294301,-0.00396653687983487,0.002));
#10636=CARTESIAN_POINT('',(0.0127246021542022,-0.00352373612111652,0.002));
#10637=CARTESIAN_POINT('',(0.0133596021542022,-0.00352373612111652,0.002));
#10638=CARTESIAN_POINT('',(0.0133596021542022,0.,0.002));
#10639=CARTESIAN_POINT('',(0.0133596021542022,-0.00261142473559764,0.002));
#10640=CARTESIAN_POINT('',(0.0127246021542022,-0.00261142473559764,0.002));
#10641=CARTESIAN_POINT('',(0.0133378210124223,-0.00244653801107677,0.00200000000000003));
#10642=CARTESIAN_POINT('',(0.0140620952544146,-0.00225178991124897,0.002));
#10643=CARTESIAN_POINT('',(-0.0133596021542022,0.,0.002));
#10644=CARTESIAN_POINT('',(-0.0133596021542022,-0.00352373612111652,0.002));
#10645=CARTESIAN_POINT('',(-0.0133596021542022,-0.00261142473559764,0.002));
#10646=CARTESIAN_POINT('',(-0.0127246021542022,-0.00352373612111652,0.002));
#10647=CARTESIAN_POINT('',(-0.0131797422294301,-0.00396653687983487,0.002));
#10648=CARTESIAN_POINT('',(-0.00875346975462126,-0.00851615416819437,0.002));
#10649=CARTESIAN_POINT('',(-0.0130554477045724,-0.0040942950606426,0.002));
#10650=CARTESIAN_POINT('',(-0.0135930147225582,-0.00461728808275088,0.002));
#10651=CARTESIAN_POINT('',(-0.0131322106264623,-0.0052090309196499,0.002));
#10652=CARTESIAN_POINT('',(-0.0024322016092471,0.00312331833063166,0.002));
#10653=CARTESIAN_POINT('',(-0.013231006955869,-0.00528596595025946,0.002));
#10654=CARTESIAN_POINT('',(-0.0128408594878412,-0.00578697488550064,0.002));
#10655=CARTESIAN_POINT('',(-0.0134758594878412,-0.00578697488550064,0.002));
#10656=CARTESIAN_POINT('',(-0.0134758594878412,0.,0.002));
#10657=CARTESIAN_POINT('',(-0.0134758594878412,-0.00644276252180338,0.002));
#10658=CARTESIAN_POINT('',(-0.0128408594878412,-0.00644276252180338,0.002));
#10659=CARTESIAN_POINT('',(-0.0133579584793476,-0.00681131866811353,0.002));
#10660=CARTESIAN_POINT('',(-0.0139687053197096,-0.00724662120312552,0.002));
#10661=CARTESIAN_POINT('',(-0.014132472106376,-0.00797852313616367,0.002));
#10662=CARTESIAN_POINT('',(-0.0146933000271932,-0.00184672135554332,0.002));
#10663=CARTESIAN_POINT('',(-0.0150163436585717,-0.00235010943410347,0.002));
#10664=CARTESIAN_POINT('',(-0.0154513315620939,-0.00312657863904993,0.00200000000000005));
#10665=CARTESIAN_POINT('',(-0.0157496656259468,-0.00430104192546759,0.00199999999999999));
#10666=CARTESIAN_POINT('',(-0.0157858326890099,-0.00518708378360058,0.00200000000000001));
#10667=CARTESIAN_POINT('',(-0.0157061396884917,-0.00593411883110495,0.00199999999999998));
#10668=CARTESIAN_POINT('',(-0.0155927278176364,-0.00652317458700209,0.00200000000000004));
#10669=CARTESIAN_POINT('',(-0.0154917658166772,-0.00695971485021011,0.00199999999999998));
#10670=CARTESIAN_POINT('',(-0.0153312108096897,-0.00738874270841325,0.00200000000000007));
#10671=CARTESIAN_POINT('',(-0.0149771966740667,-0.00768507527639867,0.00200000000000003));
#10672=CARTESIAN_POINT('',(-0.0145662612684197,-0.00786454208619193,0.00199999999999997));
#10673=CARTESIAN_POINT('',(-0.0142786685276935,-0.0079458109420014,0.00200000000000006));
#10674=CARTESIAN_POINT('',(-0.0141324721063759,-0.00797852313616368,0.00200000000000006));
#10675=CARTESIAN_POINT('',(-0.0146933000271932,-0.00184672135554332,0.002));
#10676=CARTESIAN_POINT('',(-0.0140620952544146,-0.00225178991124897,0.002));
#10677=CARTESIAN_POINT('',(-0.0142779725678346,-0.00153353021897147,0.002));
#10678=CARTESIAN_POINT('',(-0.0135295847440853,-0.00148438080123436,0.002));
#10679=CARTESIAN_POINT('',(-0.0141320860885653,-0.00103773538269767,0.002));
#10680=CARTESIAN_POINT('',(-0.0128830873981197,0.000505670187830559,0.002));
#10681=CARTESIAN_POINT('',(-0.0133170544137281,5.47204904728966E-06,0.002));
#10682=CARTESIAN_POINT('',(-0.0137375968081175,-0.000505589944743613,0.00200000000000003));
#10683=CARTESIAN_POINT('',(-0.0141320860885695,-0.00103773538270326,0.00200000000000003));
#10684=CARTESIAN_POINT('',(-0.0128830873981197,0.000505670187830558,0.002));
#10685=CARTESIAN_POINT('',(-0.0123165796103324,1.41735689446264E-05,0.002));
#10686=CARTESIAN_POINT('',(-0.0116822515644805,-0.000385986311910676,0.002));
#10687=CARTESIAN_POINT('',(-0.0111451871523261,-0.000724788344368053,0.002));
#10688=CARTESIAN_POINT('',(-0.0117801871523261,-0.000724788344368053,0.002));
#10689=CARTESIAN_POINT('',(-0.0117801871523261,0.,0.002));
#10690=CARTESIAN_POINT('',(-0.0117801871523261,-0.0011207443571647,0.002));
#10691=CARTESIAN_POINT('',(-0.0125301871523261,-0.0011207443571647,0.002));
#10692=CARTESIAN_POINT('',(-0.0123303638361111,-0.00184363483455171,0.002));
#10693=CARTESIAN_POINT('',(-0.000401830701700204,0.00145368214922538,0.002));
#10694=CARTESIAN_POINT('',(-0.0128937858952643,-0.0019993774647433,0.002));
#10695=CARTESIAN_POINT('',(-0.0127246021542022,-0.00261142473559764,0.002));
#10696=CARTESIAN_POINT('',(-0.0130936735943291,-0.00209469340107007,0.00200000000000003));
#10697=CARTESIAN_POINT('',(-0.0135295847440853,-0.00148438080123436,0.002));
#10698=CARTESIAN_POINT('',(-0.0133137074306654,-0.00220264049351186,0.002));
#10699=CARTESIAN_POINT('',(-0.0140620952544146,-0.00225178991124897,0.002));
#10700=CARTESIAN_POINT('',(-0.0133378210124223,-0.00244653801107677,0.002));
#10701=CARTESIAN_POINT('',(-0.0127246021542022,-0.00261142473559764,0.002));
#10702=CARTESIAN_POINT('',(0.00883533494155062,0.00672787050654086,0.002));
#10703=CARTESIAN_POINT('',(0.00931533490605686,0.00658787038484804,0.002));
#10704=CARTESIAN_POINT('',(0.0093030290790969,0.00690468168747927,0.002));
#10705=CARTESIAN_POINT('',(0.00681419041201842,-0.00198747407804905,0.002));
#10706=CARTESIAN_POINT('',(0.0090742755398369,0.00576138190876402,0.002));
#10707=CARTESIAN_POINT('',(0.00859427557533066,0.00590138203045684,0.002));
#10708=CARTESIAN_POINT('',(0.00886088868094499,0.00547839568089614,0.002));
#10709=CARTESIAN_POINT('',(4.8142284988959E-05,-7.6378576139643E-05,0.002));
#10710=CARTESIAN_POINT('',(0.00787518321528694,0.00485709431811447,0.002));
#10711=CARTESIAN_POINT('',(0.00760857010967262,0.00528008066767516,0.002));
#10712=CARTESIAN_POINT('',(0.00721788835956813,0.00559211875851551,0.002));
#10713=CARTESIAN_POINT('',(0.00167984275507838,-0.00134169288958713,0.002));
#10714=CARTESIAN_POINT('',(0.00842203197030622,0.00709974538176963,0.002));
#10715=CARTESIAN_POINT('',(0.00881271372041071,0.00678770729092928,0.002));
#10716=CARTESIAN_POINT('',(0.009280407857957,0.00696451847186769,0.002));
#10717=CARTESIAN_POINT('',(0.0104235873287896,0.0039406240901096,0.002));
#10718=CARTESIAN_POINT('',(0.0120154977450461,-0.0011502695940686,0.002));
#10719=CARTESIAN_POINT('',(0.00431840790894024,0.0051527749141225,0.00200000000000003));
#10720=CARTESIAN_POINT('',(0.00396498389168741,0.0046946246491322,0.002));
#10721=CARTESIAN_POINT('',(0.00470525288356499,0.00483599270880222,0.002));
#10722=CARTESIAN_POINT('',(0.00470525288356499,0.00533599270880222,0.002));
#10723=CARTESIAN_POINT('',(0.,0.00533599270880222,0.002));
#10724=CARTESIAN_POINT('',(0.00500786058337919,0.00533599270880222,0.002));
#10725=CARTESIAN_POINT('',(0.00500786058337919,0.00483599270880222,0.002));
#10726=CARTESIAN_POINT('',(0.00533642812371535,0.00521287912595923,0.002));
#10727=CARTESIAN_POINT('',(0.00488650955592751,0.00560511570026918,0.002));
#10728=CARTESIAN_POINT('',(0.00559332952095916,0.00498891387712365,0.002));
#10729=CARTESIAN_POINT('',(0.00526476198062301,0.00461202745996664,0.002));
#10730=CARTESIAN_POINT('',(0.00576476198062301,0.00461202745996664,0.002));
#10731=CARTESIAN_POINT('',(0.00576476198062301,0.,0.002));
#10732=CARTESIAN_POINT('',(0.00576476198062301,0.00432527693627268,0.002));
#10733=CARTESIAN_POINT('',(0.00526476198062301,0.00432527693627268,0.002));
#10734=CARTESIAN_POINT('',(0.00571456008770537,0.00410691562361604,0.002));
#10735=CARTESIAN_POINT('',(0.00301114072522927,-0.0014618039315904,0.002));
#10736=CARTESIAN_POINT('',(0.00442383560269646,0.00144817803379958,0.002));
#10737=CARTESIAN_POINT('',(0.00397403749561411,0.00166653934645621,0.002));
#10738=CARTESIAN_POINT('',(0.00426765129708289,0.00126182841803069,0.002));
#10739=CARTESIAN_POINT('',(0.000871875108472037,-0.00120177383643301,0.002));
#10740=CARTESIAN_POINT('',(0.00265598673071384,9.25816129960193E-05,0.002));
#10741=CARTESIAN_POINT('',(0.00236237292924505,0.000497292541421542,0.002));
#10742=CARTESIAN_POINT('',(0.00189977021594461,0.000687025853328197,0.002));
#10743=CARTESIAN_POINT('',(0.00138500877549655,-0.000568051795718873,0.002));
#10744=CARTESIAN_POINT('',(0.00297339440424124,0.00330470778582594,0.002));
#10745=CARTESIAN_POINT('',(0.00343599711754169,0.00311497447391928,0.002));
#10746=CARTESIAN_POINT('',(0.00303138954589687,0.00340873068741559,0.002));
#10747=CARTESIAN_POINT('',(0.000364450016568737,-0.000264600725193254,0.002));
#10748=CARTESIAN_POINT('',(0.00787998251766213,0.00802345046668919,0.002));
#10749=CARTESIAN_POINT('',(0.00827066426776662,0.00771141237584884,0.002));
#10750=CARTESIAN_POINT('',(0.00810054205699098,0.00847217475799851,0.002));
#10751=CARTESIAN_POINT('',(0.00128916100497389,-0.00102965479874678,0.002));
#10752=CARTESIAN_POINT('',(0.00664383372032688,0.00567456808005937,0.002));
#10753=CARTESIAN_POINT('',(0.00625315197022239,0.00598660617089972,0.002));
#10754=CARTESIAN_POINT('',(0.00651815165476919,0.00556260715298801,0.002));
#10755=CARTESIAN_POINT('',(-0.000669104951310289,0.0010705667167891,0.002));
#10756=CARTESIAN_POINT('',(0.00635362528729992,0.00545977805754876,0.002));
#10757=CARTESIAN_POINT('',(0.00608862560275311,0.00588377707546047,0.002));
#10758=CARTESIAN_POINT('',(0.00576005806241695,0.00550689065830346,0.002));
#10759=CARTESIAN_POINT('',(0.00521507709626367,0.00598200211742619,0.002));
#10760=CARTESIAN_POINT('',(0.00545599218519749,0.00577197364572387,0.002));
#10761=CARTESIAN_POINT('',(0.00528513706422269,0.00557599270880222,0.002));
#10762=CARTESIAN_POINT('',(0.00538858002139189,0.0058145289840563,0.002));
#10763=CARTESIAN_POINT('',(0.00558750878517882,0.00627325259031415,0.002));
#10764=CARTESIAN_POINT('',(0.00508750878517882,0.00627325259031415,0.002));
#10765=CARTESIAN_POINT('',(0.00508750878517883,0.,0.002));
#10766=CARTESIAN_POINT('',(0.00508750878517883,0.00809148982308488,0.002));
#10767=CARTESIAN_POINT('',(0.00558750878517882,0.00809148982308488,0.002));
#10768=CARTESIAN_POINT('',(0.00548243208837075,0.00858032403607319,0.002));
#10769=CARTESIAN_POINT('',(-0.00152078768121131,0.00707495640660605,0.002));
#10770=CARTESIAN_POINT('',(0.00646475865539985,0.0087914787140963,0.002));
#10771=CARTESIAN_POINT('',(0.00656983535220792,0.00830264450110799,0.002));
#10772=CARTESIAN_POINT('',(0.00665522880757841,0.00879529849508336,0.002));
#10773=CARTESIAN_POINT('',(0.00167417350436537,0.00965868238912346,0.002));
#10774=CARTESIAN_POINT('',(0.00780163342723453,0.00859658813665274,0.002));
#10775=CARTESIAN_POINT('',(0.00771623997186404,0.00810393414267736,0.002));
#10776=CARTESIAN_POINT('',(0.00793679951119288,0.00855265843398667,0.002));
#10777=CARTESIAN_POINT('',(0.00493023129065774,0.010030464103359,0.002));
#10778=CARTESIAN_POINT('',(0.00302623115107417,0.,0.002));
#10779=CARTESIAN_POINT('',(0.00302623115107417,0.00756671554804761,0.002));
#10780=CARTESIAN_POINT('',(0.00302623115107417,0.00576370221389186,0.002));
#10781=CARTESIAN_POINT('',(0.00352623115107417,0.00756671554804761,0.002));
#10782=CARTESIAN_POINT('',(0.00339050118465964,0.00804794041878593,0.002));
#10783=CARTESIAN_POINT('',(-0.00185280985378554,0.00656905918378823,0.002));
#10784=CARTESIAN_POINT('',(0.00395177881876429,0.00820624934889041,0.002));
#10785=CARTESIAN_POINT('',(0.00408750878517882,0.0077250244781521,0.002));
#10786=CARTESIAN_POINT('',(0.00458750878517882,0.0077250244781521,0.002));
#10787=CARTESIAN_POINT('',(0.00458750878517882,0.,0.002));
#10788=CARTESIAN_POINT('',(0.00458750878517882,0.00628438349311452,0.002));
#10789=CARTESIAN_POINT('',(0.00408750878517882,0.00628438349311452,0.002));
#10790=CARTESIAN_POINT('',(0.00426861813300896,0.00581833692448801,0.002));
#10791=CARTESIAN_POINT('',(0.00436279499388063,0.00557599270880222,0.002));
#10792=CARTESIAN_POINT('',(0.00416750679777751,0.00574763920734732,0.00200000000000003));
#10793=CARTESIAN_POINT('',(0.0120154977450461,-0.0011502695940686,0.002));
#10794=CARTESIAN_POINT('',(0.0039139203843376,0.00544795380390123,0.00200000000000003));
#10795=CARTESIAN_POINT('',(0.00352623115107418,0.00576370221389186,0.002));
#10796=CARTESIAN_POINT('',(0.00207249702342304,-0.0054441358023309,0.002));
#10797=CARTESIAN_POINT('',(0.00934159897010788,-0.00267690282092495,0.002));
#10798=CARTESIAN_POINT('',(0.0086887743354144,-0.00292542290957524,0.002));
#10799=CARTESIAN_POINT('',(0.00951948723425275,-0.00314418834978234,0.002));
#10800=CARTESIAN_POINT('',(0.00947976204584458,-0.00264576893863753,0.002));
#10801=CARTESIAN_POINT('',(0.000269382529662752,-0.00337985764668104,0.002));
#10802=CARTESIAN_POINT('',(0.011307712574804,-0.00250007702227147,0.002));
#10803=CARTESIAN_POINT('',(0.0113474377632122,-0.00299849643341627,0.002));
#10804=CARTESIAN_POINT('',(0.0114806533073556,-0.00251656944849159,0.002));
#10805=CARTESIAN_POINT('',(0.000168703499449327,0.0006103099256072,0.002));
#10806=CARTESIAN_POINT('',(0.0121178176983456,-0.00269269613097602,0.002));
#10807=CARTESIAN_POINT('',(0.0119846021542022,-0.00317462311590069,0.002));
#10808=CARTESIAN_POINT('',(0.0124846021542022,-0.00317462311590069,0.002));
#10809=CARTESIAN_POINT('',(0.0124846021542022,0.,0.002));
#10810=CARTESIAN_POINT('',(0.0124846021542022,-0.00322315771940693,0.002));
#10811=CARTESIAN_POINT('',(0.0119846021542022,-0.00322315771940693,0.002));
#10812=CARTESIAN_POINT('',(0.0123429801661927,-0.00357181973414579,0.002));
#10813=CARTESIAN_POINT('',(0.00812630823363793,-0.00790599564240138,0.002));
#10814=CARTESIAN_POINT('',(0.0121575398692085,-0.00376242760700484,0.002));
#10815=CARTESIAN_POINT('',(0.011799161857218,-0.00341376559226599,0.002));
#10816=CARTESIAN_POINT('',(0.011872118415785,-0.00390841429646127,0.002));
#10817=CARTESIAN_POINT('',(0.000816950316248207,-0.00553895939256905,0.002));
#10818=CARTESIAN_POINT('',(0.0104156614971962,-0.00412322954530373,0.002));
#10819=CARTESIAN_POINT('',(0.0103427049386292,-0.00362858084110845,0.002));
#10820=CARTESIAN_POINT('',(0.0102638056989234,-0.00412231650922839,0.002));
#10821=CARTESIAN_POINT('',(-0.000386772982261933,-0.00242034799726678,0.002));
#10822=CARTESIAN_POINT('',(0.00878776335985346,-0.00388644410655256,0.002));
#10823=CARTESIAN_POINT('',(0.00886666259955928,-0.00339270843843262,0.002));
#10824=CARTESIAN_POINT('',(0.0109374506465717,-0.00524265297652761,0.002));
#10825=CARTESIAN_POINT('',(0.0112446533773022,-0.00484815775192826,0.002));
#10826=CARTESIAN_POINT('',(0.0110163498862775,-0.00474891730840767,0.002));
#10827=CARTESIAN_POINT('',(0.00189459683046864,0.0024329516875828,0.002));
#10828=CARTESIAN_POINT('',(0.0118355043048712,-0.00530826729720403,0.002));
#10829=CARTESIAN_POINT('',(0.0115283015741407,-0.00570276252180338,0.002));
#10830=CARTESIAN_POINT('',(0.0115283015741407,-0.00620276252180338,0.002));
#10831=CARTESIAN_POINT('',(0.,-0.00620276252180338,0.002));
#10832=CARTESIAN_POINT('',(0.00907060026461941,-0.00620276252180338,0.002));
#10833=CARTESIAN_POINT('',(0.00907060026461941,-0.00570276252180338,0.002));
#10834=CARTESIAN_POINT('',(0.00893738472047605,-0.00618468950672806,0.002));
#10835=CARTESIAN_POINT('',(-0.000953807415663089,-0.0034505397623467,0.002));
#10836=CARTESIAN_POINT('',(0.0054789682959428,-0.00522870480306899,0.002));
#10837=CARTESIAN_POINT('',(0.00561218384008616,-0.00474677781814431,0.002));
#10838=CARTESIAN_POINT('',(0.00537976684301548,-0.00518947674458603,0.002));
#10839=CARTESIAN_POINT('',(-0.000973387046920471,-0.00185407008142743,0.002));
#10840=CARTESIAN_POINT('',(0.00430004957040754,-0.0046226250284504,0.002));
#10841=CARTESIAN_POINT('',(0.00453246656747822,-0.00417992610200869,0.002));
#10842=CARTESIAN_POINT('',(0.0046027883844461,-0.00368489595943318,0.002));
#10843=CARTESIAN_POINT('',(0.000841459772443567,-0.0301627533208768,0.002));
#10844=CARTESIAN_POINT('',(0.00653883704484333,-0.00403299221220292,0.00200000000000003));
#10845=CARTESIAN_POINT('',(0.00659422650447295,-0.00377896070281493,0.002));
#10846=CARTESIAN_POINT('',(0.00655319889982593,-0.0040357032502373,0.002));
#10847=CARTESIAN_POINT('',(-0.000465672221967746,-0.00291408366538672,0.002));
#10848=CARTESIAN_POINT('',(0.0076516840099056,0.000613386297751672,0.002));
#10849=CARTESIAN_POINT('',(0.00786164635042961,0.000159606818751485,0.002));
#10850=CARTESIAN_POINT('',(0.00802874111635923,0.000285014650874507,0.002));
#10851=CARTESIAN_POINT('',(0.00132546988974194,-0.00286466151261425,0.002));
#10852=CARTESIAN_POINT('',(0.00556878115552066,-0.000901294709651302,0.002));
#10853=CARTESIAN_POINT('',(0.00535881881499665,-0.000447515230651115,0.002));
#10854=CARTESIAN_POINT('',(0.00554999470150297,-0.000909523650940747,0.002));
#10855=CARTESIAN_POINT('',(0.00113270393056567,-0.00273736799750209,0.002));
#10856=CARTESIAN_POINT('',(0.00299485408569152,-0.00196682315225685,0.002));
#10857=CARTESIAN_POINT('',(0.00309426554667481,-0.00220706753080745,0.002));
#10858=CARTESIAN_POINT('',(0.00294274047522568,-0.00199578536704928,0.00199999999999994));
#10859=CARTESIAN_POINT('',(0.00194466024040914,-0.00271157782298812,0.002));
#10860=CARTESIAN_POINT('',(0.00197037476664778,-0.00269313615542715,0.002));
#10861=CARTESIAN_POINT('',(0.00167898039847638,-0.00228682430204604,0.002));
#10862=CARTESIAN_POINT('',(0.00124736171444065,-0.0020344251903375,0.002));
#10863=CARTESIAN_POINT('',(0.00181602997196589,-0.00106196596374016,0.002));
#10864=CARTESIAN_POINT('',(0.00168932717341945,-0.00127863588306781,0.002));
#10865=CARTESIAN_POINT('',(0.00212094585745518,-0.00153103499477634,0.002));
#10866=CARTESIAN_POINT('',(0.0018273320559864,-0.00112632406635082,0.002));
#10867=CARTESIAN_POINT('',(0.00116548890994082,-0.00160648476485853,0.002));
#10868=CARTESIAN_POINT('',(0.00465354501324118,0.000924065660875486,0.002));
#10869=CARTESIAN_POINT('',(0.00494715881470997,0.000519354732449963,0.002));
#10870=CARTESIAN_POINT('',(0.0047382922168984,0.000973639603779201,0.002));
#10871=CARTESIAN_POINT('',(0.00045730191375581,-0.000994631708592265,0.002));
#10872=CARTESIAN_POINT('',(0.00700822164288794,0.00201728526842911,0.002));
#10873=CARTESIAN_POINT('',(0.00721708824069951,0.00156300039709987,0.002));
#10874=CARTESIAN_POINT('',(0.0073909710979006,0.00203179113076638,0.002));
#10875=CARTESIAN_POINT('',(0.00155635452927119,0.00419595464076407,0.002));
#10876=CARTESIAN_POINT('',(0.00787614997815899,0.00185182961725027,0.002));
#10877=CARTESIAN_POINT('',(0.00796656906390355,0.00209560079875685,0.002));
#10878=CARTESIAN_POINT('',(0.0079418349916764,0.00183677996174587,0.002));
#10879=CARTESIAN_POINT('',(0.000245815276688271,0.00257224589134579,0.002));
#10880=CARTESIAN_POINT('',(0.00822929488445506,0.00180930901376306,0.002));
#10881=CARTESIAN_POINT('',(0.0081817293609413,0.0013115766348958,0.002));
#10882=CARTESIAN_POINT('',(0.00866466092249504,0.0014411031065349,0.002));
#10883=CARTESIAN_POINT('',(0.00844376710796443,0.00226469224193622,0.002));
#10884=CARTESIAN_POINT('',(0.00868302552898806,0.00137263178960048,0.002));
#10885=CARTESIAN_POINT('',(0.00820009396743433,0.00124310531796138,0.002));
#10886=CARTESIAN_POINT('',(0.00857715107388796,0.000914733671084216,0.002));
#10887=CARTESIAN_POINT('',(0.00442469450410446,-0.00385337975699929,0.002));
#10888=CARTESIAN_POINT('',(0.00406359844389344,-0.00260681549197817,0.002));
#10889=CARTESIAN_POINT('',(0.00387242255738712,-0.00214480707168855,0.002));
#10890=CARTESIAN_POINT('',(0.00400552867004134,-0.00310343194495246,0.00200000000000003));
#10891=CARTESIAN_POINT('',(0.00132387981707199,-0.00319937641779173,0.002));
#10892=CARTESIAN_POINT('',(0.00575519748214759,-0.00136572783952366,0.002));
#10893=CARTESIAN_POINT('',(0.0056557860211643,-0.00112548346097305,0.002));
#10894=CARTESIAN_POINT('',(0.00576496643823678,-0.00136144879005314,0.002));
#10895=CARTESIAN_POINT('',(0.00153543223026594,-0.00331844099161444,0.002));
#10896=CARTESIAN_POINT('',(0.00806718276779814,-0.000296220520999814,0.002));
#10897=CARTESIAN_POINT('',(0.00827714510832214,-0.00075,0.002));
#10898=CARTESIAN_POINT('',(0.00827714510832214,-0.00025,0.002));
#10899=CARTESIAN_POINT('',(-3.06161699786838E-20,-0.00025,0.002));
#10900=CARTESIAN_POINT('',(0.00964217737576466,-0.00025,0.002));
#10901=CARTESIAN_POINT('',(0.00964217737576466,-0.00075,0.002));
#10902=CARTESIAN_POINT('',(0.00968974289927842,-0.00025226762113274,0.002));
#10903=CARTESIAN_POINT('',(6.38017163564819E-05,0.000667630201709921,0.002));
#10904=CARTESIAN_POINT('',(0.0102786055929103,-0.000308541963509391,0.002));
#10905=CARTESIAN_POINT('',(0.0102310400693966,-0.000806274342376652,0.002));
#10906=CARTESIAN_POINT('',(0.0106063393187939,-0.000475895055190282,0.002));
#10907=CARTESIAN_POINT('',(0.00573956448531888,0.00505258997044282,0.002));
#10908=CARTESIAN_POINT('',(0.0107148065184943,-0.000599109978796674,0.002));
#10909=CARTESIAN_POINT('',(0.010339507269097,-0.000929489265983044,0.002));
#10910=CARTESIAN_POINT('',(0.0105988134559309,-0.0013569940045178,0.002));
#10911=CARTESIAN_POINT('',(0.00345236032463269,-0.00569172843860963,0.002));
#10912=CARTESIAN_POINT('',(0.00928163198554486,-0.00215594024690263,0.002));
#10913=CARTESIAN_POINT('',(0.00902232579871097,-0.00172843550836788,0.002));
#10914=CARTESIAN_POINT('',(0.00920021406285584,-0.00219572103722526,0.002));
#10915=CARTESIAN_POINT('',(0.00189460875927817,-0.00497685027347351,0.002));
#10916=CARTESIAN_POINT('',(0.00613592813518275,-0.00336224657857942,0.002));
#10917=CARTESIAN_POINT('',(0.00595803987103788,-0.00289496104972203,0.002));
#10918=CARTESIAN_POINT('',(0.00586582824406658,-0.00338638450851424,0.002));
#10919=CARTESIAN_POINT('',(0.000841459772443567,-0.0301627533208768,0.002));
#10920=CARTESIAN_POINT('',(-0.0081817293609413,0.0013115766348958,0.002));
#10921=CARTESIAN_POINT('',(-0.00822929488445506,0.00180930901376306,0.002));
#10922=CARTESIAN_POINT('',(-0.00866466092249504,0.0014411031065349,0.002));
#10923=CARTESIAN_POINT('',(-0.000245815276688271,0.00257224589134579,0.002));
#10924=CARTESIAN_POINT('',(-0.0079418349916764,0.00183677996174587,0.002));
#10925=CARTESIAN_POINT('',(-0.00796656906390355,0.00209560079875685,0.002));
#10926=CARTESIAN_POINT('',(-0.00787614997815899,0.00185182961725027,0.002));
#10927=CARTESIAN_POINT('',(-0.00155635452927119,0.00419595464076407,0.002));
#10928=CARTESIAN_POINT('',(-0.0073909710979006,0.00203179113076638,0.002));
#10929=CARTESIAN_POINT('',(-0.00721708824069951,0.00156300039709987,0.002));
#10930=CARTESIAN_POINT('',(-0.00700822164288794,0.00201728526842911,0.002));
#10931=CARTESIAN_POINT('',(-0.000457301913755809,-0.000994631708592264,0.002));
#10932=CARTESIAN_POINT('',(-0.0047382922168984,0.000973639603779202,0.002));
#10933=CARTESIAN_POINT('',(-0.00494715881470997,0.000519354732449965,0.002));
#10934=CARTESIAN_POINT('',(-0.00465354501324118,0.000924065660875488,0.002));
#10935=CARTESIAN_POINT('',(-0.00116548890994082,-0.00160648476485853,0.002));
#10936=CARTESIAN_POINT('',(-0.0018273320559864,-0.00112632406635082,0.002));
#10937=CARTESIAN_POINT('',(-0.00212094585745518,-0.00153103499477634,0.002));
#10938=CARTESIAN_POINT('',(-0.00168932717341945,-0.00127863588306781,0.002));
#10939=CARTESIAN_POINT('',(-0.00181602997196589,-0.00106196596374016,0.002));
#10940=CARTESIAN_POINT('',(-0.00124736171444065,-0.0020344251903375,0.002));
#10941=CARTESIAN_POINT('',(-0.00167898039847638,-0.00228682430204604,0.002));
#10942=CARTESIAN_POINT('',(-0.00197037476664778,-0.00269313615542715,0.002));
#10943=CARTESIAN_POINT('',(-0.00194466024040914,-0.00271157782298812,0.002));
#10944=CARTESIAN_POINT('',(-0.00294274047522568,-0.00199578536704928,0.002));
#10945=CARTESIAN_POINT('',(-0.00309426554667482,-0.00220706753080745,0.002));
#10946=CARTESIAN_POINT('',(-0.00299485408569152,-0.00196682315225685,0.002));
#10947=CARTESIAN_POINT('',(-0.00113270393056567,-0.00273736799750209,0.002));
#10948=CARTESIAN_POINT('',(-0.00554999470150298,-0.000909523650940742,0.002));
#10949=CARTESIAN_POINT('',(-0.00535881881499666,-0.000447515230651111,0.002));
#10950=CARTESIAN_POINT('',(-0.00556878115552067,-0.000901294709651297,0.002));
#10951=CARTESIAN_POINT('',(-0.00132546988974194,-0.00286466151261425,0.002));
#10952=CARTESIAN_POINT('',(-0.00786164635042961,0.000159606818751486,0.002));
#10953=CARTESIAN_POINT('',(-0.0076516840099056,0.000613386297751672,0.002));
#10954=CARTESIAN_POINT('',(-0.00802874111635923,0.000285014650874507,0.002));
#10955=CARTESIAN_POINT('',(-0.00442469450410446,-0.00385337975699929,0.002));
#10956=CARTESIAN_POINT('',(-0.00857715107388796,0.000914733671084217,0.002));
#10957=CARTESIAN_POINT('',(-0.00820009396743433,0.00124310531796138,0.002));
#10958=CARTESIAN_POINT('',(-0.00868302552898806,0.00137263178960048,0.002));
#10959=CARTESIAN_POINT('',(-0.00844376710796443,0.00226469224193622,0.002));
#10960=CARTESIAN_POINT('',(-0.000871875108472037,-0.00120177383643301,0.002));
#10961=CARTESIAN_POINT('',(-0.00426765129708289,0.00126182841803069,0.002));
#10962=CARTESIAN_POINT('',(-0.00265598673071384,9.25816129960189E-05,0.002));
#10963=CARTESIAN_POINT('',(-0.00397403749561411,0.00166653934645621,0.002));
#10964=CARTESIAN_POINT('',(-0.00442383560269646,0.00144817803379958,0.002));
#10965=CARTESIAN_POINT('',(-0.00301114072522927,-0.0014618039315904,0.002));
#10966=CARTESIAN_POINT('',(-0.00571456008770536,0.00410691562361604,0.002));
#10967=CARTESIAN_POINT('',(-0.00526476198062301,0.00432527693627268,0.002));
#10968=CARTESIAN_POINT('',(-0.00576476198062301,0.00432527693627268,0.002));
#10969=CARTESIAN_POINT('',(-0.00576476198062301,0.,0.002));
#10970=CARTESIAN_POINT('',(-0.00576476198062301,0.00461202745996664,0.002));
#10971=CARTESIAN_POINT('',(-0.00526476198062301,0.00461202745996664,0.002));
#10972=CARTESIAN_POINT('',(-0.00559332952095916,0.00498891387712365,0.002));
#10973=CARTESIAN_POINT('',(-0.00488650955592751,0.00560511570026918,0.002));
#10974=CARTESIAN_POINT('',(-0.00533642812371535,0.00521287912595923,0.002));
#10975=CARTESIAN_POINT('',(-0.00500786058337919,0.00483599270880222,0.002));
#10976=CARTESIAN_POINT('',(-0.00500786058337919,0.00533599270880222,0.002));
#10977=CARTESIAN_POINT('',(1.0253632254966E-17,0.00533599270880221,0.002));
#10978=CARTESIAN_POINT('',(-0.00470525288356499,0.00533599270880222,0.002));
#10979=CARTESIAN_POINT('',(-0.00470525288356499,0.00483599270880222,0.002));
#10980=CARTESIAN_POINT('',(-0.00431840790894023,0.00515277491412249,0.002));
#10981=CARTESIAN_POINT('',(-0.0120154977450461,-0.00115026959406859,0.002));
#10982=CARTESIAN_POINT('',(-0.00396498389168741,0.0046946246491322,0.00200000000000003));
#10983=CARTESIAN_POINT('',(-0.000364450016568739,-0.000264600725193254,0.002));
#10984=CARTESIAN_POINT('',(-0.00303138954589687,0.00340873068741559,0.002));
#10985=CARTESIAN_POINT('',(-0.00343599711754168,0.00311497447391928,0.002));
#10986=CARTESIAN_POINT('',(-0.00297339440424124,0.00330470778582593,0.002));
#10987=CARTESIAN_POINT('',(-0.00138500877549655,-0.000568051795718873,0.002));
#10988=CARTESIAN_POINT('',(-0.00189977021594461,0.000687025853328196,0.002));
#10989=CARTESIAN_POINT('',(-0.00236237292924505,0.000497292541421542,0.002));
#10990=CARTESIAN_POINT('',(-0.0102310400693966,-0.000806274342376651,0.002));
#10991=CARTESIAN_POINT('',(-0.0102786055929103,-0.00030854196350939,0.002));
#10992=CARTESIAN_POINT('',(-0.0106063393187939,-0.000475895055190281,0.002));
#10993=CARTESIAN_POINT('',(-6.38017163564819E-05,0.000667630201709921,0.002));
#10994=CARTESIAN_POINT('',(-0.00968974289927842,-0.000252267621132739,0.002));
#10995=CARTESIAN_POINT('',(-0.00964217737576466,-0.00075,0.002));
#10996=CARTESIAN_POINT('',(-0.00964217737576466,-0.00025,0.002));
#10997=CARTESIAN_POINT('',(0.,-0.00025,0.002));
#10998=CARTESIAN_POINT('',(-0.00827714510832214,-0.00025,0.002));
#10999=CARTESIAN_POINT('',(-0.00827714510832214,-0.00075,0.002));
#11000=CARTESIAN_POINT('',(-0.00806718276779814,-0.000296220520999814,0.002));
#11001=CARTESIAN_POINT('',(-0.00153543223026594,-0.00331844099161444,0.002));
#11002=CARTESIAN_POINT('',(-0.00576496643823679,-0.00136144879005314,0.002));
#11003=CARTESIAN_POINT('',(-0.00565578602116431,-0.00112548346097304,0.002));
#11004=CARTESIAN_POINT('',(-0.0057551974821476,-0.00136572783952365,0.002));
#11005=CARTESIAN_POINT('',(-0.00132387981707199,-0.00319937641779172,0.002));
#11006=CARTESIAN_POINT('',(-0.00387242255738713,-0.00214480707168854,0.002));
#11007=CARTESIAN_POINT('',(-0.00406359844389344,-0.00260681549197817,0.002));
#11008=CARTESIAN_POINT('',(-0.00400552867004135,-0.00310343194495247,0.002));
#11009=CARTESIAN_POINT('',(-0.000841459772443587,-0.0301627533208768,0.002));
#11010=CARTESIAN_POINT('',(-0.00586582824406658,-0.00338638450851424,0.00200000000000003));
#11011=CARTESIAN_POINT('',(-0.00595803987103788,-0.00289496104972203,0.002));
#11012=CARTESIAN_POINT('',(-0.00613592813518275,-0.00336224657857941,0.002));
#11013=CARTESIAN_POINT('',(-0.00189460875927818,-0.00497685027347351,0.002));
#11014=CARTESIAN_POINT('',(-0.00920021406285584,-0.00219572103722526,0.002));
#11015=CARTESIAN_POINT('',(-0.00902232579871097,-0.00172843550836787,0.002));
#11016=CARTESIAN_POINT('',(-0.00928163198554486,-0.00215594024690263,0.002));
#11017=CARTESIAN_POINT('',(-0.00345236032463269,-0.00569172843860963,0.002));
#11018=CARTESIAN_POINT('',(-0.0105988134559309,-0.0013569940045178,0.002));
#11019=CARTESIAN_POINT('',(-0.010339507269097,-0.000929489265983043,0.002));
#11020=CARTESIAN_POINT('',(-0.0107148065184943,-0.000599109978796673,0.002));
#11021=CARTESIAN_POINT('',(-0.00573956448531888,0.00505258997044282,0.002));
#11022=CARTESIAN_POINT('',(-0.00787998251766213,0.00802345046668919,0.002));
#11023=CARTESIAN_POINT('',(-0.00810054205699098,0.00847217475799851,0.002));
#11024=CARTESIAN_POINT('',(-0.00827066426776662,0.00771141237584884,0.002));
#11025=CARTESIAN_POINT('',(-0.00493023129065774,0.010030464103359,0.002));
#11026=CARTESIAN_POINT('',(-0.00793679951119288,0.00855265843398668,0.002));
#11027=CARTESIAN_POINT('',(-0.00771623997186404,0.00810393414267736,0.002));
#11028=CARTESIAN_POINT('',(-0.00780163342723452,0.00859658813665274,0.002));
#11029=CARTESIAN_POINT('',(-0.00167417350436537,0.00965868238912346,0.002));
#11030=CARTESIAN_POINT('',(-0.00665522880757842,0.00879529849508337,0.002));
#11031=CARTESIAN_POINT('',(-0.00656983535220793,0.00830264450110799,0.002));
#11032=CARTESIAN_POINT('',(-0.00646475865539986,0.00879147871409631,0.002));
#11033=CARTESIAN_POINT('',(0.00152078768121131,0.00707495640660605,0.002));
#11034=CARTESIAN_POINT('',(-0.00548243208837075,0.00858032403607319,0.002));
#11035=CARTESIAN_POINT('',(-0.00558750878517882,0.00809148982308488,0.002));
#11036=CARTESIAN_POINT('',(-0.00508750878517882,0.00809148982308488,0.002));
#11037=CARTESIAN_POINT('',(-0.00508750878517882,0.,0.002));
#11038=CARTESIAN_POINT('',(-0.00508750878517882,0.00627325259031415,0.002));
#11039=CARTESIAN_POINT('',(-0.00558750878517882,0.00627325259031415,0.002));
#11040=CARTESIAN_POINT('',(-0.00538858002139189,0.0058145289840563,0.002));
#11041=CARTESIAN_POINT('',(-0.00528513706422268,0.00557599270880222,0.002));
#11042=CARTESIAN_POINT('',(-0.00545599218519749,0.00577197364572387,0.002));
#11043=CARTESIAN_POINT('',(-0.00521507709626367,0.00598200211742619,0.002));
#11044=CARTESIAN_POINT('',(-0.00576005806241695,0.00550689065830346,0.002));
#11045=CARTESIAN_POINT('',(-0.00608862560275311,0.00588377707546047,0.002));
#11046=CARTESIAN_POINT('',(-0.00635362528729992,0.00545977805754876,0.002));
#11047=CARTESIAN_POINT('',(0.000669104951310289,0.00107056671678911,0.002));
#11048=CARTESIAN_POINT('',(-0.00651815165476919,0.00556260715298801,0.002));
#11049=CARTESIAN_POINT('',(-0.00625315197022239,0.00598660617089972,0.002));
#11050=CARTESIAN_POINT('',(-0.00664383372032688,0.00567456808005937,0.002));
#11051=CARTESIAN_POINT('',(-0.00128916100497389,-0.00102965479874678,0.002));
#11052=CARTESIAN_POINT('',(-0.00883533494155062,0.00672787050654086,0.002));
#11053=CARTESIAN_POINT('',(-0.0093030290790969,0.00690468168747927,0.002));
#11054=CARTESIAN_POINT('',(-0.00931533490605686,0.00658787038484804,0.002));
#11055=CARTESIAN_POINT('',(-0.0104235873287896,0.0039406240901096,0.002));
#11056=CARTESIAN_POINT('',(-0.009280407857957,0.00696451847186769,0.002));
#11057=CARTESIAN_POINT('',(-0.00881271372041071,0.00678770729092928,0.002));
#11058=CARTESIAN_POINT('',(-0.00842203197030622,0.00709974538176963,0.002));
#11059=CARTESIAN_POINT('',(-0.00167984275507838,-0.00134169288958713,0.002));
#11060=CARTESIAN_POINT('',(-0.00721788835956814,0.00559211875851553,0.002));
#11061=CARTESIAN_POINT('',(-0.00760857010967263,0.00528008066767518,0.002));
#11062=CARTESIAN_POINT('',(-0.00787518321528696,0.00485709431811448,0.002));
#11063=CARTESIAN_POINT('',(-4.81422849889673E-05,-7.63785761396557E-05,0.002));
#11064=CARTESIAN_POINT('',(-0.00886088868094499,0.00547839568089615,0.002));
#11065=CARTESIAN_POINT('',(-0.00859427557533067,0.00590138203045685,0.002));
#11066=CARTESIAN_POINT('',(-0.00907427553983691,0.00576138190876403,0.002));
#11067=CARTESIAN_POINT('',(-0.00681419041201842,-0.00198747407804905,0.002));
#11068=CARTESIAN_POINT('',(0.00141311895001369,0.00063926847724208,0.002));
#11069=CARTESIAN_POINT('',(-0.000996894606708108,0.00596666369229474,0.002));
#11070=CARTESIAN_POINT('',(-0.00123420639149743,0.0064912473251279,0.002));
#11071=CARTESIAN_POINT('',(-0.00145244852202628,0.00576057965545956,0.002));
#11072=CARTESIAN_POINT('',(-0.000953039146099484,0.00578487523605377,0.002));
#11073=CARTESIAN_POINT('',(-0.000670027160956628,-3.25959016270365E-05,0.002));
#11074=CARTESIAN_POINT('',(-0.000758258134907227,0.00178104158142155,0.002));
#11075=CARTESIAN_POINT('',(-0.00125766751083402,0.00175674600082734,0.002));
#11076=CARTESIAN_POINT('',(-0.00172027022413446,0.00156701268892069,0.002));
#11077=CARTESIAN_POINT('',(-0.000922406062196105,-0.000378318483812219,0.002));
#11078=CARTESIAN_POINT('',(-0.00248883386437461,0.00344090410917945,0.002));
#11079=CARTESIAN_POINT('',(-0.00202623115107417,0.00363063742108611,0.002));
#11080=CARTESIAN_POINT('',(-0.00252623115107417,0.00363063742108611,0.002));
#11081=CARTESIAN_POINT('',(-0.00252623115107417,2.35525652930897E-19,0.002));
#11082=CARTESIAN_POINT('',(-0.00252623115107417,0.00661689519424791,0.002));
#11083=CARTESIAN_POINT('',(-0.00202623115107417,0.00661689519424791,0.002));
#11084=CARTESIAN_POINT('',(-0.00167519401263672,0.00697294705484921,0.002));
#11085=CARTESIAN_POINT('',(0.00266040580730697,0.00269841089140174,0.002));
#11086=CARTESIAN_POINT('',(-0.00133872316837815,0.00664121514889401,0.002));
#11087=CARTESIAN_POINT('',(-0.00168976030681561,0.00628516328829272,0.002));
#11088=CARTESIAN_POINT('',(-0.00561218384008616,-0.00474677781814431,0.002));
#11089=CARTESIAN_POINT('',(-0.0054789682959428,-0.00522870480306899,0.002));
#11090=CARTESIAN_POINT('',(-0.00537976684301547,-0.00518947674458603,0.002));
#11091=CARTESIAN_POINT('',(0.000953807415663089,-0.0034505397623467,0.002));
#11092=CARTESIAN_POINT('',(-0.00893738472047605,-0.00618468950672806,0.002));
#11093=CARTESIAN_POINT('',(-0.0090706002646194,-0.00570276252180338,0.002));
#11094=CARTESIAN_POINT('',(-0.0090706002646194,-0.00620276252180338,0.002));
#11095=CARTESIAN_POINT('',(0.,-0.00620276252180338,0.002));
#11096=CARTESIAN_POINT('',(-0.0115283015741407,-0.00620276252180338,0.002));
#11097=CARTESIAN_POINT('',(-0.0115283015741407,-0.00570276252180338,0.002));
#11098=CARTESIAN_POINT('',(-0.0118355043048712,-0.00530826729720403,0.002));
#11099=CARTESIAN_POINT('',(-0.00189459683046864,0.0024329516875828,0.002));
#11100=CARTESIAN_POINT('',(-0.0112446533773022,-0.00484815775192826,0.002));
#11101=CARTESIAN_POINT('',(-0.0109374506465717,-0.00524265297652761,0.002));
#11102=CARTESIAN_POINT('',(-0.0110163498862775,-0.00474891730840767,0.002));
#11103=CARTESIAN_POINT('',(0.000465672221967745,-0.00291408366538673,0.002));
#11104=CARTESIAN_POINT('',(-0.00655319889982606,-0.00403570325023732,0.002));
#11105=CARTESIAN_POINT('',(-0.00659422650447308,-0.00377896070281496,0.002));
#11106=CARTESIAN_POINT('',(-0.00653883704484346,-0.00403299221220295,0.00200000000000003));
#11107=CARTESIAN_POINT('',(-0.000841459772442422,-0.0301627533208824,0.002));
#11108=CARTESIAN_POINT('',(-0.00460278838444607,-0.00368489595943315,0.00200000000000003));
#11109=CARTESIAN_POINT('',(-0.00453246656747819,-0.00417992610200868,0.002));
#11110=CARTESIAN_POINT('',(-0.00430004957040751,-0.00462262502845038,0.002));
#11111=CARTESIAN_POINT('',(0.00097338704692047,-0.00185407008142743,0.002));
#11112=CARTESIAN_POINT('',(0.0194,4.04247873080481E-18,0.002));
#11113=CARTESIAN_POINT('',(0.0194,0.01665,0.002));
#11114=CARTESIAN_POINT('',(0.0194,-0.01665,0.002));
#11115=CARTESIAN_POINT('',(0.,0.01665,0.002));
#11116=CARTESIAN_POINT('',(-0.0194,0.01665,0.002));
#11117=CARTESIAN_POINT('',(-0.0194,-4.04247873080481E-18,0.002));
#11118=CARTESIAN_POINT('',(-0.0194,-0.01665,0.002));
#11119=CARTESIAN_POINT('',(0.,-0.01665,0.002));
#11120=CARTESIAN_POINT('',(-0.00352623115107417,0.00756671554804761,0.002));
#11121=CARTESIAN_POINT('',(-0.00302623115107417,0.00756671554804761,0.002));
#11122=CARTESIAN_POINT('',(-0.00339050118465964,0.00804794041878593,0.002));
#11123=CARTESIAN_POINT('',(-0.00302623115107417,2.8214166683579E-19,0.002));
#11124=CARTESIAN_POINT('',(-0.00302623115107417,0.00576370221389186,0.002));
#11125=CARTESIAN_POINT('',(-0.00352623115107418,0.00576370221389186,0.002));
#11126=CARTESIAN_POINT('',(-0.00391392038433761,0.00544795380390123,0.002));
#11127=CARTESIAN_POINT('',(-0.0120154977450461,-0.00115026959406859,0.002));
#11128=CARTESIAN_POINT('',(-0.00416750679777751,0.00574763920734732,0.00200000000000003));
#11129=CARTESIAN_POINT('',(-0.00436279499388063,0.00557599270880222,0.002));
#11130=CARTESIAN_POINT('',(-0.00426861813300896,0.00581833692448801,0.00200000000000003));
#11131=CARTESIAN_POINT('',(-0.00408750878517882,0.00628438349311452,0.002));
#11132=CARTESIAN_POINT('',(-0.00458750878517882,0.00628438349311452,0.002));
#11133=CARTESIAN_POINT('',(-0.00458750878517882,0.,0.002));
#11134=CARTESIAN_POINT('',(-0.00458750878517882,0.0077250244781521,0.002));
#11135=CARTESIAN_POINT('',(-0.00408750878517882,0.0077250244781521,0.002));
#11136=CARTESIAN_POINT('',(-0.00395177881876429,0.00820624934889041,0.002));
#11137=CARTESIAN_POINT('',(0.00185280985378554,0.00656905918378824,0.002));
#11138=CARTESIAN_POINT('',(-0.011799161857218,-0.00341376559226599,0.002));
#11139=CARTESIAN_POINT('',(-0.0121575398692085,-0.00376242760700484,0.002));
#11140=CARTESIAN_POINT('',(-0.011872118415785,-0.00390841429646126,0.002));
#11141=CARTESIAN_POINT('',(-0.00812630823363793,-0.00790599564240138,0.002));
#11142=CARTESIAN_POINT('',(-0.0123429801661927,-0.00357181973414579,0.002));
#11143=CARTESIAN_POINT('',(-0.0119846021542022,-0.00322315771940693,0.002));
#11144=CARTESIAN_POINT('',(-0.0124846021542022,-0.00322315771940693,0.002));
#11145=CARTESIAN_POINT('',(-0.0124846021542022,0.,0.002));
#11146=CARTESIAN_POINT('',(-0.0124846021542022,-0.00317462311590069,0.002));
#11147=CARTESIAN_POINT('',(-0.0119846021542022,-0.00317462311590069,0.002));
#11148=CARTESIAN_POINT('',(-0.0121178176983456,-0.00269269613097602,0.002));
#11149=CARTESIAN_POINT('',(-0.000168703499449327,0.000610309925607201,0.002));
#11150=CARTESIAN_POINT('',(-0.0114806533073556,-0.00251656944849159,0.002));
#11151=CARTESIAN_POINT('',(-0.0113474377632122,-0.00299849643341626,0.002));
#11152=CARTESIAN_POINT('',(-0.011307712574804,-0.00250007702227146,0.002));
#11153=CARTESIAN_POINT('',(-0.000269382529662754,-0.00337985764668104,0.002));
#11154=CARTESIAN_POINT('',(-0.00947976204584457,-0.00264576893863753,0.002));
#11155=CARTESIAN_POINT('',(-0.00951948723425275,-0.00314418834978234,0.002));
#11156=CARTESIAN_POINT('',(-0.00934159897010788,-0.00267690282092495,0.002));
#11157=CARTESIAN_POINT('',(-0.00207249702342304,-0.0054441358023309,0.002));
#11158=CARTESIAN_POINT('',(-0.0086887743354144,-0.00292542290957524,0.002));
#11159=CARTESIAN_POINT('',(-0.00886666259955928,-0.00339270843843262,0.002));
#11160=CARTESIAN_POINT('',(-0.00878776335985346,-0.00388644410655256,0.002));
#11161=CARTESIAN_POINT('',(0.000386772982261933,-0.00242034799726678,0.002));
#11162=CARTESIAN_POINT('',(-0.0102638056989234,-0.00412231650922839,0.002));
#11163=CARTESIAN_POINT('',(-0.0103427049386292,-0.00362858084110845,0.002));
#11164=CARTESIAN_POINT('',(-0.0104156614971962,-0.00412322954530373,0.002));
#11165=CARTESIAN_POINT('',(-0.000816950316248213,-0.00553895939256906,0.002));
#11166=CARTESIAN_POINT('',(0.00145244852202628,0.00576057965545956,0.002));
#11167=CARTESIAN_POINT('',(0.000996894606708108,0.00596666369229474,0.002));
#11168=CARTESIAN_POINT('',(0.000953039146099485,0.00578487523605377,0.002));
#11169=CARTESIAN_POINT('',(-0.00141311895001369,0.000639268477242081,0.002));
#11170=CARTESIAN_POINT('',(0.00123420639149744,0.0064912473251279,0.002));
#11171=CARTESIAN_POINT('',(0.00168976030681561,0.00628516328829272,0.002));
#11172=CARTESIAN_POINT('',(0.00133872316837815,0.00664121514889401,0.002));
#11173=CARTESIAN_POINT('',(-0.00266040580730697,0.00269841089140174,0.002));
#11174=CARTESIAN_POINT('',(0.00167519401263672,0.00697294705484921,0.002));
#11175=CARTESIAN_POINT('',(0.00202623115107417,0.00661689519424791,0.002));
#11176=CARTESIAN_POINT('',(0.00252623115107417,0.00661689519424791,0.002));
#11177=CARTESIAN_POINT('',(0.00252623115107417,0.,0.002));
#11178=CARTESIAN_POINT('',(0.00252623115107417,0.00363063742108611,0.002));
#11179=CARTESIAN_POINT('',(0.00202623115107417,0.00363063742108611,0.002));
#11180=CARTESIAN_POINT('',(0.00248883386437461,0.00344090410917945,0.002));
#11181=CARTESIAN_POINT('',(0.000922406062196105,-0.000378318483812219,0.002));
#11182=CARTESIAN_POINT('',(0.00172027022413446,0.00156701268892069,0.002));
#11183=CARTESIAN_POINT('',(0.00125766751083402,0.00175674600082734,0.002));
#11184=CARTESIAN_POINT('',(0.000758258134907227,0.00178104158142154,0.002));
#11185=CARTESIAN_POINT('',(0.000670027160956628,-3.25959016270365E-05,0.002));
#11186=CARTESIAN_POINT('',(-0.000148839587572931,-7.24084162171746E-06,0.002));
#11187=CARTESIAN_POINT('',(-0.00010574486847078,-0.000893077123207733,0.002));
#11188=CARTESIAN_POINT('',(-0.000444138762488397,0.00606280041894376,0.002));
#11189=CARTESIAN_POINT('',(-0.00259068453312285,0.00112657362881862,0.002));
#11190=CARTESIAN_POINT('',(-0.000213427941636884,0.00659334626158953,0.002));
#11191=CARTESIAN_POINT('',(-0.000213427936244985,0.00659334624754091,0.002));
#11192=CARTESIAN_POINT('',(-8.24946543245183E-05,0.0062521987990932,0.002));
#11193=CARTESIAN_POINT('',(-4.12473271622592E-05,0.00597422492809079,0.002));
#11194=CARTESIAN_POINT('',(1.74397390605075E-19,0.00569625105708838,0.002));
#11195=CARTESIAN_POINT('',(3.46099768880117E-19,0.00569625105708837,0.002));
#11196=CARTESIAN_POINT('',(0.00021342793624498,0.00659334624754089,0.002));
#11197=CARTESIAN_POINT('',(8.24946543245178E-05,0.00625219879909319,0.002));
#11198=CARTESIAN_POINT('',(4.1247327162259E-05,0.00597422492809079,0.002));
#11199=CARTESIAN_POINT('',(1.79787415265143E-19,0.00569625105708838,0.002));
#11200=CARTESIAN_POINT('',(0.000213427941636885,0.00659334626158953,0.002));
#11201=CARTESIAN_POINT('',(0.00259068453312285,0.00112657362881861,0.002));
#11202=CARTESIAN_POINT('',(0.000444138762488398,0.00606280041894375,0.002));
#11203=CARTESIAN_POINT('',(0.000148839587572931,-7.24084162171747E-06,0.002));
#11204=CARTESIAN_POINT('',(0.00010574486847078,-0.00089307712320774,0.002));
#11205=CARTESIAN_POINT('',(-0.000147336288608799,-4.39113784699849E-05,0.002));
#11206=CARTESIAN_POINT('',(0.000423592544393613,-0.0019595546182245,0.002));
#11207=CARTESIAN_POINT('',(0.000984890319510511,-0.000341696726132465,0.002));
#11208=CARTESIAN_POINT('',(0.000157526053953916,-0.00272645195946098,0.002));
#11209=CARTESIAN_POINT('',(-0.00115285613103247,-0.000773562570780212,0.002));
#11210=CARTESIAN_POINT('',(-1.62630325872826E-19,-0.00249168765731156,0.002));
#11211=CARTESIAN_POINT('',(0.00115285613103247,-0.000773562570780212,0.002));
#11212=CARTESIAN_POINT('',(-0.000157526053953916,-0.00272645195946098,0.002));
#11213=CARTESIAN_POINT('',(-0.000984890319510511,-0.000341696726132465,0.002));
#11214=CARTESIAN_POINT('',(-0.000423592544393614,-0.0019595546182245,0.002));
#11215=CARTESIAN_POINT('',(0.000147336288608799,-4.39113784699849E-05,0.002));
#11216=CARTESIAN_POINT('',(-0.00162768447304679,-0.000677001570997344,0.002));
#11217=CARTESIAN_POINT('',(0.00118453288450837,-0.00743828946724534,0.002));
#11218=CARTESIAN_POINT('',(0.000600690254941583,-0.00603458285331726,0.002));
#11219=CARTESIAN_POINT('',(-0.0014054032054263,-0.000510365545464313,0.002));
#11220=CARTESIAN_POINT('',(0.000194461706751797,-0.00491594365669556,0.002));
#11221=CARTESIAN_POINT('',(-3.93023287525996E-19,-0.00422094436362385,0.002));
#11222=CARTESIAN_POINT('',(-0.000194461706751798,-0.00491594365669556,0.002));
#11223=CARTESIAN_POINT('',(0.0014054032054263,-0.000510365545464313,0.002));
#11224=CARTESIAN_POINT('',(-0.000600690254941584,-0.00603458285331726,0.002));
#11225=CARTESIAN_POINT('',(0.00162768447304679,-0.000677001570997344,0.002));
#11226=CARTESIAN_POINT('',(-0.00118453288450837,-0.00743828946724534,0.002));
#11227=CARTESIAN_POINT('',(0.00315085091230011,-0.00330454907724395,0.002));
#11228=CARTESIAN_POINT('',(-0.00225284066982567,-0.00845690909773111,0.002));
#11229=CARTESIAN_POINT('',(-0.00418829068756709,-0.00110217871550346,0.002));
#11230=CARTESIAN_POINT('',(-0.00237706233747304,-0.00798486545681953,0.002));
#11231=CARTESIAN_POINT('',(0.00181122835009405,-0.00688268674131608,0.002));
#11232=CARTESIAN_POINT('',(-0.0020254758928868,-0.00789234296380519,0.002));
#11233=CARTESIAN_POINT('',(0.00263999485150486,-0.00575045821619423,0.002));
#11234=CARTESIAN_POINT('',(-0.00163173151668162,-0.00771157769486308,0.002));
#11235=CARTESIAN_POINT('',(0.00140259328632316,-0.000598307605926211,0.002));
#11236=CARTESIAN_POINT('',(-0.000399193914917173,-0.0048221794183704,0.002));
#11237=CARTESIAN_POINT('',(-4.66566029964017E-19,-0.00422094436362386,0.002));
#11238=CARTESIAN_POINT('',(0.000399193914917171,-0.00482217941837041,0.002));
#11239=CARTESIAN_POINT('',(-0.00140259328632316,-0.00059830760592621,0.002));
#11240=CARTESIAN_POINT('',(0.00163173151668161,-0.00771157769486308,0.002));
#11241=CARTESIAN_POINT('',(-0.00263999485150486,-0.00575045821619424,0.002));
#11242=CARTESIAN_POINT('',(0.0020254758928868,-0.00789234296380519,0.002));
#11243=CARTESIAN_POINT('',(-0.00181122835009405,-0.00688268674131608,0.002));
#11244=CARTESIAN_POINT('',(0.00237706233747304,-0.00798486545681953,0.002));
#11245=CARTESIAN_POINT('',(0.00418829068756709,-0.00110217871550346,0.002));
#11246=CARTESIAN_POINT('',(0.00225284066982567,-0.00845690909773111,0.002));
#11247=CARTESIAN_POINT('',(-0.00315085091230011,-0.00330454907724395,0.002));
#11248=CARTESIAN_POINT('',(0.0112235690527163,0.00113562387786337,0.002));
#11249=CARTESIAN_POINT('',(0.0108820902158224,0.000467872274380799,0.002));
#11250=CARTESIAN_POINT('',(0.0117051344318661,0.00171059760387559,0.002));
#11251=CARTESIAN_POINT('',(0.0105929714672521,-9.74907499011098E-05,0.002));
#11252=CARTESIAN_POINT('',(0.0106533796821146,0.000534629371260311,0.00199999999999994));
#11253=CARTESIAN_POINT('',(0.000147041382505552,0.00153866186472762,0.002));
#11254=CARTESIAN_POINT('',(0.0103058942613243,0.00056783662611261,0.002));
#11255=CARTESIAN_POINT('',(0.010377242546595,0.0013144351944135,0.002));
#11256=CARTESIAN_POINT('',(0.00964059618801371,0.00117353756352869,0.002));
#11257=CARTESIAN_POINT('',(0.00901690227108156,0.00105424423604622,0.002));
#11258=CARTESIAN_POINT('',(0.00963353316099667,0.0012058732095391,0.00200000000000003));
#11259=CARTESIAN_POINT('',(0.0103618373616838,0.0013849625483102,0.002));
#11260=CARTESIAN_POINT('',(0.0102953801820559,0.0021320123748117,0.002));
#11261=CARTESIAN_POINT('',(0.0102953801820546,0.00213201237481158,0.002));
#11262=CARTESIAN_POINT('',(0.0104238437080436,0.00214344042595291,0.002));
#11263=CARTESIAN_POINT('',(0.0105493620998572,0.00217440972621885,0.002));
#11264=CARTESIAN_POINT('',(0.0106772635161565,0.00218956742932941,0.002));
#11265=CARTESIAN_POINT('',(0.0106772635161565,0.00218956742932941,0.002));
#11266=CARTESIAN_POINT('',(0.0107655289644674,0.00144477939865593,0.002));
#11267=CARTESIAN_POINT('',(0.0110452023522412,0.00214068369967088,0.002));
#11268=CARTESIAN_POINT('',(0.0110452023522412,0.00214068369967088,0.002));
#11269=CARTESIAN_POINT('',(0.011293561868917,0.00204087177536857,0.002));
#11270=CARTESIAN_POINT('',(0.0115023911297998,0.00188040389364601,0.00200000000000003));
#11271=CARTESIAN_POINT('',(0.0117051344318661,0.00171059760387558,0.00200000000000003));
#11272=CARTESIAN_POINT('',(0.,0.,0.002));
#11273=CARTESIAN_POINT('',(-0.0214,-3.98102760170548E-18,0.002));
#11274=CARTESIAN_POINT('',(-0.0214,0.01765,0.002));
#11275=CARTESIAN_POINT('',(-0.0214,-0.01765,0.002));
#11276=CARTESIAN_POINT('',(-0.0204,0.01765,0.002));
#11277=CARTESIAN_POINT('',(-0.0204,0.01865,0.002));
#11278=CARTESIAN_POINT('',(0.,0.01865,0.002));
#11279=CARTESIAN_POINT('',(0.0204,0.01865,0.002));
#11280=CARTESIAN_POINT('',(0.0204,0.01765,0.002));
#11281=CARTESIAN_POINT('',(0.0214,0.01765,0.002));
#11282=CARTESIAN_POINT('',(0.0214,3.98102760170548E-18,0.002));
#11283=CARTESIAN_POINT('',(0.0214,-0.01765,0.002));
#11284=CARTESIAN_POINT('',(0.0204,-0.01765,0.002));
#11285=CARTESIAN_POINT('',(0.0204,-0.01865,0.002));
#11286=CARTESIAN_POINT('',(0.,-0.01865,0.002));
#11287=CARTESIAN_POINT('',(-0.0204,-0.01865,0.002));
#11288=CARTESIAN_POINT('',(-0.0204,-0.01765,0.002));
#11289=CARTESIAN_POINT('',(3.46944695195361E-18,-0.02165,0.002));
#11290=CARTESIAN_POINT('',(-0.0214,-0.02165,0.002));
#11291=CARTESIAN_POINT('',(0.0214,-0.02165,0.002));
#11292=CARTESIAN_POINT('',(0.0214,-0.01865,0.002));
#11293=CARTESIAN_POINT('',(0.0244,-0.01865,0.002));
#11294=CARTESIAN_POINT('',(0.0244,0.,0.002));
#11295=CARTESIAN_POINT('',(0.0244,0.01865,0.002));
#11296=CARTESIAN_POINT('',(0.0214,0.01865,0.002));
#11297=CARTESIAN_POINT('',(0.0214,0.02165,0.002));
#11298=CARTESIAN_POINT('',(-3.46944695195361E-18,0.02165,0.002));
#11299=CARTESIAN_POINT('',(-0.0214,0.02165,0.002));
#11300=CARTESIAN_POINT('',(-0.0214,0.01865,0.002));
#11301=CARTESIAN_POINT('',(-0.0244,0.01865,0.002));
#11302=CARTESIAN_POINT('',(-0.0244,0.,0.002));
#11303=CARTESIAN_POINT('',(-0.0244,-0.01865,0.002));
#11304=CARTESIAN_POINT('',(-0.0214,-0.01865,0.002));
#11305=CARTESIAN_POINT('',(-3.46944695195361E-18,0.02165,0.002));
#11306=CARTESIAN_POINT('',(-0.0214,0.02165,0.002));
#11307=CARTESIAN_POINT('',(0.0214,0.02165,0.));
#11308=CARTESIAN_POINT('',(-0.0244,0.,0.002));
#11309=CARTESIAN_POINT('',(-0.0244,-0.01865,0.002));
#11310=CARTESIAN_POINT('',(-0.0244,0.01865,0.002));
#11311=CARTESIAN_POINT('',(3.46944695195361E-18,-0.02165,0.002));
#11312=CARTESIAN_POINT('',(0.0214,-0.02165,0.002));
#11313=CARTESIAN_POINT('',(-0.0214,-0.02165,0.));
#11314=CARTESIAN_POINT('',(0.0244,0.,0.002));
#11315=CARTESIAN_POINT('',(0.0244,-0.01865,0.002));
#11316=CARTESIAN_POINT('',(0.0244,0.01865,0.002));
#11317=CARTESIAN_POINT('',(0.0194,0.,0.0045));
#11318=CARTESIAN_POINT('',(0.0194,0.01665,0.0045));
#11319=CARTESIAN_POINT('',(0.0194,0.01665,0.0045));
#11320=CARTESIAN_POINT('',(0.0194,-0.01665,0.0045));
#11321=CARTESIAN_POINT('',(0.0194,-0.01665,0.0045));
#11322=CARTESIAN_POINT('',(0.0194,0.,0.0045));
#11323=CARTESIAN_POINT('',(3.46944695195361E-18,-0.01665,0.0045));
#11324=CARTESIAN_POINT('',(-0.0194,-0.01665,0.0045));
#11325=CARTESIAN_POINT('',(-0.0194,-0.01665,0.0045));
#11326=CARTESIAN_POINT('',(3.46944695195361E-18,-0.01665,0.0045));
#11327=CARTESIAN_POINT('',(-0.0194,0.,0.0045));
#11328=CARTESIAN_POINT('',(-0.0194,0.01665,0.0045));
#11329=CARTESIAN_POINT('',(-0.0194,0.01665,0.0045));
#11330=CARTESIAN_POINT('',(-0.0194,0.,0.0045));
#11331=CARTESIAN_POINT('',(-0.0214,0.,0.0045));
#11332=CARTESIAN_POINT('',(-0.0214,-0.01765,0.0045));
#11333=CARTESIAN_POINT('',(-0.0214,-0.01765,0.0045));
#11334=CARTESIAN_POINT('',(-0.0214,0.,0.0045));
#11335=CARTESIAN_POINT('',(-0.0214,0.01765,0.0045));
#11336=CARTESIAN_POINT('',(-0.0214,0.01765,0.0045));
#11337=CARTESIAN_POINT('',(3.46944695195361E-18,-0.01865,0.0045));
#11338=CARTESIAN_POINT('',(3.46944695195361E-18,-0.01865,0.0045));
#11339=CARTESIAN_POINT('',(-0.0204,-0.01865,0.0045));
#11340=CARTESIAN_POINT('',(0.0204,-0.01865,0.0045));
#11341=CARTESIAN_POINT('',(-0.0204,-0.01865,0.002));
#11342=CARTESIAN_POINT('',(0.0204,-0.01865,0.0045));
#11343=CARTESIAN_POINT('',(0.0214,0.,0.0045));
#11344=CARTESIAN_POINT('',(0.0214,0.,0.0045));
#11345=CARTESIAN_POINT('',(0.0214,-0.01765,0.0045));
#11346=CARTESIAN_POINT('',(0.0214,0.01765,0.0045));
#11347=CARTESIAN_POINT('',(0.0214,-0.01765,0.0045));
#11348=CARTESIAN_POINT('',(0.0214,0.01765,0.0045));
#11349=CARTESIAN_POINT('',(-3.46944695195361E-18,0.01865,0.0045));
#11350=CARTESIAN_POINT('',(-3.46944695195361E-18,0.01865,0.0045));
#11351=CARTESIAN_POINT('',(-0.0204,0.01865,0.0045));
#11352=CARTESIAN_POINT('',(0.0204,0.01865,0.0045));
#11353=CARTESIAN_POINT('',(0.0204,0.01865,0.002));
#11354=CARTESIAN_POINT('',(-0.0204,0.01865,0.0045));
#11355=CARTESIAN_POINT('',(-3.46944695195361E-18,0.01665,0.0045));
#11356=CARTESIAN_POINT('',(-3.46944695195361E-18,0.01665,0.0045));
#11357=CARTESIAN_POINT('',(0.,0.,0.0045));
#11358=CARTESIAN_POINT('',(-0.0204,-0.01765,0.0045));
#11359=CARTESIAN_POINT('',(0.0204,-0.01765,0.0045));
#11360=CARTESIAN_POINT('',(0.0204,0.01765,0.0045));
#11361=CARTESIAN_POINT('',(-0.0204,0.01765,0.0045));
#11362=CARTESIAN_POINT('',(-0.0204,-0.01765,0.0045));
#11363=CARTESIAN_POINT('',(0.0204,-0.01765,0.0045));
#11364=CARTESIAN_POINT('',(0.0204,0.01765,0.0045));
#11365=CARTESIAN_POINT('',(-0.0204,0.01765,0.0045));
#11366=CARTESIAN_POINT('',(0.0214,-0.01865,0.002));
#11367=CARTESIAN_POINT('',(-0.0214,-0.01865,0.002));
#11368=CARTESIAN_POINT('',(-0.0214,0.01865,0.002));
#11369=CARTESIAN_POINT('',(0.0214,0.01865,0.002));
#11370=CARTESIAN_POINT('',(-0.00659422650447308,-0.00377896070281496,0.10375));
#11371=CARTESIAN_POINT('',(-0.00655319889982606,-0.00403570325023732,0.10375));
#11372=CARTESIAN_POINT('',(-0.00653883704484346,-0.00403299221220295,0.10375));
#11373=CARTESIAN_POINT('',(-0.0118949074179968,-0.00535452590168933,0.10375));
#11374=CARTESIAN_POINT('',(-0.0118355043048712,-0.00530826729720403,0.10375));
#11375=CARTESIAN_POINT('',(-0.0112446533773022,-0.00484815775192826,0.10375));
#11376=CARTESIAN_POINT('',(-0.0109098545771289,-0.00620276252180338,0.10375));
#11377=CARTESIAN_POINT('',(-0.0090706002646194,-0.00620276252180338,0.10375));
#11378=CARTESIAN_POINT('',(-0.0115283015741407,-0.00620276252180338,0.10375));
#11379=CARTESIAN_POINT('',(-0.00721843405689748,-0.00570953257389933,0.10375));
#11380=CARTESIAN_POINT('',(-0.0054789682959428,-0.00522870480306899,0.10375));
#11381=CARTESIAN_POINT('',(-0.00893738472047605,-0.00618468950672806,0.10375));
#11382=CARTESIAN_POINT('',(-0.00279195276688006,-0.00383087399985624,0.10375));
#11383=CARTESIAN_POINT('',(-0.00430004957040751,-0.00462262502845038,0.10375));
#11384=CARTESIAN_POINT('',(-0.00537976684301547,-0.00518947674458603,0.10375));
#11385=CARTESIAN_POINT('',(-0.000841459772442422,-0.0301627533208824,0.10375));
#11386=CARTESIAN_POINT('',(-0.00460278838444607,-0.00368489595943315,0.103));
#11387=CARTESIAN_POINT('',(-0.010752700778756,-0.0047067860315409,0.10375));
#11388=CARTESIAN_POINT('',(-0.0110163498862775,-0.00474891730840767,0.10375));
#11389=CARTESIAN_POINT('',(-0.00453246656747819,-0.00417992610200868,0.10375));
#11390=CARTESIAN_POINT('',(-0.00561218384008616,-0.00474677781814431,0.10375));
#11391=CARTESIAN_POINT('',(-0.0090706002646194,-0.00570276252180338,0.10375));
#11392=CARTESIAN_POINT('',(-0.0115283015741407,-0.00570276252180338,0.10375));
#11393=CARTESIAN_POINT('',(-0.0109374506465717,-0.00524265297652761,0.10375));
#11394=CARTESIAN_POINT('',(-0.00252623115107417,0.00580862390447191,0.10375));
#11395=CARTESIAN_POINT('',(-0.00252623115107417,0.00363063742108611,0.10375));
#11396=CARTESIAN_POINT('',(-0.00252623115107417,0.00661689519424791,0.10375));
#11397=CARTESIAN_POINT('',(-0.00162225671728636,0.00132803876413974,0.10375));
#11398=CARTESIAN_POINT('',(-0.00172027022413446,0.00156701268892069,0.10375));
#11399=CARTESIAN_POINT('',(-0.00248883386437461,0.00344090410917945,0.10375));
#11400=CARTESIAN_POINT('',(-0.000792466431381338,0.00248421242878662,0.10375));
#11401=CARTESIAN_POINT('',(-0.000953039146099484,0.00578487523605377,0.10375));
#11402=CARTESIAN_POINT('',(-0.000758258134907227,0.00178104158142155,0.10375));
#11403=CARTESIAN_POINT('',(-0.00111486520243998,0.0062274406433065,0.10375));
#11404=CARTESIAN_POINT('',(-0.00123420639149743,0.0064912473251279,0.10375));
#11405=CARTESIAN_POINT('',(-0.000996894606708108,0.00596666369229474,0.10375));
#11406=CARTESIAN_POINT('',(-0.00213910877084451,0.00743032792325738,0.10375));
#11407=CARTESIAN_POINT('',(-0.00167519401263672,0.00697294705484921,0.10375));
#11408=CARTESIAN_POINT('',(-0.00133872316837815,0.00664121514889401,0.10375));
#11409=CARTESIAN_POINT('',(-0.00202623115107417,0.00661689519424791,0.10375));
#11410=CARTESIAN_POINT('',(-0.00168976030681561,0.00628516328829272,0.10375));
#11411=CARTESIAN_POINT('',(-0.00145244852202628,0.00576057965545956,0.10375));
#11412=CARTESIAN_POINT('',(-0.00125766751083402,0.00175674600082734,0.10375));
#11413=CARTESIAN_POINT('',(-0.00202623115107417,0.00363063742108611,0.10375));
#11414=CARTESIAN_POINT('',(-0.00436279499388063,0.00557599270880222,0.10375));
#11415=CARTESIAN_POINT('',(-0.00416750679777751,0.00574763920734732,0.10375));
#11416=CARTESIAN_POINT('',(-0.00426861813300896,0.00581833692448801,0.103));
#11417=CARTESIAN_POINT('',(-0.00373748384495703,0.00814580723260279,0.10375));
#11418=CARTESIAN_POINT('',(-0.00395177881876429,0.00820624934889041,0.10375));
#11419=CARTESIAN_POINT('',(-0.00339050118465964,0.00804794041878593,0.10375));
#11420=CARTESIAN_POINT('',(-0.00458750878517882,0.00714169927248659,0.10375));
#11421=CARTESIAN_POINT('',(-0.00458750878517882,0.00628438349311452,0.10375));
#11422=CARTESIAN_POINT('',(-0.00458750878517882,0.0077250244781521,0.10375));
#11423=CARTESIAN_POINT('',(-0.0120154977450461,-0.00115026959406859,0.10375));
#11424=CARTESIAN_POINT('',(-0.00391392038433761,0.00544795380390123,0.));
#11425=CARTESIAN_POINT('',(-0.00302623115107417,0.00580862390447191,0.10375));
#11426=CARTESIAN_POINT('',(-0.00302623115107417,0.00756671554804761,0.10375));
#11427=CARTESIAN_POINT('',(-0.00302623115107417,0.00576370221389186,0.10375));
#11428=CARTESIAN_POINT('',(-0.00352623115107418,0.00576370221389186,0.10375));
#11429=CARTESIAN_POINT('',(-0.00408750878517882,0.0077250244781521,0.10375));
#11430=CARTESIAN_POINT('',(-0.00352623115107417,0.00756671554804761,0.10375));
#11431=CARTESIAN_POINT('',(-0.00408750878517882,0.00628438349311452,0.10375));
#11432=CARTESIAN_POINT('',(-0.00809924552913788,0.00669560635051858,0.10375));
#11433=CARTESIAN_POINT('',(-0.00842203197030622,0.00709974538176963,0.10375));
#11434=CARTESIAN_POINT('',(-0.00721788835956814,0.00559211875851553,0.10375));
#11435=CARTESIAN_POINT('',(-0.00910320051185644,0.00743326053026859,0.10375));
#11436=CARTESIAN_POINT('',(-0.0093030290790969,0.00690468168747927,0.10375));
#11437=CARTESIAN_POINT('',(-0.009280407857957,0.00696451847186769,0.10375));
#11438=CARTESIAN_POINT('',(-0.00919010860966105,0.00615852348787089,0.10375));
#11439=CARTESIAN_POINT('',(-0.00907427553983691,0.00576138190876403,0.10375));
#11440=CARTESIAN_POINT('',(-0.00931533490605686,0.00658787038484804,0.10375));
#11441=CARTESIAN_POINT('',(-0.00547184315380797,0.00334224175064104,0.10375));
#11442=CARTESIAN_POINT('',(-0.00787518321528696,0.00485709431811448,0.10375));
#11443=CARTESIAN_POINT('',(-0.00886088868094499,0.00547839568089615,0.10375));
#11444=CARTESIAN_POINT('',(-0.00859427557533067,0.00590138203045685,0.10375));
#11445=CARTESIAN_POINT('',(-0.00883533494155062,0.00672787050654086,0.10375));
#11446=CARTESIAN_POINT('',(-0.00881271372041071,0.00678770729092928,0.10375));
#11447=CARTESIAN_POINT('',(-0.00760857010967263,0.00528008066767518,0.10375));
#11448=CARTESIAN_POINT('',(-0.00528513706422268,0.00557599270880222,0.10375));
#11449=CARTESIAN_POINT('',(-0.00538858002139189,0.0058145289840563,0.));
#11450=CARTESIAN_POINT('',(-0.00545599218519749,0.00577197364572387,0.10375));
#11451=CARTESIAN_POINT('',(-0.00574855122282381,0.00863752731453197,0.10375));
#11452=CARTESIAN_POINT('',(-0.00646475865539986,0.00879147871409631,0.10375));
#11453=CARTESIAN_POINT('',(-0.00548243208837075,0.00858032403607319,0.10375));
#11454=CARTESIAN_POINT('',(-0.0072097794504244,0.0086991762751285,0.10375));
#11455=CARTESIAN_POINT('',(-0.00780163342723452,0.00859658813665274,0.10375));
#11456=CARTESIAN_POINT('',(-0.00665522880757842,0.00879529849508337,0.10375));
#11457=CARTESIAN_POINT('',(-0.00838921684675871,0.0083302836683469,0.10375));
#11458=CARTESIAN_POINT('',(-0.00810054205699098,0.00847217475799851,0.10375));
#11459=CARTESIAN_POINT('',(-0.00793679951119288,0.00855265843398668,0.10375));
#11460=CARTESIAN_POINT('',(-0.00770856377903339,0.00700764444135893,0.10375));
#11461=CARTESIAN_POINT('',(-0.00664383372032688,0.00567456808005937,0.10375));
#11462=CARTESIAN_POINT('',(-0.00827066426776662,0.00771141237584884,0.10375));
#11463=CARTESIAN_POINT('',(-0.00625450688197989,0.0053978289844779,0.10375));
#11464=CARTESIAN_POINT('',(-0.00635362528729992,0.00545977805754876,0.10375));
#11465=CARTESIAN_POINT('',(-0.00651815165476919,0.00556260715298801,0.10375));
#11466=CARTESIAN_POINT('',(-0.00581610678232635,0.00545802768738894,0.10375));
#11467=CARTESIAN_POINT('',(-0.00576005806241695,0.00550689065830346,0.10375));
#11468=CARTESIAN_POINT('',(-0.00508750878517882,0.00714169927248659,0.10375));
#11469=CARTESIAN_POINT('',(-0.00508750878517882,0.00809148982308488,0.10375));
#11470=CARTESIAN_POINT('',(-0.00508750878517882,0.00627325259031415,0.10375));
#11471=CARTESIAN_POINT('',(-0.00608862560275311,0.00588377707546047,0.10375));
#11472=CARTESIAN_POINT('',(-0.00625315197022239,0.00598660617089972,0.10375));
#11473=CARTESIAN_POINT('',(-0.00787998251766213,0.00802345046668919,0.10375));
#11474=CARTESIAN_POINT('',(-0.00771623997186404,0.00810393414267736,0.10375));
#11475=CARTESIAN_POINT('',(-0.00656983535220793,0.00830264450110799,0.10375));
#11476=CARTESIAN_POINT('',(-0.00558750878517882,0.00809148982308488,0.10375));
#11477=CARTESIAN_POINT('',(-0.00558750878517882,0.00627325259031415,0.10375));
#11478=CARTESIAN_POINT('',(-0.00565578602116431,-0.00112548346097304,0.10375));
#11479=CARTESIAN_POINT('',(-0.00576496643823679,-0.00136144879005314,0.10375));
#11480=CARTESIAN_POINT('',(-0.0057551974821476,-0.00136572783952365,0.10375));
#11481=CARTESIAN_POINT('',(-0.00447017526956374,-0.00189746113675886,0.10375));
#11482=CARTESIAN_POINT('',(-0.00387242255738713,-0.00214480707168854,0.10375));
#11483=CARTESIAN_POINT('',(-0.00699090182151904,-0.000794212336407709,0.10375));
#11484=CARTESIAN_POINT('',(-0.00806718276779814,-0.000296220520999814,0.10375));
#11485=CARTESIAN_POINT('',(-0.00889498740434647,-0.00025,0.10375));
#11486=CARTESIAN_POINT('',(-0.00964217737576466,-0.00025,0.10375));
#11487=CARTESIAN_POINT('',(-0.00827714510832214,-0.00025,0.10375));
#11488=CARTESIAN_POINT('',(-0.0101141147531355,-0.000292822486056645,0.10375));
#11489=CARTESIAN_POINT('',(-0.0102786055929103,-0.00030854196350939,0.10375));
#11490=CARTESIAN_POINT('',(-0.00968974289927842,-0.000252267621132739,0.10375));
#11491=CARTESIAN_POINT('',(-0.0106888751675084,-0.000569652876192647,0.10375));
#11492=CARTESIAN_POINT('',(-0.0107148065184943,-0.000599109978796673,0.10375));
#11493=CARTESIAN_POINT('',(-0.0106063393187939,-0.000475895055190281,0.10375));
#11494=CARTESIAN_POINT('',(-0.010124408687453,-0.00164474775422227,0.10375));
#11495=CARTESIAN_POINT('',(-0.00928163198554486,-0.00215594024690263,0.10375));
#11496=CARTESIAN_POINT('',(-0.0105988134559309,-0.0013569940045178,0.10375));
#11497=CARTESIAN_POINT('',(-0.00760049195052865,-0.0028047101286955,0.10375));
#11498=CARTESIAN_POINT('',(-0.00613592813518275,-0.00336224657857941,0.10375));
#11499=CARTESIAN_POINT('',(-0.00920021406285584,-0.00219572103722526,0.10375));
#11500=CARTESIAN_POINT('',(-0.000841459772443587,-0.0301627533208768,0.10375));
#11501=CARTESIAN_POINT('',(-0.00400552867004135,-0.00310343194495246,0.));
#11502=CARTESIAN_POINT('',(-0.00586582824406658,-0.00338638450851424,0.103));
#11503=CARTESIAN_POINT('',(-0.00595803987103788,-0.00289496104972203,0.10375));
#11504=CARTESIAN_POINT('',(-0.00902232579871097,-0.00172843550836787,0.10375));
#11505=CARTESIAN_POINT('',(-0.010339507269097,-0.000929489265983043,0.10375));
#11506=CARTESIAN_POINT('',(-0.0102310400693966,-0.000806274342376651,0.10375));
#11507=CARTESIAN_POINT('',(-0.00964217737576466,-0.00075,0.10375));
#11508=CARTESIAN_POINT('',(-0.00827714510832214,-0.00075,0.10375));
#11509=CARTESIAN_POINT('',(-0.00406359844389344,-0.00260681549197817,0.10375));
#11510=CARTESIAN_POINT('',(-0.0104061995860364,-0.00257192970804257,0.10375));
#11511=CARTESIAN_POINT('',(-0.011307712574804,-0.00250007702227146,0.10375));
#11512=CARTESIAN_POINT('',(-0.00947976204584457,-0.00264576893863753,0.10375));
#11513=CARTESIAN_POINT('',(-0.0120105620921549,-0.00266304824989014,0.10375));
#11514=CARTESIAN_POINT('',(-0.0121178176983456,-0.00269269613097602,0.10375));
#11515=CARTESIAN_POINT('',(-0.0114806533073556,-0.00251656944849159,0.10375));
#11516=CARTESIAN_POINT('',(-0.0124846021542022,-0.00306580596904226,0.10375));
#11517=CARTESIAN_POINT('',(-0.0124846021542022,-0.00322315771940693,0.10375));
#11518=CARTESIAN_POINT('',(-0.0124846021542022,-0.00317462311590069,0.10375));
#11519=CARTESIAN_POINT('',(-0.0122679721027106,-0.00364891801138166,0.10375));
#11520=CARTESIAN_POINT('',(-0.0121575398692085,-0.00376242760700484,0.10375));
#11521=CARTESIAN_POINT('',(-0.0123429801661927,-0.00357181973414579,0.10375));
#11522=CARTESIAN_POINT('',(-0.0112124531114887,-0.0040057094273275,0.10375));
#11523=CARTESIAN_POINT('',(-0.0104156614971962,-0.00412322954530373,0.10375));
#11524=CARTESIAN_POINT('',(-0.011872118415785,-0.00390841429646126,0.10375));
#11525=CARTESIAN_POINT('',(-0.00850470639826884,-0.00384121144360256,0.10375));
#11526=CARTESIAN_POINT('',(-0.00878776335985346,-0.00388644410655256,0.10375));
#11527=CARTESIAN_POINT('',(-0.0102638056989234,-0.00412231650922839,0.10375));
#11528=CARTESIAN_POINT('',(-0.00777838021467353,-0.00327199565755288,0.10375));
#11529=CARTESIAN_POINT('',(-0.00934159897010788,-0.00267690282092495,0.10375));
#11530=CARTESIAN_POINT('',(-0.0086887743354144,-0.00292542290957524,0.10375));
#11531=CARTESIAN_POINT('',(-0.00886666259955928,-0.00339270843843262,0.10375));
#11532=CARTESIAN_POINT('',(-0.0103427049386292,-0.00362858084110845,0.10375));
#11533=CARTESIAN_POINT('',(-0.011799161857218,-0.00341376559226599,0.10375));
#11534=CARTESIAN_POINT('',(-0.0119846021542022,-0.00322315771940693,0.10375));
#11535=CARTESIAN_POINT('',(-0.0119846021542022,-0.00317462311590069,0.10375));
#11536=CARTESIAN_POINT('',(-0.0113474377632122,-0.00299849643341626,0.10375));
#11537=CARTESIAN_POINT('',(-0.00951948723425275,-0.00314418834978234,0.10375));
#11538=CARTESIAN_POINT('',(-0.0054875392419902,0.00508114127023192,0.10375));
#11539=CARTESIAN_POINT('',(-0.00559332952095916,0.00498891387712365,0.10375));
#11540=CARTESIAN_POINT('',(-0.00533642812371535,0.00521287912595923,0.10375));
#11541=CARTESIAN_POINT('',(-0.00576476198062301,0.00455301301553845,0.10375));
#11542=CARTESIAN_POINT('',(-0.00576476198062301,0.00432527693627268,0.10375));
#11543=CARTESIAN_POINT('',(-0.00576476198062301,0.00461202745996664,0.10375));
#11544=CARTESIAN_POINT('',(-0.00479861234593298,0.00222017316258576,0.10375));
#11545=CARTESIAN_POINT('',(-0.00442383560269646,0.00144817803379958,0.10375));
#11546=CARTESIAN_POINT('',(-0.00571456008770536,0.00410691562361604,0.10375));
#11547=CARTESIAN_POINT('',(-0.00291302344121939,0.000279059220561923,0.10375));
#11548=CARTESIAN_POINT('',(-0.00265598673071384,9.25816129960189E-05,0.10375));
#11549=CARTESIAN_POINT('',(-0.00426765129708289,0.00126182841803069,0.10375));
#11550=CARTESIAN_POINT('',(-0.00208485943058681,0.00113830545223308,0.10375));
#11551=CARTESIAN_POINT('',(-0.00297339440424124,0.00330470778582593,0.10375));
#11552=CARTESIAN_POINT('',(-0.00189977021594461,0.000687025853328196,0.10375));
#11553=CARTESIAN_POINT('',(-0.003471759414292,0.00401527779992164,0.10375));
#11554=CARTESIAN_POINT('',(-0.00396498389168741,0.0046946246491322,0.10375));
#11555=CARTESIAN_POINT('',(-0.00303138954589687,0.00340873068741559,0.10375));
#11556=CARTESIAN_POINT('',(-0.0120154977450461,-0.00115026959406859,0.10375));
#11557=CARTESIAN_POINT('',(-0.00431840790894023,0.00515277491412249,0.));
#11558=CARTESIAN_POINT('',(-0.00506319641443618,0.00533599270880222,0.10375));
#11559=CARTESIAN_POINT('',(-0.00500786058337919,0.00533599270880222,0.10375));
#11560=CARTESIAN_POINT('',(-0.00470525288356499,0.00533599270880222,0.10375));
#11561=CARTESIAN_POINT('',(-0.00470525288356499,0.00483599270880222,0.10375));
#11562=CARTESIAN_POINT('',(-0.00343599711754168,0.00311497447391928,0.10375));
#11563=CARTESIAN_POINT('',(-0.00236237292924505,0.000497292541421542,0.10375));
#11564=CARTESIAN_POINT('',(-0.00397403749561411,0.00166653934645621,0.10375));
#11565=CARTESIAN_POINT('',(-0.00526476198062301,0.00432527693627268,0.10375));
#11566=CARTESIAN_POINT('',(-0.00526476198062301,0.00461202745996664,0.10375));
#11567=CARTESIAN_POINT('',(-0.00500786058337919,0.00483599270880222,0.10375));
#11568=CARTESIAN_POINT('',(-0.00796656906390355,0.00209560079875685,0.10375));
#11569=CARTESIAN_POINT('',(-0.0079418349916764,0.00183677996174587,0.10375));
#11570=CARTESIAN_POINT('',(-0.00787614997815899,0.00185182961725027,0.10375));
#11571=CARTESIAN_POINT('',(-0.00309426554667482,-0.00220706753080745,0.10375));
#11572=CARTESIAN_POINT('',(-0.00294274047522568,-0.00199578536704928,0.10375));
#11573=CARTESIAN_POINT('',(-0.00299485408569152,-0.00196682315225685,0.10375));
#11574=CARTESIAN_POINT('',(-0.00118798193465436,-0.00213596842571657,0.10375));
#11575=CARTESIAN_POINT('',(-0.00168932717341945,-0.00127863588306781,0.10375));
#11576=CARTESIAN_POINT('',(-0.00124736171444065,-0.0020344251903375,0.10375));
#11577=CARTESIAN_POINT('',(-0.00320663724268818,-0.0001256517078636,0.10375));
#11578=CARTESIAN_POINT('',(-0.00465354501324118,0.000924065660875488,0.10375));
#11579=CARTESIAN_POINT('',(-0.0018273320559864,-0.00112632406635082,0.10375));
#11580=CARTESIAN_POINT('',(-0.00618657198025775,0.00163951532613619,0.10375));
#11581=CARTESIAN_POINT('',(-0.00700822164288794,0.00201728526842911,0.10375));
#11582=CARTESIAN_POINT('',(-0.0047382922168984,0.000973639603779202,0.10375));
#11583=CARTESIAN_POINT('',(-0.00748838661851136,0.00199565797402275,0.10375));
#11584=CARTESIAN_POINT('',(-0.0073909710979006,0.00203179113076638,0.10375));
#11585=CARTESIAN_POINT('',(-0.00834401294400334,0.00179834604492564,0.10375));
#11586=CARTESIAN_POINT('',(-0.00822929488445506,0.00180930901376306,0.10375));
#11587=CARTESIAN_POINT('',(-0.00865814165778217,0.00146540978800414,0.10375));
#11588=CARTESIAN_POINT('',(-0.00868302552898806,0.00137263178960048,0.10375));
#11589=CARTESIAN_POINT('',(-0.00866466092249504,0.0014411031065349,0.10375));
#11590=CARTESIAN_POINT('',(-0.00838146266283669,0.000690031853070376,0.10375));
#11591=CARTESIAN_POINT('',(-0.00802874111635923,0.000285014650874507,0.10375));
#11592=CARTESIAN_POINT('',(-0.00857715107388796,0.000914733671084217,0.10375));
#11593=CARTESIAN_POINT('',(-0.00678093948099503,-0.000340432857407522,0.10375));
#11594=CARTESIAN_POINT('',(-0.00556878115552067,-0.000901294709651297,0.10375));
#11595=CARTESIAN_POINT('',(-0.00786164635042961,0.000159606818751486,0.10375));
#11596=CARTESIAN_POINT('',(-0.00427899938305742,-0.00143545271646923,0.10375));
#11597=CARTESIAN_POINT('',(-0.00554999470150298,-0.000909523650940742,0.10375));
#11598=CARTESIAN_POINT('',(-0.00228993230323282,-0.00246395931578358,0.10375));
#11599=CARTESIAN_POINT('',(-0.00197037476664778,-0.00269313615542715,0.10375));
#11600=CARTESIAN_POINT('',(-0.00535881881499666,-0.000447515230651111,0.10375));
#11601=CARTESIAN_POINT('',(-0.0076516840099056,0.000613386297751672,0.10375));
#11602=CARTESIAN_POINT('',(-0.00820009396743433,0.00124310531796138,0.10375));
#11603=CARTESIAN_POINT('',(-0.0081817293609413,0.0013115766348958,0.10375));
#11604=CARTESIAN_POINT('',(-0.00721708824069951,0.00156300039709987,0.10375));
#11605=CARTESIAN_POINT('',(-0.00494715881470997,0.000519354732449965,0.10375));
#11606=CARTESIAN_POINT('',(-0.00212094585745518,-0.00153103499477634,0.10375));
#11607=CARTESIAN_POINT('',(-0.00167898039847638,-0.00228682430204604,0.10375));
#11608=CARTESIAN_POINT('',(0.00162225671728636,0.00132803876413973,0.10375));
#11609=CARTESIAN_POINT('',(0.00248883386437461,0.00344090410917945,0.10375));
#11610=CARTESIAN_POINT('',(0.00172027022413446,0.00156701268892069,0.10375));
#11611=CARTESIAN_POINT('',(0.00252623115107417,0.00580862390447191,0.10375));
#11612=CARTESIAN_POINT('',(0.00252623115107417,0.00661689519424791,0.10375));
#11613=CARTESIAN_POINT('',(0.00252623115107417,0.00363063742108611,0.10375));
#11614=CARTESIAN_POINT('',(0.00147837411224933,0.00677889921445075,0.10375));
#11615=CARTESIAN_POINT('',(0.00133872316837815,0.00664121514889401,0.10375));
#11616=CARTESIAN_POINT('',(0.00167519401263672,0.00697294705484921,0.10375));
#11617=CARTESIAN_POINT('',(0.00111486520243998,0.0062274406433065,0.10375));
#11618=CARTESIAN_POINT('',(0.000996894606708108,0.00596666369229474,0.10375));
#11619=CARTESIAN_POINT('',(0.00123420639149744,0.0064912473251279,0.10375));
#11620=CARTESIAN_POINT('',(0.000792466431381339,0.00248421242878663,0.10375));
#11621=CARTESIAN_POINT('',(0.000758258134907227,0.00178104158142154,0.10375));
#11622=CARTESIAN_POINT('',(0.000953039146099485,0.00578487523605377,0.10375));
#11623=CARTESIAN_POINT('',(0.00125766751083402,0.00175674600082734,0.10375));
#11624=CARTESIAN_POINT('',(0.00145244852202628,0.00576057965545956,0.10375));
#11625=CARTESIAN_POINT('',(0.00168976030681561,0.00628516328829272,0.10375));
#11626=CARTESIAN_POINT('',(0.00202623115107417,0.00661689519424791,0.10375));
#11627=CARTESIAN_POINT('',(0.00202623115107417,0.00363063742108611,0.10375));
#11628=CARTESIAN_POINT('',(0.0056557860211643,-0.00112548346097305,0.10375));
#11629=CARTESIAN_POINT('',(0.00575519748214759,-0.00136572783952366,0.10375));
#11630=CARTESIAN_POINT('',(0.00576496643823678,-0.00136144879005314,0.10375));
#11631=CARTESIAN_POINT('',(0.0106888751675084,-0.000569652876192648,0.10375));
#11632=CARTESIAN_POINT('',(0.0106063393187939,-0.000475895055190283,0.10375));
#11633=CARTESIAN_POINT('',(0.0107148065184943,-0.000599109978796674,0.10375));
#11634=CARTESIAN_POINT('',(0.0101141147531355,-0.000292822486056646,0.10375));
#11635=CARTESIAN_POINT('',(0.00968974289927842,-0.00025226762113274,0.10375));
#11636=CARTESIAN_POINT('',(0.0102786055929103,-0.000308541963509391,0.10375));
#11637=CARTESIAN_POINT('',(0.00889498740434647,-0.00025,0.10375));
#11638=CARTESIAN_POINT('',(0.00827714510832214,-0.00025,0.10375));
#11639=CARTESIAN_POINT('',(0.00964217737576466,-0.00025,0.10375));
#11640=CARTESIAN_POINT('',(0.00699090182151904,-0.00079421233640771,0.10375));
#11641=CARTESIAN_POINT('',(0.00806718276779814,-0.000296220520999814,0.10375));
#11642=CARTESIAN_POINT('',(0.00447017526956374,-0.00189746113675886,0.10375));
#11643=CARTESIAN_POINT('',(0.00387242255738712,-0.00214480707168855,0.10375));
#11644=CARTESIAN_POINT('',(0.000841459772443567,-0.0301627533208768,0.10375));
#11645=CARTESIAN_POINT('',(0.00586582824406658,-0.00338638450851424,0.));
#11646=CARTESIAN_POINT('',(0.00400552867004134,-0.00310343194495246,0.103));
#11647=CARTESIAN_POINT('',(0.00760049195052865,-0.0028047101286955,0.10375));
#11648=CARTESIAN_POINT('',(0.00920021406285584,-0.00219572103722526,0.10375));
#11649=CARTESIAN_POINT('',(0.00613592813518275,-0.00336224657857942,0.10375));
#11650=CARTESIAN_POINT('',(0.010124408687453,-0.00164474775422227,0.10375));
#11651=CARTESIAN_POINT('',(0.0105988134559309,-0.0013569940045178,0.10375));
#11652=CARTESIAN_POINT('',(0.00928163198554486,-0.00215594024690263,0.10375));
#11653=CARTESIAN_POINT('',(0.010339507269097,-0.000929489265983044,0.10375));
#11654=CARTESIAN_POINT('',(0.00902232579871097,-0.00172843550836788,0.10375));
#11655=CARTESIAN_POINT('',(0.00595803987103788,-0.00289496104972203,0.10375));
#11656=CARTESIAN_POINT('',(0.00406359844389344,-0.00260681549197817,0.10375));
#11657=CARTESIAN_POINT('',(0.00827714510832214,-0.00075,0.10375));
#11658=CARTESIAN_POINT('',(0.00964217737576466,-0.00075,0.10375));
#11659=CARTESIAN_POINT('',(0.0102310400693966,-0.000806274342376652,0.10375));
#11660=CARTESIAN_POINT('',(0.00309426554667481,-0.00220706753080745,0.10375));
#11661=CARTESIAN_POINT('',(0.00299485408569152,-0.00196682315225685,0.10375));
#11662=CARTESIAN_POINT('',(0.00294274047522568,-0.00199578536704928,0.10375));
#11663=CARTESIAN_POINT('',(0.00796656906390355,0.00209560079875685,0.10375));
#11664=CARTESIAN_POINT('',(0.00787614997815899,0.00185182961725027,0.10375));
#11665=CARTESIAN_POINT('',(0.0079418349916764,0.00183677996174587,0.10375));
#11666=CARTESIAN_POINT('',(0.00320663724268818,-0.000125651707863601,0.10375));
#11667=CARTESIAN_POINT('',(0.0018273320559864,-0.00112632406635082,0.10375));
#11668=CARTESIAN_POINT('',(0.00465354501324118,0.000924065660875486,0.10375));
#11669=CARTESIAN_POINT('',(0.00118798193465436,-0.00213596842571657,0.10375));
#11670=CARTESIAN_POINT('',(0.00124736171444065,-0.0020344251903375,0.10375));
#11671=CARTESIAN_POINT('',(0.00168932717341945,-0.00127863588306781,0.10375));
#11672=CARTESIAN_POINT('',(0.00228993230323282,-0.00246395931578358,0.10375));
#11673=CARTESIAN_POINT('',(0.00197037476664778,-0.00269313615542715,0.10375));
#11674=CARTESIAN_POINT('',(0.00427899938305742,-0.00143545271646923,0.10375));
#11675=CARTESIAN_POINT('',(0.00554999470150297,-0.000909523650940747,0.10375));
#11676=CARTESIAN_POINT('',(0.00678093948099503,-0.000340432857407524,0.10375));
#11677=CARTESIAN_POINT('',(0.00786164635042961,0.000159606818751485,0.10375));
#11678=CARTESIAN_POINT('',(0.00556878115552066,-0.000901294709651302,0.10375));
#11679=CARTESIAN_POINT('',(0.00838146266283669,0.000690031853070375,0.10375));
#11680=CARTESIAN_POINT('',(0.00857715107388796,0.000914733671084216,0.10375));
#11681=CARTESIAN_POINT('',(0.00802874111635923,0.000285014650874507,0.10375));
#11682=CARTESIAN_POINT('',(0.00865814165778217,0.00146540978800414,0.10375));
#11683=CARTESIAN_POINT('',(0.00866466092249504,0.0014411031065349,0.10375));
#11684=CARTESIAN_POINT('',(0.00868302552898806,0.00137263178960048,0.10375));
#11685=CARTESIAN_POINT('',(0.00834401294400334,0.00179834604492564,0.10375));
#11686=CARTESIAN_POINT('',(0.00822929488445506,0.00180930901376306,0.10375));
#11687=CARTESIAN_POINT('',(0.00748838661851136,0.00199565797402275,0.10375));
#11688=CARTESIAN_POINT('',(0.0073909710979006,0.00203179113076638,0.10375));
#11689=CARTESIAN_POINT('',(0.00598091814253268,0.00154496184191638,0.10375));
#11690=CARTESIAN_POINT('',(0.0047382922168984,0.0009736396037792,0.10375));
#11691=CARTESIAN_POINT('',(0.00700822164288794,0.00201728526842911,0.10375));
#11692=CARTESIAN_POINT('',(0.00721708824069951,0.00156300039709987,0.10375));
#11693=CARTESIAN_POINT('',(0.0081817293609413,0.0013115766348958,0.10375));
#11694=CARTESIAN_POINT('',(0.00820009396743433,0.00124310531796138,0.10375));
#11695=CARTESIAN_POINT('',(0.0076516840099056,0.000613386297751672,0.10375));
#11696=CARTESIAN_POINT('',(0.00535881881499665,-0.000447515230651115,0.10375));
#11697=CARTESIAN_POINT('',(0.00167898039847638,-0.00228682430204604,0.10375));
#11698=CARTESIAN_POINT('',(0.00212094585745518,-0.00153103499477634,0.10375));
#11699=CARTESIAN_POINT('',(0.00494715881470997,0.000519354732449963,0.10375));
#11700=CARTESIAN_POINT('',(0.00659422650447295,-0.00377896070281493,0.10375));
#11701=CARTESIAN_POINT('',(0.00653883704484333,-0.00403299221220292,0.10375));
#11702=CARTESIAN_POINT('',(0.00655319889982593,-0.0040357032502373,0.10375));
#11703=CARTESIAN_POINT('',(0.00721843405689748,-0.00570953257389933,0.10375));
#11704=CARTESIAN_POINT('',(0.00893738472047605,-0.00618468950672806,0.10375));
#11705=CARTESIAN_POINT('',(0.0054789682959428,-0.00522870480306899,0.10375));
#11706=CARTESIAN_POINT('',(0.0109098545771289,-0.00620276252180338,0.10375));
#11707=CARTESIAN_POINT('',(0.0115283015741407,-0.00620276252180338,0.10375));
#11708=CARTESIAN_POINT('',(0.00907060026461941,-0.00620276252180338,0.10375));
#11709=CARTESIAN_POINT('',(0.0118949074179968,-0.00535452590168933,0.10375));
#11710=CARTESIAN_POINT('',(0.0112446533773022,-0.00484815775192826,0.10375));
#11711=CARTESIAN_POINT('',(0.0118355043048712,-0.00530826729720403,0.10375));
#11712=CARTESIAN_POINT('',(0.00842580715856302,-0.0043349471117225,0.10375));
#11713=CARTESIAN_POINT('',(0.0110163498862775,-0.00474891730840767,0.10375));
#11714=CARTESIAN_POINT('',(0.000841459772443567,-0.0301627533208768,0.10375));
#11715=CARTESIAN_POINT('',(0.0046027883844461,-0.00368489595943318,0.));
#11716=CARTESIAN_POINT('',(0.00456465852347355,-0.00476154476508481,0.10375));
#11717=CARTESIAN_POINT('',(0.00537976684301548,-0.00518947674458603,0.10375));
#11718=CARTESIAN_POINT('',(0.00430004957040754,-0.0046226250284504,0.10375));
#11719=CARTESIAN_POINT('',(0.00453246656747822,-0.00417992610200869,0.10375));
#11720=CARTESIAN_POINT('',(0.0109374506465717,-0.00524265297652761,0.10375));
#11721=CARTESIAN_POINT('',(0.0115283015741407,-0.00570276252180338,0.10375));
#11722=CARTESIAN_POINT('',(0.00907060026461941,-0.00570276252180338,0.10375));
#11723=CARTESIAN_POINT('',(0.00561218384008616,-0.00474677781814431,0.10375));
#11724=CARTESIAN_POINT('',(0.0124846021542022,-0.00306580596904226,0.10375));
#11725=CARTESIAN_POINT('',(0.0124846021542022,-0.00317462311590069,0.10375));
#11726=CARTESIAN_POINT('',(0.0124846021542022,-0.00322315771940693,0.10375));
#11727=CARTESIAN_POINT('',(0.0120105620921549,-0.00266304824989014,0.10375));
#11728=CARTESIAN_POINT('',(0.0114806533073556,-0.00251656944849159,0.10375));
#11729=CARTESIAN_POINT('',(0.0121178176983456,-0.00269269613097602,0.10375));
#11730=CARTESIAN_POINT('',(0.0104061995860364,-0.00257192970804257,0.10375));
#11731=CARTESIAN_POINT('',(0.00947976204584458,-0.00264576893863753,0.10375));
#11732=CARTESIAN_POINT('',(0.011307712574804,-0.00250007702227147,0.10375));
#11733=CARTESIAN_POINT('',(0.00777838021467353,-0.00327199565755289,0.10375));
#11734=CARTESIAN_POINT('',(0.0086887743354144,-0.00292542290957524,0.10375));
#11735=CARTESIAN_POINT('',(0.00934159897010788,-0.00267690282092495,0.10375));
#11736=CARTESIAN_POINT('',(0.00850470639826884,-0.00384121144360256,0.10375));
#11737=CARTESIAN_POINT('',(0.0102638056989234,-0.00412231650922839,0.10375));
#11738=CARTESIAN_POINT('',(0.00878776335985346,-0.00388644410655256,0.10375));
#11739=CARTESIAN_POINT('',(0.0112124531114887,-0.00400570942732751,0.10375));
#11740=CARTESIAN_POINT('',(0.011872118415785,-0.00390841429646127,0.10375));
#11741=CARTESIAN_POINT('',(0.0104156614971962,-0.00412322954530373,0.10375));
#11742=CARTESIAN_POINT('',(0.0122679721027106,-0.00364891801138166,0.10375));
#11743=CARTESIAN_POINT('',(0.0123429801661927,-0.00357181973414579,0.10375));
#11744=CARTESIAN_POINT('',(0.0121575398692085,-0.00376242760700484,0.10375));
#11745=CARTESIAN_POINT('',(0.011799161857218,-0.00341376559226599,0.10375));
#11746=CARTESIAN_POINT('',(0.0103427049386292,-0.00362858084110845,0.10375));
#11747=CARTESIAN_POINT('',(0.00886666259955928,-0.00339270843843262,0.10375));
#11748=CARTESIAN_POINT('',(0.00951948723425275,-0.00314418834978234,0.10375));
#11749=CARTESIAN_POINT('',(0.0113474377632122,-0.00299849643341627,0.10375));
#11750=CARTESIAN_POINT('',(0.0119846021542022,-0.00317462311590069,0.10375));
#11751=CARTESIAN_POINT('',(0.0119846021542022,-0.00322315771940693,0.10375));
#11752=CARTESIAN_POINT('',(0.00436279499388063,0.00557599270880222,0.10375));
#11753=CARTESIAN_POINT('',(0.00426861813300896,0.00581833692448801,0.));
#11754=CARTESIAN_POINT('',(0.00416750679777751,0.00574763920734732,0.10375));
#11755=CARTESIAN_POINT('',(0.00373748384495704,0.00814580723260279,0.10375));
#11756=CARTESIAN_POINT('',(0.00339050118465964,0.00804794041878593,0.10375));
#11757=CARTESIAN_POINT('',(0.00395177881876429,0.00820624934889041,0.10375));
#11758=CARTESIAN_POINT('',(0.00302623115107417,0.00580862390447191,0.10375));
#11759=CARTESIAN_POINT('',(0.00302623115107417,0.00576370221389186,0.10375));
#11760=CARTESIAN_POINT('',(0.00302623115107417,0.00756671554804761,0.10375));
#11761=CARTESIAN_POINT('',(0.0120154977450461,-0.0011502695940686,0.10375));
#11762=CARTESIAN_POINT('',(0.0039139203843376,0.00544795380390123,0.103));
#11763=CARTESIAN_POINT('',(0.00458750878517882,0.00714169927248659,0.10375));
#11764=CARTESIAN_POINT('',(0.00458750878517882,0.0077250244781521,0.10375));
#11765=CARTESIAN_POINT('',(0.00458750878517882,0.00628438349311452,0.10375));
#11766=CARTESIAN_POINT('',(0.00352623115107418,0.00576370221389186,0.10375));
#11767=CARTESIAN_POINT('',(0.00352623115107417,0.00756671554804761,0.10375));
#11768=CARTESIAN_POINT('',(0.00408750878517882,0.0077250244781521,0.10375));
#11769=CARTESIAN_POINT('',(0.00408750878517882,0.00628438349311452,0.10375));
#11770=CARTESIAN_POINT('',(0.00528513706422269,0.00557599270880222,0.10375));
#11771=CARTESIAN_POINT('',(0.00545599218519749,0.00577197364572387,0.10375));
#11772=CARTESIAN_POINT('',(0.00538858002139189,0.0058145289840563,0.103));
#11773=CARTESIAN_POINT('',(0.00581610678232635,0.00545802768738894,0.10375));
#11774=CARTESIAN_POINT('',(0.00576005806241695,0.00550689065830346,0.10375));
#11775=CARTESIAN_POINT('',(0.00625450688197989,0.0053978289844779,0.10375));
#11776=CARTESIAN_POINT('',(0.00651815165476919,0.00556260715298801,0.10375));
#11777=CARTESIAN_POINT('',(0.00635362528729992,0.00545977805754876,0.10375));
#11778=CARTESIAN_POINT('',(0.00770856377903339,0.00700764444135893,0.10375));
#11779=CARTESIAN_POINT('',(0.00827066426776662,0.00771141237584884,0.10375));
#11780=CARTESIAN_POINT('',(0.00664383372032688,0.00567456808005937,0.10375));
#11781=CARTESIAN_POINT('',(0.00838921684675871,0.0083302836683469,0.10375));
#11782=CARTESIAN_POINT('',(0.00793679951119288,0.00855265843398667,0.10375));
#11783=CARTESIAN_POINT('',(0.00810054205699098,0.00847217475799851,0.10375));
#11784=CARTESIAN_POINT('',(0.0072097794504244,0.0086991762751285,0.10375));
#11785=CARTESIAN_POINT('',(0.00665522880757841,0.00879529849508336,0.10375));
#11786=CARTESIAN_POINT('',(0.00780163342723453,0.00859658813665274,0.10375));
#11787=CARTESIAN_POINT('',(0.00574855122282381,0.00863752731453197,0.10375));
#11788=CARTESIAN_POINT('',(0.00548243208837075,0.00858032403607319,0.10375));
#11789=CARTESIAN_POINT('',(0.00646475865539985,0.0087914787140963,0.10375));
#11790=CARTESIAN_POINT('',(0.00508750878517883,0.00714169927248659,0.10375));
#11791=CARTESIAN_POINT('',(0.00508750878517883,0.00627325259031415,0.10375));
#11792=CARTESIAN_POINT('',(0.00508750878517883,0.00809148982308488,0.10375));
#11793=CARTESIAN_POINT('',(0.00558750878517882,0.00809148982308488,0.10375));
#11794=CARTESIAN_POINT('',(0.00656983535220792,0.00830264450110799,0.10375));
#11795=CARTESIAN_POINT('',(0.00771623997186404,0.00810393414267736,0.10375));
#11796=CARTESIAN_POINT('',(0.00787998251766213,0.00802345046668919,0.10375));
#11797=CARTESIAN_POINT('',(0.00625315197022239,0.00598660617089972,0.10375));
#11798=CARTESIAN_POINT('',(0.00608862560275311,0.00588377707546047,0.10375));
#11799=CARTESIAN_POINT('',(0.00558750878517882,0.00627325259031415,0.10375));
#11800=CARTESIAN_POINT('',(0.00576476198062301,0.00455301301553845,0.10375));
#11801=CARTESIAN_POINT('',(0.00576476198062301,0.00461202745996664,0.10375));
#11802=CARTESIAN_POINT('',(0.00576476198062301,0.00432527693627268,0.10375));
#11803=CARTESIAN_POINT('',(0.0054875392419902,0.00508114127023192,0.10375));
#11804=CARTESIAN_POINT('',(0.00533642812371535,0.00521287912595923,0.10375));
#11805=CARTESIAN_POINT('',(0.00559332952095916,0.00498891387712365,0.10375));
#11806=CARTESIAN_POINT('',(0.00459789042669066,0.00533599270880222,0.10375));
#11807=CARTESIAN_POINT('',(0.00470525288356499,0.00533599270880222,0.10375));
#11808=CARTESIAN_POINT('',(0.00500786058337919,0.00533599270880222,0.10375));
#11809=CARTESIAN_POINT('',(0.0120154977450461,-0.0011502695940686,0.10375));
#11810=CARTESIAN_POINT('',(0.00396498389168741,0.0046946246491322,0.10375));
#11811=CARTESIAN_POINT('',(0.00431840790894024,0.0051527749141225,0.103));
#11812=CARTESIAN_POINT('',(0.003471759414292,0.00401527779992164,0.10375));
#11813=CARTESIAN_POINT('',(0.00303138954589687,0.00340873068741559,0.10375));
#11814=CARTESIAN_POINT('',(0.00208485943058681,0.00113830545223308,0.10375));
#11815=CARTESIAN_POINT('',(0.00189977021594461,0.000687025853328197,0.10375));
#11816=CARTESIAN_POINT('',(0.00297339440424124,0.00330470778582594,0.10375));
#11817=CARTESIAN_POINT('',(0.00291302344121939,0.000279059220561922,0.10375));
#11818=CARTESIAN_POINT('',(0.00426765129708289,0.00126182841803069,0.10375));
#11819=CARTESIAN_POINT('',(0.00265598673071384,9.25816129960193E-05,0.10375));
#11820=CARTESIAN_POINT('',(0.00552267816196289,0.00371166187682253,0.10375));
#11821=CARTESIAN_POINT('',(0.00571456008770537,0.00410691562361604,0.10375));
#11822=CARTESIAN_POINT('',(0.00442383560269646,0.00144817803379958,0.10375));
#11823=CARTESIAN_POINT('',(0.00397403749561411,0.00166653934645621,0.10375));
#11824=CARTESIAN_POINT('',(0.00236237292924505,0.000497292541421542,0.10375));
#11825=CARTESIAN_POINT('',(0.00343599711754169,0.00311497447391928,0.10375));
#11826=CARTESIAN_POINT('',(0.00470525288356499,0.00483599270880222,0.10375));
#11827=CARTESIAN_POINT('',(0.00500786058337919,0.00483599270880222,0.10375));
#11828=CARTESIAN_POINT('',(0.00526476198062301,0.00461202745996664,0.10375));
#11829=CARTESIAN_POINT('',(0.00526476198062301,0.00432527693627268,0.10375));
#11830=CARTESIAN_POINT('',(0.00722422960381383,0.00444679085525814,0.10375));
#11831=CARTESIAN_POINT('',(0.00886088868094499,0.00547839568089614,0.10375));
#11832=CARTESIAN_POINT('',(0.00787518321528694,0.00485709431811447,0.10375));
#11833=CARTESIAN_POINT('',(0.00919010860966105,0.00615852348787089,0.10375));
#11834=CARTESIAN_POINT('',(0.00931533490605686,0.00658787038484804,0.10375));
#11835=CARTESIAN_POINT('',(0.0090742755398369,0.00576138190876402,0.10375));
#11836=CARTESIAN_POINT('',(0.00910320051185644,0.00743326053026859,0.10375));
#11837=CARTESIAN_POINT('',(0.009280407857957,0.00696451847186769,0.10375));
#11838=CARTESIAN_POINT('',(0.0093030290790969,0.00690468168747927,0.10375));
#11839=CARTESIAN_POINT('',(0.00809924552913788,0.00669560635051858,0.10375));
#11840=CARTESIAN_POINT('',(0.00721788835956813,0.00559211875851551,0.10375));
#11841=CARTESIAN_POINT('',(0.00842203197030622,0.00709974538176963,0.10375));
#11842=CARTESIAN_POINT('',(0.00881271372041071,0.00678770729092928,0.10375));
#11843=CARTESIAN_POINT('',(0.00883533494155062,0.00672787050654086,0.10375));
#11844=CARTESIAN_POINT('',(0.00859427557533066,0.00590138203045684,0.10375));
#11845=CARTESIAN_POINT('',(0.00760857010967262,0.00528008066767516,0.10375));
#11846=CARTESIAN_POINT('',(-0.00032878335206264,0.00632807334026664,0.025));
#11847=CARTESIAN_POINT('',(-0.000444138762488397,0.00606280041894376,0.025));
#11848=CARTESIAN_POINT('',(-0.000213427941636884,0.00659334626158953,0.025));
#11849=CARTESIAN_POINT('',(-0.000213427936244985,0.00659334624754091,0.002));
#11850=CARTESIAN_POINT('',(-0.000213427936244985,0.00659334624754091,0.));
#11851=CARTESIAN_POINT('',(-8.24946543245183E-05,0.0062521987990932,0.002));
#11852=CARTESIAN_POINT('',(-8.24946543245183E-05,0.0062521987990932,0.));
#11853=CARTESIAN_POINT('',(-4.12473271622589E-05,0.00597422492809079,0.002));
#11854=CARTESIAN_POINT('',(-4.12473271622589E-05,0.00597422492809079,0.));
#11855=CARTESIAN_POINT('',(1.74397390605075E-19,0.00569625105708838,0.002));
#11856=CARTESIAN_POINT('',(1.74397390605075E-19,0.00569625105708838,0.));
#11857=CARTESIAN_POINT('',(3.46099768880117E-19,0.00569625105708837,0.025));
#11858=CARTESIAN_POINT('',(0.00021342793624498,0.00659334624754089,0.002));
#11859=CARTESIAN_POINT('',(0.00021342793624498,0.00659334624754089,0.));
#11860=CARTESIAN_POINT('',(8.24946543245178E-05,0.00625219879909319,0.002));
#11861=CARTESIAN_POINT('',(8.24946543245178E-05,0.00625219879909319,0.));
#11862=CARTESIAN_POINT('',(4.12473271622587E-05,0.00597422492809079,0.002));
#11863=CARTESIAN_POINT('',(4.12473271622587E-05,0.00597422492809079,0.));
#11864=CARTESIAN_POINT('',(1.79787415265143E-19,0.00569625105708838,0.002));
#11865=CARTESIAN_POINT('',(1.79787415265143E-19,0.00569625105708838,0.));
#11866=CARTESIAN_POINT('',(0.000213427941636885,0.00659334626158953,0.025));
#11867=CARTESIAN_POINT('',(0.000328783352062641,0.00632807334026664,0.025));
#11868=CARTESIAN_POINT('',(0.000444138762488398,0.00606280041894375,0.025));
#11869=CARTESIAN_POINT('',(0.000274941815479588,0.00258486164786801,0.025));
#11870=CARTESIAN_POINT('',(0.00010574486847078,-0.00089307712320774,0.025));
#11871=CARTESIAN_POINT('',(0.000264668706432197,-0.00142631587071612,0.025));
#11872=CARTESIAN_POINT('',(0.000423592544393613,-0.0019595546182245,0.025));
#11873=CARTESIAN_POINT('',(0.000290559299173765,-0.00234300328884274,0.025));
#11874=CARTESIAN_POINT('',(0.000157526053953916,-0.00272645195946098,0.025));
#11875=CARTESIAN_POINT('',(7.87630269769577E-05,-0.00260906980838627,0.025));
#11876=CARTESIAN_POINT('',(-1.62630325872826E-19,-0.00249168765731156,0.025));
#11877=CARTESIAN_POINT('',(-7.8763026976958E-05,-0.00260906980838627,0.025));
#11878=CARTESIAN_POINT('',(-0.000157526053953916,-0.00272645195946098,0.025));
#11879=CARTESIAN_POINT('',(-0.000290559299173765,-0.00234300328884274,0.025));
#11880=CARTESIAN_POINT('',(-0.000423592544393614,-0.0019595546182245,0.025));
#11881=CARTESIAN_POINT('',(-0.000264668706432197,-0.00142631587071612,0.025));
#11882=CARTESIAN_POINT('',(-0.00010574486847078,-0.000893077123207733,0.025));
#11883=CARTESIAN_POINT('',(-0.000274941815479588,0.00258486164786801,0.025));
#11884=CARTESIAN_POINT('',(0.00039757598084669,-0.00547526325500641,0.025));
#11885=CARTESIAN_POINT('',(0.000600690254941583,-0.00603458285331726,0.025));
#11886=CARTESIAN_POINT('',(0.000194461706751797,-0.00491594365669556,0.025));
#11887=CARTESIAN_POINT('',(-3.93023287525996E-19,-0.00422094436362385,0.025));
#11888=CARTESIAN_POINT('',(-0.000194461706751798,-0.00491594365669556,0.025));
#11889=CARTESIAN_POINT('',(-0.000397575980846691,-0.00547526325500641,0.025));
#11890=CARTESIAN_POINT('',(-0.000600690254941584,-0.00603458285331726,0.025));
#11891=CARTESIAN_POINT('',(-0.000892611569724978,-0.0067364361602813,0.025));
#11892=CARTESIAN_POINT('',(-0.00118453288450837,-0.00743828946724534,0.025));
#11893=CARTESIAN_POINT('',(-0.00171868677716703,-0.00794759928248823,0.025));
#11894=CARTESIAN_POINT('',(-0.00225284066982567,-0.00845690909773111,0.025));
#11895=CARTESIAN_POINT('',(-0.00231495150364936,-0.00822088727727532,0.025));
#11896=CARTESIAN_POINT('',(-0.00237706233747304,-0.00798486545681953,0.025));
#11897=CARTESIAN_POINT('',(-0.00220126911517992,-0.00793860421031236,0.025));
#11898=CARTESIAN_POINT('',(-0.0020254758928868,-0.00789234296380519,0.025));
#11899=CARTESIAN_POINT('',(-0.00182860370478421,-0.00780196032933413,0.025));
#11900=CARTESIAN_POINT('',(-0.00163173151668162,-0.00771157769486308,0.025));
#11901=CARTESIAN_POINT('',(-0.00101546271579939,-0.00626687855661674,0.025));
#11902=CARTESIAN_POINT('',(-0.000399193914917173,-0.0048221794183704,0.025));
#11903=CARTESIAN_POINT('',(-4.66566029964017E-19,-0.00422094436362386,0.025));
#11904=CARTESIAN_POINT('',(0.000399193914917171,-0.00482217941837041,0.025));
#11905=CARTESIAN_POINT('',(0.00101546271579939,-0.00626687855661674,0.025));
#11906=CARTESIAN_POINT('',(0.00163173151668161,-0.00771157769486308,0.025));
#11907=CARTESIAN_POINT('',(0.0018286037047842,-0.00780196032933413,0.025));
#11908=CARTESIAN_POINT('',(0.0020254758928868,-0.00789234296380519,0.025));
#11909=CARTESIAN_POINT('',(0.00220126911517992,-0.00793860421031236,0.025));
#11910=CARTESIAN_POINT('',(0.00237706233747304,-0.00798486545681953,0.025));
#11911=CARTESIAN_POINT('',(0.00231495150364936,-0.00822088727727532,0.025));
#11912=CARTESIAN_POINT('',(0.00225284066982567,-0.00845690909773111,0.025));
#11913=CARTESIAN_POINT('',(0.00171868677716702,-0.00794759928248823,0.025));
#11914=CARTESIAN_POINT('',(0.00118453288450837,-0.00743828946724534,0.025));
#11915=CARTESIAN_POINT('',(0.000892611569724977,-0.0067364361602813,0.025));
#11916=CARTESIAN_POINT('',(-0.0140620952544146,-0.00225178991124897,0.0515));
#11917=CARTESIAN_POINT('',(-0.0133137074306654,-0.00220264049351186,0.0515));
#11918=CARTESIAN_POINT('',(-0.0133378210124223,-0.00244653801107677,0.));
#11919=CARTESIAN_POINT('',(-0.0127246021542022,-0.00352373612111652,0.104375));
#11920=CARTESIAN_POINT('',(-0.0133596021542022,-0.00352373612111652,0.104375));
#11921=CARTESIAN_POINT('',(-0.0131797422294301,-0.00396653687983487,0.104375));
#11922=CARTESIAN_POINT('',(-0.0127246021542022,-0.00261142473559764,0.104375));
#11923=CARTESIAN_POINT('',(-0.0133596021542022,-0.00261142473559764,0.104375));
#11924=CARTESIAN_POINT('',(-0.0128408594878412,-0.00644276252180338,0.104375));
#11925=CARTESIAN_POINT('',(-0.0134758594878412,-0.00644276252180338,0.104375));
#11926=CARTESIAN_POINT('',(-0.0133579584793476,-0.00681131866811353,0.103));
#11927=CARTESIAN_POINT('',(-0.0128408594878412,-0.00578697488550064,0.104375));
#11928=CARTESIAN_POINT('',(-0.013231006955869,-0.00528596595025946,0.104375));
#11929=CARTESIAN_POINT('',(-0.0134758594878412,-0.00578697488550064,0.104375));
#11930=CARTESIAN_POINT('',(-0.012895133623694,-0.00425907653717466,0.104375));
#11931=CARTESIAN_POINT('',(-0.0130554477045724,-0.0040942950606426,0.104375));
#11932=CARTESIAN_POINT('',(-0.0133596021542022,-0.00306580596904226,0.104375));
#11933=CARTESIAN_POINT('',(-0.014132472106376,-0.00797852313616367,0.002));
#11934=CARTESIAN_POINT('',(-0.014132472106376,-0.00797852313616367,0.));
#11935=CARTESIAN_POINT('',(-0.0144264858998867,-0.00791273605182169,0.002));
#11936=CARTESIAN_POINT('',(-0.0144264858998867,-0.00791273605182169,0.));
#11937=CARTESIAN_POINT('',(-0.0149405816721746,-0.00772232149396462,0.00200000000000001));
#11938=CARTESIAN_POINT('',(-0.0149405816721746,-0.00772232149396462,7.37257477290143E-18));
#11939=CARTESIAN_POINT('',(-0.015300501505958,-0.00742214184723804,0.00199999999999998));
#11940=CARTESIAN_POINT('',(-0.015300501505958,-0.00742214184723804,-2.38524477946811E-17));
#11941=CARTESIAN_POINT('',(-0.0154867048601369,-0.00701522932772694,0.00200000000000001));
#11942=CARTESIAN_POINT('',(-0.0154867048601369,-0.00701522932772694,6.07153216591882E-18));
#11943=CARTESIAN_POINT('',(-0.015675005915677,-0.00616409633243959,0.002));
#11944=CARTESIAN_POINT('',(-0.015675005915677,-0.00616409633243959,-1.30104260698261E-18));
#11945=CARTESIAN_POINT('',(-0.0157945925762368,-0.00517406909172531,0.002));
#11946=CARTESIAN_POINT('',(-0.0157945925762368,-0.00517406909172531,4.33680868994202E-19));
#11947=CARTESIAN_POINT('',(-0.015734667268424,-0.0041079596961057,0.002));
#11948=CARTESIAN_POINT('',(-0.015734667268424,-0.0041079596961057,0.));
#11949=CARTESIAN_POINT('',(-0.0153816880367057,-0.00302058648584639,0.002));
#11950=CARTESIAN_POINT('',(-0.0153816880367057,-0.00302058648584639,4.33680868994202E-19));
#11951=CARTESIAN_POINT('',(-0.0149442771056921,-0.00223781053680676,0.002));
#11952=CARTESIAN_POINT('',(-0.0149442771056921,-0.00223781053680676,0.));
#11953=CARTESIAN_POINT('',(-0.0146933000271932,-0.00184672135554331,0.002));
#11954=CARTESIAN_POINT('',(-0.0146933000271932,-0.00184672135554331,0.));
#11955=CARTESIAN_POINT('',(-0.014132472106376,-0.00797852313616367,0.));
#11956=CARTESIAN_POINT('',(-0.0146933000271932,-0.00184672135554332,0.103));
#11957=CARTESIAN_POINT('',(-0.0134758594878412,-0.00611742510918942,0.104375));
#11958=CARTESIAN_POINT('',(-0.0124325121967753,-0.00466415925864046,0.104375));
#11959=CARTESIAN_POINT('',(-0.0131322106264623,-0.0052090309196499,0.104375));
#11960=CARTESIAN_POINT('',(-0.0139687053197096,-0.00724662120312552,0.0515));
#11961=CARTESIAN_POINT('',(-0.0140620952544146,-0.00225178991124897,0.0515));
#11962=CARTESIAN_POINT('',(-0.0142779725678346,-0.00153353021897147,0.0515));
#11963=CARTESIAN_POINT('',(-0.0135930147225582,-0.00461728808275088,0.104375));
#11964=CARTESIAN_POINT('',(-0.0135295847440853,-0.00148438080123436,0.0515));
#11965=CARTESIAN_POINT('',(-0.0130936735943291,-0.00209469340107007,0.103));
#11966=CARTESIAN_POINT('',(-0.0111451871523261,-0.000724788344368053,0.104375));
#11967=CARTESIAN_POINT('',(-0.0116822515644805,-0.000385986311910676,0.));
#11968=CARTESIAN_POINT('',(-0.0117801871523261,-0.000724788344368053,0.104375));
#11969=CARTESIAN_POINT('',(-0.0141320860885695,-0.00103773538270326,0.002));
#11970=CARTESIAN_POINT('',(-0.0141320860885695,-0.00103773538270326,4.33680868994202E-19));
#11971=CARTESIAN_POINT('',(-0.0137420241668789,-0.000511562220503304,0.002));
#11972=CARTESIAN_POINT('',(-0.0137420241668789,-0.000511562220503304,4.33680868994202E-19));
#11973=CARTESIAN_POINT('',(-0.0133089139550907,1.48548871729192E-05,0.002));
#11974=CARTESIAN_POINT('',(-0.0133089139550907,1.48548871729192E-05,4.33680868994202E-19));
#11975=CARTESIAN_POINT('',(-0.0128830873981197,0.000505670187830562,0.002));
#11976=CARTESIAN_POINT('',(-0.0128830873981197,0.000505670187830562,4.33680868994202E-19));
#11977=CARTESIAN_POINT('',(-0.0141320860885695,-0.00103773538270326,0.));
#11978=CARTESIAN_POINT('',(-0.0128830873981197,0.000505670187830558,0.103));
#11979=CARTESIAN_POINT('',(-0.0127246021542022,-0.00261142473559764,0.104375));
#11980=CARTESIAN_POINT('',(-0.0128937858952643,-0.0019993774647433,0.104375));
#11981=CARTESIAN_POINT('',(-0.0117801871523261,-0.00101646484108642,0.104375));
#11982=CARTESIAN_POINT('',(-0.0117801871523261,-0.0011207443571647,0.104375));
#11983=CARTESIAN_POINT('',(-0.0122436892944057,-0.00181967602627195,0.104375));
#11984=CARTESIAN_POINT('',(-0.0123303638361111,-0.00184363483455171,0.104375));
#11985=CARTESIAN_POINT('',(-0.0123165796103324,1.41735689446264E-05,0.0515));
#11986=CARTESIAN_POINT('',(-0.0125301871523261,-0.0011207443571647,0.104375));
#11987=CARTESIAN_POINT('',(-0.0135295847440853,-0.00148438080123436,0.0515));
#11988=CARTESIAN_POINT('',(0.0117051344318661,0.00171059760387559,0.002));
#11989=CARTESIAN_POINT('',(0.0117051344318661,0.00171059760387559,0.));
#11990=CARTESIAN_POINT('',(0.0114508326548552,0.00192358634775096,0.002));
#11991=CARTESIAN_POINT('',(0.0114508326548552,0.00192358634775096,0.));
#11992=CARTESIAN_POINT('',(0.0112174308853014,0.00207146766344008,0.002));
#11993=CARTESIAN_POINT('',(0.0112174308853014,0.00207146766344008,0.));
#11994=CARTESIAN_POINT('',(0.0110452023522412,0.00214068369967089,0.002));
#11995=CARTESIAN_POINT('',(0.0110452023522412,0.00214068369967089,0.));
#11996=CARTESIAN_POINT('',(0.0110452023522412,0.00214068369967088,0.));
#11997=CARTESIAN_POINT('',(0.0117051344318661,0.00171059760387559,0.103));
#11998=CARTESIAN_POINT('',(0.0106772635161565,0.00218956742932941,0.00199999999999999));
#11999=CARTESIAN_POINT('',(0.0106772635161565,0.00218956742932941,-2.77555756156289E-17));
#12000=CARTESIAN_POINT('',(0.0105766672273169,0.00217764567956014,0.00199999999999999));
#12001=CARTESIAN_POINT('',(0.0105766672273169,0.00217764567956014,-2.73218947466347E-17));
#12002=CARTESIAN_POINT('',(0.0104727686837237,0.00214779276736544,0.002));
#12003=CARTESIAN_POINT('',(0.0104727686837237,0.00214779276736544,-1.38777878078145E-17));
#12004=CARTESIAN_POINT('',(0.0102953801820547,0.00213201237481158,0.002));
#12005=CARTESIAN_POINT('',(0.0102953801820547,0.00213201237481158,-1.38777878078145E-17));
#12006=CARTESIAN_POINT('',(0.0102953801820572,0.00213201237481181,-2.08166817117217E-17));
#12007=CARTESIAN_POINT('',(0.0106772635161565,0.00218956742932941,0.103));
#12008=CARTESIAN_POINT('',(0.0101973544192846,0.000578209176961061,0.104375));
#12009=CARTESIAN_POINT('',(0.0106533796821146,0.000534629371260311,0.104375));
#12010=CARTESIAN_POINT('',(0.0103058942613243,0.00056783662611261,0.104375));
#12011=CARTESIAN_POINT('',(0.0105929714672521,-9.74907499011098E-05,0.104375));
#12012=CARTESIAN_POINT('',(0.0108820902158224,0.000467872274380799,0.));
#12013=CARTESIAN_POINT('',(0.00901690227108156,0.00105424423604622,0.104375));
#12014=CARTESIAN_POINT('',(0.00964059618801371,0.00117353756352869,0.));
#12015=CARTESIAN_POINT('',(0.00963353316099667,0.0012058732095391,0.103));
#12016=CARTESIAN_POINT('',(0.0107655289644674,0.00144477939865593,0.0515));
#12017=CARTESIAN_POINT('',(0.010377242546595,0.0013144351944135,0.104375));
#12018=CARTESIAN_POINT('',(0.0112235690527163,0.00113562387786337,0.0515));
#12019=CARTESIAN_POINT('',(0.0103618373616838,0.0013849625483102,0.0515));
#12020=CARTESIAN_POINT('',(0.0135295847440853,-0.00148438080123435,0.0515));
#12021=CARTESIAN_POINT('',(0.0133137074306654,-0.00220264049351186,0.0515));
#12022=CARTESIAN_POINT('',(0.0130936735943291,-0.00209469340107007,0.));
#12023=CARTESIAN_POINT('',(0.0111451871523261,-0.000724788344368054,0.104375));
#12024=CARTESIAN_POINT('',(0.0117801871523261,-0.000724788344368054,0.104375));
#12025=CARTESIAN_POINT('',(0.0116822515644805,-0.00038598631191068,0.103));
#12026=CARTESIAN_POINT('',(0.0141320860885695,-0.00103773538270324,0.00199999999999999));
#12027=CARTESIAN_POINT('',(0.0141320860885695,-0.00103773538270324,-1.34441069388203E-17));
#12028=CARTESIAN_POINT('',(0.0137420241668789,-0.000511562220503297,0.00199999999999998));
#12029=CARTESIAN_POINT('',(0.0137420241668789,-0.000511562220503297,-2.12503625807159E-17));
#12030=CARTESIAN_POINT('',(0.0133089139550907,1.48548871729049E-05,0.002));
#12031=CARTESIAN_POINT('',(0.0133089139550907,1.48548871729049E-05,4.33680868994202E-19));
#12032=CARTESIAN_POINT('',(0.0128830873981197,0.000505670187830538,0.002));
#12033=CARTESIAN_POINT('',(0.0128830873981197,0.000505670187830538,4.33680868994202E-19));
#12034=CARTESIAN_POINT('',(0.0128830873981199,0.000505670187830683,0.));
#12035=CARTESIAN_POINT('',(0.0141320860885695,-0.00103773538270325,0.103));
#12036=CARTESIAN_POINT('',(0.0127246021542022,-0.00261142473559764,0.104375));
#12037=CARTESIAN_POINT('',(0.0128937858952643,-0.0019993774647433,0.104375));
#12038=CARTESIAN_POINT('',(0.0122436892944057,-0.00181967602627195,0.104375));
#12039=CARTESIAN_POINT('',(0.0123303638361111,-0.00184363483455171,0.104375));
#12040=CARTESIAN_POINT('',(0.0117801871523261,-0.00101646484108642,0.104375));
#12041=CARTESIAN_POINT('',(0.0117801871523261,-0.0011207443571647,0.104375));
#12042=CARTESIAN_POINT('',(0.0125301871523261,-0.0011207443571647,0.104375));
#12043=CARTESIAN_POINT('',(0.0123165796103326,1.41735689447529E-05,0.0515));
#12044=CARTESIAN_POINT('',(0.0135295847440853,-0.00148438080123435,0.0515));
#12045=CARTESIAN_POINT('',(0.0142779725678346,-0.00153353021897148,0.0515));
#12046=CARTESIAN_POINT('',(0.0140620952544146,-0.00225178991124897,0.0515));
#12047=CARTESIAN_POINT('',(0.0133378210124223,-0.00244653801107677,0.103));
#12048=CARTESIAN_POINT('',(0.0127246021542022,-0.00261142473559764,0.104375));
#12049=CARTESIAN_POINT('',(0.0133596021542022,-0.00261142473559764,0.104375));
#12050=CARTESIAN_POINT('',(0.0127246021542022,-0.00352373612111652,0.104375));
#12051=CARTESIAN_POINT('',(0.0131797422294301,-0.00396653687983487,0.104375));
#12052=CARTESIAN_POINT('',(0.0133596021542022,-0.00352373612111652,0.104375));
#12053=CARTESIAN_POINT('',(0.0128408594878412,-0.00578697488550064,0.104375));
#12054=CARTESIAN_POINT('',(0.0134758594878412,-0.00578697488550064,0.104375));
#12055=CARTESIAN_POINT('',(0.013231006955869,-0.00528596595025946,0.104375));
#12056=CARTESIAN_POINT('',(0.0128408594878412,-0.00644276252180338,0.104375));
#12057=CARTESIAN_POINT('',(0.0133579584793476,-0.00681131866811353,0.));
#12058=CARTESIAN_POINT('',(0.0134758594878412,-0.00644276252180338,0.104375));
#12059=CARTESIAN_POINT('',(0.0133596021542022,-0.00306580596904226,0.104375));
#12060=CARTESIAN_POINT('',(0.012895133623694,-0.00425907653717466,0.104375));
#12061=CARTESIAN_POINT('',(0.0130554477045724,-0.0040942950606426,0.104375));
#12062=CARTESIAN_POINT('',(0.0124325121967753,-0.00466415925864047,0.104375));
#12063=CARTESIAN_POINT('',(0.0131322106264623,-0.0052090309196499,0.104375));
#12064=CARTESIAN_POINT('',(0.0134758594878412,-0.00611742510918942,0.104375));
#12065=CARTESIAN_POINT('',(0.0141324721063759,-0.00797852313616368,0.002));
#12066=CARTESIAN_POINT('',(0.0141324721063759,-0.00797852313616368,-5.55111512312578E-17));
#12067=CARTESIAN_POINT('',(0.0144264858998867,-0.0079127360518217,0.002));
#12068=CARTESIAN_POINT('',(0.0144264858998867,-0.0079127360518217,-5.55111512312578E-17));
#12069=CARTESIAN_POINT('',(0.0149405816721746,-0.00772232149396463,0.002));
#12070=CARTESIAN_POINT('',(0.0149405816721746,-0.00772232149396463,-5.5944832100252E-17));
#12071=CARTESIAN_POINT('',(0.015300501505958,-0.00742214184723806,0.002));
#12072=CARTESIAN_POINT('',(0.015300501505958,-0.00742214184723806,-5.55111512312578E-17));
#12073=CARTESIAN_POINT('',(0.0154867048601369,-0.00701522932772696,0.002));
#12074=CARTESIAN_POINT('',(0.0154867048601369,-0.00701522932772696,-5.55111512312578E-17));
#12075=CARTESIAN_POINT('',(0.015675005915677,-0.00616409633243961,0.002));
#12076=CARTESIAN_POINT('',(0.015675005915677,-0.00616409633243961,-5.55111512312578E-17));
#12077=CARTESIAN_POINT('',(0.0157945925762368,-0.00517406909172534,0.002));
#12078=CARTESIAN_POINT('',(0.0157945925762368,-0.00517406909172534,-5.55111512312578E-17));
#12079=CARTESIAN_POINT('',(0.015734667268424,-0.0041079596961057,0.002));
#12080=CARTESIAN_POINT('',(0.015734667268424,-0.0041079596961057,-5.55111512312578E-17));
#12081=CARTESIAN_POINT('',(0.0153816880367058,-0.0030205864858464,0.002));
#12082=CARTESIAN_POINT('',(0.0153816880367058,-0.0030205864858464,-5.5944832100252E-17));
#12083=CARTESIAN_POINT('',(0.014944277105692,-0.00223781053680675,0.002));
#12084=CARTESIAN_POINT('',(0.014944277105692,-0.00223781053680675,-5.55111512312578E-17));
#12085=CARTESIAN_POINT('',(0.0146933000271932,-0.0018467213555433,0.002));
#12086=CARTESIAN_POINT('',(0.0146933000271932,-0.0018467213555433,-5.55111512312578E-17));
#12087=CARTESIAN_POINT('',(0.0146933000271932,-0.00184672135554331,-4.16333634234433E-17));
#12088=CARTESIAN_POINT('',(0.0141324721063759,-0.00797852313616367,0.103));
#12089=CARTESIAN_POINT('',(0.0135930147225582,-0.00461728808275088,0.104375));
#12090=CARTESIAN_POINT('',(0.0140620952544146,-0.00225178991124897,0.0515));
#12091=CARTESIAN_POINT('',(0.0139687053197096,-0.00724662120312552,0.0515));
#12092=CARTESIAN_POINT('',(-0.0117051344318661,0.00171059760387559,0.002));
#12093=CARTESIAN_POINT('',(-0.0117051344318661,0.00171059760387559,-5.55111512312578E-17));
#12094=CARTESIAN_POINT('',(-0.0114508326548552,0.00192358634775097,0.002));
#12095=CARTESIAN_POINT('',(-0.0114508326548552,0.00192358634775097,-5.55111512312578E-17));
#12096=CARTESIAN_POINT('',(-0.0112174308853013,0.00207146766344009,0.002));
#12097=CARTESIAN_POINT('',(-0.0112174308853013,0.00207146766344009,-5.55111512312578E-17));
#12098=CARTESIAN_POINT('',(-0.0110452023522412,0.0021406836996709,0.002));
#12099=CARTESIAN_POINT('',(-0.0110452023522412,0.0021406836996709,-5.55111512312578E-17));
#12100=CARTESIAN_POINT('',(-0.0117051344318661,0.00171059760387559,0.));
#12101=CARTESIAN_POINT('',(-0.0110452023522412,0.00214068369967089,0.103));
#12102=CARTESIAN_POINT('',(-0.0106772635161565,0.00218956742932941,0.002));
#12103=CARTESIAN_POINT('',(-0.0106772635161565,0.00218956742932941,-1.38777878078145E-17));
#12104=CARTESIAN_POINT('',(-0.0105766672273169,0.00217764567956014,0.002));
#12105=CARTESIAN_POINT('',(-0.0105766672273169,0.00217764567956014,-1.38777878078145E-17));
#12106=CARTESIAN_POINT('',(-0.0104727686837237,0.00214779276736549,0.00200000000000002));
#12107=CARTESIAN_POINT('',(-0.0104727686837237,0.00214779276736549,0.));
#12108=CARTESIAN_POINT('',(-0.0102953801820549,0.00213201237481161,0.00200000000000002));
#12109=CARTESIAN_POINT('',(-0.0102953801820549,0.00213201237481161,0.));
#12110=CARTESIAN_POINT('',(-0.0106772635161565,0.00218956742932941,0.));
#12111=CARTESIAN_POINT('',(-0.0102953801820572,0.00213201237481181,0.103));
#12112=CARTESIAN_POINT('',(-0.0101973544192846,0.000578209176961062,0.104375));
#12113=CARTESIAN_POINT('',(-0.0103058942613243,0.000567836626112611,0.104375));
#12114=CARTESIAN_POINT('',(-0.0106533796821146,0.000534629371260313,0.104375));
#12115=CARTESIAN_POINT('',(-0.00901690227108156,0.00105424423604622,0.104375));
#12116=CARTESIAN_POINT('',(-0.00963353316099667,0.0012058732095391,0.));
#12117=CARTESIAN_POINT('',(-0.00964059618801371,0.00117353756352869,0.103));
#12118=CARTESIAN_POINT('',(-0.0105929714672521,-9.74907499011086E-05,0.104375));
#12119=CARTESIAN_POINT('',(-0.0108820902158224,0.000467872274380803,0.103));
#12120=CARTESIAN_POINT('',(-0.0107655289644674,0.00144477939865593,0.0515));
#12121=CARTESIAN_POINT('',(-0.0103618373616838,0.00138496254831021,0.0515));
#12122=CARTESIAN_POINT('',(-0.010377242546595,0.0013144351944135,0.104375));
#12123=CARTESIAN_POINT('',(-0.0112235690527163,0.00113562387786338,0.0515));
#12124=MECHANICAL_DESIGN_GEOMETRIC_PRESENTATION_REPRESENTATION('',(#7061),#12125);
#12125=(
GEOMETRIC_REPRESENTATION_CONTEXT(3)
GLOBAL_UNCERTAINTY_ASSIGNED_CONTEXT((#12126))
GLOBAL_UNIT_ASSIGNED_CONTEXT((#12129,#12128,#12127))
REPRESENTATION_CONTEXT('Part 1','TOP_LEVEL_ASSEMBLY_PART')
);
#12126=UNCERTAINTY_MEASURE_WITH_UNIT(LENGTH_MEASURE(2.E-05),#12129,'DISTANCE_ACCURACY_VALUE','Maximum Tolerance applied to model');
#12127=(
NAMED_UNIT(*)
SI_UNIT($,.STERADIAN.)
SOLID_ANGLE_UNIT()
);
#12128=(
NAMED_UNIT(*)
PLANE_ANGLE_UNIT()
SI_UNIT($,.RADIAN.)
);
#12129=(
LENGTH_UNIT()
NAMED_UNIT(*)
SI_UNIT($,.METRE.)
);
#12130=PRODUCT_DEFINITION_SHAPE('','',#12131);
#12131=PRODUCT_DEFINITION('','',#12133,#12132);
#12132=PRODUCT_DEFINITION_CONTEXT('',#12139,'design');
#12133=PRODUCT_DEFINITION_FORMATION_WITH_SPECIFIED_SOURCE('','',#12135,.NOT_KNOWN.);
#12134=PRODUCT_RELATED_PRODUCT_CATEGORY('','',(#12135));
#12135=PRODUCT('Part 1','Part 1','Part 1',(#12137));
#12136=PRODUCT_CATEGORY('','');
#12137=PRODUCT_CONTEXT('',#12139,'mechanical');
#12138=APPLICATION_PROTOCOL_DEFINITION('international standard','ap242_managed_model_based_3d_engineering',2020,#12139);
#12139=APPLICATION_CONTEXT('managed model based 3d engineering');
ENDSEC;
END-ISO-10303-21;
